index,is input,flow ID,flow name,flow category,flow unit,flow type,location ID,location name,location code
0,false,075e433b-4be4-448e-9510-9a5029c1ce94,Water,Elementary flows/Emission to air/unspecified,m3,elementary,,,
1,true,4624deff-2016-41d4-b2bf-3db8dab88779,"Transformation, to industrial area",Elementary flows/Resource/land,m2,elementary,,,
2,true,84b65d8f-2edd-4ddd-8f68-ca28d1c681b0,"Transformation, to lake, artificial",Elementary flows/Resource/land,m2,elementary,,,
3,true,8c1494a5-4987-4715-aa2d-1908c495f4eb,"Water, turbine use, unspecified natural origin",Elementary flows/Resource/in water,m3,elementary,,,
4,true,0930b6b8-d9c6-4462-966f-ac7495b63bed,"Transformation, from forest, unspecified",Elementary flows/Resource/land,m2,elementary,,,
5,true,c0dd7ccd-9e7a-42b3-b899-dfd18c2150ca,"Energy, potential (in hydropower reservoir), converted",Elementary flows/Resource/in water,MJ,elementary,,,
6,false,78eb1859-abd9-44c6-9ce3-f3b5b33d619c,"Carbon dioxide, from soil or biomass stock",Elementary flows/Emission to air/low population density,kg,elementary,,,
7,false,2404b41a-2eed-4e9d-8ab6-783946fdf5d6,Water,Elementary flows/Emission to water/unspecified,m3,elementary,,,
8,false,57bdb443-d4a6-423d-8024-959b8261d02e,"Methane, non-fossil",Elementary flows/Emission to air/low population density,kg,elementary,,,
9,true,9a9d71c7-79f7-42d0-af47-282d22a7cf07,"Volume occupied, reservoir",Elementary flows/Resource/in water,m3*a,elementary,,,
10,true,69dfa439-8e4e-4cae-bb0c-85a8aa8b9a73,"Occupation, lake, artificial",Elementary flows/Resource/land,m2*a,elementary,,,
11,false,4f0f15b3-b227-4cdc-b0b3-6412d55695d5,Water,Elementary flows/Emission to water/ocean,m3,elementary,,,
12,false,b967e1bf-f09b-4c89-8740-ace21db47bba,"Particulate Matter, > 2.5 um and < 10um",Elementary flows/Emission to air/unspecified,kg,elementary,,,
13,false,e620a933-c348-4e7e-8893-ab0a0f681c7e,"Hydrocarbons, unspecified",Elementary flows/Emission to water/unspecified,kg,elementary,,,
14,false,1c5a7322-9261-4d59-a692-adde6c12de92,Cadmium II,Elementary flows/Emission to air/unspecified,kg,elementary,,,
15,false,082903e4-45d8-4078-94cb-736b15279277,"Dioxins, measured as 2,3,7,8-tetrachlorodibenzo-p-dioxin",Elementary flows/Emission to air/unspecified,kg,elementary,,,
16,false,454c61fd-c52b-4a04-9731-f141bb7b5264,Selenium IV,Elementary flows/Emission to air/unspecified,kg,elementary,,,
17,false,a9ec0c9b-982a-4329-99ae-dab1f9fb62d3,Chromium VI,Elementary flows/Emission to water/unspecified,kg,elementary,,,
18,false,20839113-fbf2-4d2f-bab8-66861f86bc60,Vanadium V,Elementary flows/Emission to water/unspecified,kg,elementary,,,
19,false,ec8144d6-d123-43b1-9c17-a295422a0498,Copper ion,Elementary flows/Emission to air/unspecified,kg,elementary,,,
20,false,cec4a04d-562a-4a38-a98f-5fb3d07eea6b,"TOC, Total Organic Carbon",Elementary flows/Emission to water/unspecified,kg,elementary,,,
21,false,87883a4e-1e3e-4c9d-90c0-f1bea36f8014,Ammonia,Elementary flows/Emission to air/unspecified,kg,elementary,,,
22,false,dc6dbdaa-9f13-43a8-8af5-6603688c6ad0,Arsenic ion,Elementary flows/Emission to air/unspecified,kg,elementary,,,
23,false,30f484ee-dec4-47ae-8e92-d00d4b93fe05,Chromium III,Elementary flows/Emission to water/unspecified,kg,elementary,,,
24,false,5ce378a0-b48d-471c-977d-79681521efde,Zinc II,Elementary flows/Emission to air/unspecified,kg,elementary,,,
25,false,dcfe0815-6fa3-4e1d-a55e-155b29904f1d,Nitrogen,Elementary flows/Emission to water/unspecified,kg,elementary,,,
26,true,831f249e-53f2-49cf-a93c-7cee105f048e,"Water, unspecified natural origin",Elementary flows/Resource/in water,m3,elementary,,,
27,false,a4f6341b-1762-4222-9024-bfd91f63588f,"AOX, Adsorbable Organic Halides",Elementary flows/Emission to water/unspecified,kg,elementary,,,
28,false,31ba993d-f8aa-44c0-bae1-b6c2081144f6,Benzene,Elementary flows/Emission to water/unspecified,kg,elementary,,,
29,false,7c651713-83f5-56e1-a67f-37b828684f3d,Rhodium III,Elementary flows/Emission to air/unspecified,kg,elementary,,,
30,false,9325957a-bee5-4f2d-8bd1-458729c5e49e,Mercury II,Elementary flows/Emission to water/unspecified,kg,elementary,,,
31,false,6d25e386-4ef9-4d40-85c6-e694f523a4da,Chloride,Elementary flows/Emission to water/unspecified,kg,elementary,,,
32,false,2a7b68ff-f12a-44c6-8b31-71ec91d29889,Tin ion,Elementary flows/Emission to air/unspecified,kg,elementary,,,
33,false,a861cfae-a310-4e9d-b9eb-5d555c9a684c,Formaldehyde,Elementary flows/Emission to air/unspecified,kg,elementary,,,
34,false,6ec6cdaa-5a01-46d4-b716-1905e56690ea,Nickel II,Elementary flows/Emission to water/unspecified,kg,elementary,,,
35,false,28bca51a-6cc7-46af-961a-fd2b675a1376,Sulfate,Elementary flows/Emission to water/unspecified,kg,elementary,,,
36,false,8af1b210-ae85-4b60-9644-d5d180075037,Sulfide,Elementary flows/Emission to water/unspecified,kg,elementary,,,
37,false,6284e146-54b2-4067-a478-9b8ee24c6400,Selenium IV,Elementary flows/Emission to water/unspecified,kg,elementary,,,
38,false,693921ef-e02d-4072-add0-55aa4631b213,"Suspended solids, unspecified",Elementary flows/Emission to water/unspecified,kg,elementary,,,
39,false,c1b91234-6f24-417b-8309-46111d09c457,Nitrogen oxides,Elementary flows/Emission to air/unspecified,kg,elementary,,,
40,false,c6379349-6cf0-54c9-8bfe-2ec812501fda,Tellurium,Elementary flows/Emission to air/unspecified,kg,elementary,,,
41,false,f29a1f6e-0c76-4074-ba64-dcb724b2de9c,Platinum,Elementary flows/Emission to air/unspecified,kg,elementary,,,
42,false,f21b8022-f20d-4752-8cd6-728f56cf9c43,"PAH, polycyclic aromatic hydrocarbons",Elementary flows/Emission to water/unspecified,kg,elementary,,,
43,false,20557d93-2b1c-49b5-b6c0-3528a8bbc307,Beryllium II,Elementary flows/Emission to air/unspecified,kg,elementary,,,
44,false,51377cff-3c04-5717-8961-6819901a3e90,Palladium II,Elementary flows/Emission to air/unspecified,kg,elementary,,,
45,false,591b0a62-8064-4697-86ed-47bfa1f8b5e6,Vanadium V,Elementary flows/Emission to air/unspecified,kg,elementary,,,
46,false,615b1460-6860-4cf6-8678-ad92c03c5e8b,Copper ion,Elementary flows/Emission to water/unspecified,kg,elementary,,,
47,false,77927dac-dea3-429d-a434-d5a71d92c4f7,Antimony ion,Elementary flows/Emission to air/unspecified,kg,elementary,,,
48,false,fb005c47-7b90-41f3-a5ca-f0eb11db354a,Ammonium,Elementary flows/Emission to water/unspecified,kg,elementary,,,
49,false,f0e28a62-ddf9-4c93-af81-676a58c3f2d4,Cobalt II,Elementary flows/Emission to air/unspecified,kg,elementary,,,
50,false,e1bd008f-c3c2-47f1-ab60-35e1a842acc0,Arsenic ion,Elementary flows/Emission to water/unspecified,kg,elementary,,,
51,false,96b0e9d0-5bfc-4113-ac30-c9b8a310b534,Fluoride,Elementary flows/Emission to water/unspecified,kg,elementary,,,
52,false,0e1c17ae-8144-4714-a7cd-786a5480f423,Barium II,Elementary flows/Emission to water/unspecified,kg,elementary,,,
53,false,24541c8c-9f11-49ae-9de5-456f238a3f5e,Hydrogen fluoride,Elementary flows/Emission to air/unspecified,kg,elementary,,,
54,false,8e123669-94d3-41d8-9480-a79211fe7c43,Lead II,Elementary flows/Emission to air/unspecified,kg,elementary,,,
55,false,c9a8073a-8a19-5b9b-a120-7d549563b67b,Hydrochloric acid,Elementary flows/Emission to air/unspecified,kg,elementary,,,
56,false,4a15cd40-96e6-4912-8298-c0fa8f9e2aee,Boron,Elementary flows/Emission to water/unspecified,kg,elementary,,,
57,false,e142b577-e934-4085-9a07-3983d4d92afb,Chromium III,Elementary flows/Emission to air/unspecified,kg,elementary,,,
58,false,5ac961f0-8e53-42ff-b13f-1a7fb9133868,Sodium I,Elementary flows/Emission to water/unspecified,kg,elementary,,,
59,false,d3260d0e-8203-4cbb-a45a-6a13131a5108,"NMVOC, non-methane volatile organic compounds",Elementary flows/Emission to air/unspecified,kg,elementary,,,
60,false,3d59d864-b6c3-4315-ab21-2c2ba2119ad1,t-Butyl methyl ether,Elementary flows/Emission to water/unspecified,kg,elementary,,,
61,false,c4d10bd2-09da-4082-8cb3-022c92c53221,Cyanide,Elementary flows/Emission to water/unspecified,kg,elementary,,,
62,false,f2d84834-d0b3-42e5-b41a-f04cc80337a4,"Heat, waste",Elementary flows/Emission to air/unspecified,MJ,elementary,,,
63,false,a5506f4b-113f-4713-95c3-c819dde6e48b,Nickel II,Elementary flows/Emission to air/unspecified,kg,elementary,,,
64,false,20d4d821-f4f7-4017-8810-f822fcdf619e,Hydrogen sulfide,Elementary flows/Emission to air/unspecified,kg,elementary,,,
65,false,33627701-feca-434d-a192-674a450eaaf7,Cobalt II,Elementary flows/Emission to water/unspecified,kg,elementary,,,
66,false,71234253-b3a7-4dfe-b166-a484ad15bee7,Mercury II,Elementary flows/Emission to air/unspecified,kg,elementary,,,
67,false,28999907-a8a7-45b3-857e-836495ca2aa0,Benzene,Elementary flows/Emission to air/unspecified,kg,elementary,,,
68,false,21e46cb8-6233-4c99-bac3-c41d2ab99498,"Particulate Matter, < 2.5 um",Elementary flows/Emission to air/unspecified,kg,elementary,,,
69,false,ba2f3f82-c93a-47a5-822a-37ec97495275,"Carbon monoxide, fossil",Elementary flows/Emission to air/unspecified,kg,elementary,,,
70,false,2712fe5f-0d3c-4c8e-8bc4-26c604413849,Cadmium II,Elementary flows/Emission to water/unspecified,kg,elementary,,,
71,false,5c234628-ab1e-4284-ae2b-f1c2f6883f71,"Xylenes, unspecified",Elementary flows/Emission to air/unspecified,kg,elementary,,,
72,false,20185046-64bb-4c09-a8e7-e8a9e144ca98,Dinitrogen monoxide,Elementary flows/Emission to air/unspecified,kg,elementary,,,
73,false,3b1ecf8e-1d2c-4330-81da-a79f9068976d,Toluene,Elementary flows/Emission to air/unspecified,kg,elementary,,,
74,false,66020d27-7ae4-4e59-83a3-89214b72c40a,"Particulate Matter, > 10 um",Elementary flows/Emission to air/unspecified,kg,elementary,,,
75,false,18aa2daa-0188-4328-b24b-1ad1398ecf81,Thallium I,Elementary flows/Emission to air/unspecified,kg,elementary,,,
76,false,7880e65c-0321-4295-ba55-3186ad36e489,Aluminium III,Elementary flows/Emission to water/unspecified,kg,elementary,,,
77,false,5189de76-6bbb-44ba-8c42-5714f1b4371f,Nitrate,Elementary flows/Emission to water/unspecified,kg,elementary,,,
78,false,045f7de9-60d5-4916-a504-5a1002a6e97e,"Xylenes, unspecified",Elementary flows/Emission to water/unspecified,kg,elementary,,,
79,false,9f5bfac4-cbb6-4b38-afb9-cf563fc5ca15,Nitrite,Elementary flows/Emission to water/unspecified,kg,elementary,,,
80,false,91955aba-6ebc-4413-9342-f0298860b4aa,"BOD5, Biological Oxygen Demand",Elementary flows/Emission to water/unspecified,kg,elementary,,,
81,false,fdaaef05-0d10-4032-b2e7-85cae3c7bd5c,Molybdenum VI,Elementary flows/Emission to water/unspecified,kg,elementary,,,
82,false,9b83f2bb-7d61-4e55-b37a-443f164c5f30,"Heat, waste",Elementary flows/Emission to water/unspecified,MJ,elementary,,,
83,false,db4566b1-bd88-427d-92da-2d25879063b9,Water,Elementary flows/Emission to water/surface water,m3,elementary,,,
84,false,5e13c2ab-5466-4ff5-816d-702dfdf25f76,Benzo(a)pyrene,Elementary flows/Emission to air/unspecified,kg,elementary,,,
85,true,fc1c42ce-a759-49fa-b987-f1ec5e503db1,"Water, cooling, unspecified natural origin",Elementary flows/Resource/in water,m3,elementary,,,
86,false,295060ba-3c3d-45e4-99ca-e17b1204b553,Manganese II,Elementary flows/Emission to air/unspecified,kg,elementary,,,
87,false,2c7be02c-791f-4fef-b231-b90321bbeb30,Zinc II,Elementary flows/Emission to water/unspecified,kg,elementary,,,
88,false,de444dc0-5964-4501-8367-50ba53bfc6b9,Iron ion,Elementary flows/Emission to water/unspecified,kg,elementary,,,
89,false,10cbd2f7-c41b-4bb4-b636-d8fc15cf0282,Manganese II,Elementary flows/Emission to water/unspecified,kg,elementary,,,
90,false,826c7733-9b0a-4ec5-9f35-32294f9138e3,Toluene,Elementary flows/Emission to water/unspecified,kg,elementary,,,
91,false,3e5d7d91-67d7-4afb-91dd-36fab58e4685,"PAH, polycyclic aromatic hydrocarbons",Elementary flows/Emission to air/unspecified,kg,elementary,,,
92,false,31c4d160-b21e-41b3-b9c1-3d7a72377653,Lead II,Elementary flows/Emission to water/unspecified,kg,elementary,,,
93,false,d5c40848-fc29-47fa-90a4-46db64a45a4e,Tin ion,Elementary flows/Emission to water/unspecified,kg,elementary,,,
94,false,39153cb9-a8fe-4fc8-beef-1bf1edceb8e7,Phenol,Elementary flows/Emission to water/unspecified,kg,elementary,,,
95,false,349b29d1-3e58-4c66-98b9-9d1a076efd2e,"Carbon dioxide, fossil",Elementary flows/Emission to air/unspecified,kg,elementary,,,
96,false,0795345f-c7ae-410c-ad25-1845784c75f5,"Methane, fossil",Elementary flows/Emission to air/unspecified,kg,elementary,,,
97,false,2d4b8ec1-8d53-4e62-8a11-ebc45909b02e,Phosphorus,Elementary flows/Emission to water/unspecified,kg,elementary,,,
98,false,eba59fd6-f37e-41dc-9ca3-c7ea22d602c7,"Carbon dioxide, non-fossil",Elementary flows/Emission to air/unspecified,kg,elementary,,,
99,false,fd7aa71c-508c-480d-81a6-8052aad92646,Sulfur dioxide,Elementary flows/Emission to air/unspecified,kg,elementary,,,
100,false,79607917-9e12-4292-b289-21ff2b36e04b,"DOC, Dissolved Organic Carbon",Elementary flows/Emission to water/unspecified,kg,elementary,,,
101,false,961ccd56-2eee-4f57-bb18-fc4362b49000,"COD, Chemical Oxygen Demand",Elementary flows/Emission to water/unspecified,kg,elementary,,,
102,true,67c40aae-d403-464d-9649-c12695e43ad8,"Water, well, in ground",Elementary flows/Resource/in water,m3,elementary,,,
103,false,960c0f37-f34c-4fc1-b77c-22d8b35fd8d5,"DOC, Dissolved Organic Carbon",Elementary flows/Emission to water/surface water,kg,elementary,,,
104,false,5e050fab-1837-4c42-b597-ed2f376f768f,Chloride,Elementary flows/Emission to water/surface water,kg,elementary,,,
105,false,fc0b5c85-3b49-42c2-a3fd-db7e57b696e3,"COD, Chemical Oxygen Demand",Elementary flows/Emission to water/surface water,kg,elementary,,,
106,false,64836dd0-8b0f-41ba-a7d3-be54358fc4b3,Phenol,Elementary flows/Emission to water/surface water,kg,elementary,,,
107,false,247ac273-60fa-4e21-9408-793f75fa1d37,Chlorine,Elementary flows/Emission to air/high population density,kg,elementary,,,
108,true,8c75e7ab-8ab8-41e4-b394-c166ff5b050d,"Water, river",Elementary flows/Resource/in water,m3,elementary,,,
109,false,1fc409bc-b8e7-48b2-92d5-2ced4aa7bae2,Sodium I,Elementary flows/Emission to water/surface water,kg,elementary,,,
110,false,f9749677-9c9f-4678-ab55-c607dfdc2cb9,"Carbon dioxide, fossil",Elementary flows/Emission to air/high population density,kg,elementary,,,
111,false,d761d96f-d236-4131-89c8-ad3269d02a6b,Phenol,Elementary flows/Emission to air/high population density,kg,elementary,,,
112,false,f65558fb-61a1-4e48-b4f2-60d62f14b085,"TOC, Total Organic Carbon",Elementary flows/Emission to water/surface water,kg,elementary,,,
113,false,70d467b6-115e-43c5-add2-441de9411348,"BOD5, Biological Oxygen Demand",Elementary flows/Emission to water/surface water,kg,elementary,,,
114,false,b301fa9a-ba60-4eac-8ccc-6ccbdf099b35,Hydrogen,Elementary flows/Emission to air/unspecified,kg,elementary,,,
115,false,0f440cc0-0f74-446d-99d6-8ff0e97a2444,Ammonia,Elementary flows/Emission to air/low population density,kg,elementary,,,
116,false,5e883a00-04e6-4d96-8dce-12d7117c6635,Benzene,Elementary flows/Emission to air/low population density,kg,elementary,,,
117,false,33b38ccb-593b-4b11-b965-10d747ba3556,"NMVOC, non-methane volatile organic compounds",Elementary flows/Emission to air/low population density,kg,elementary,,,
118,false,e8fc62ba-678e-4706-97d2-b79d83e227d5,Nickel II,Elementary flows/Emission to air/low population density,kg,elementary,,,
119,false,13d898ac-b9be-4723-a153-565e2a9144ac,"PAH, polycyclic aromatic hydrocarbons",Elementary flows/Emission to air/low population density,kg,elementary,,,
120,false,aa7cac3a-3625-41d4-bc54-33e2cf11ec46,"Carbon dioxide, fossil",Elementary flows/Emission to air/low population density,kg,elementary,,,
121,false,e6551223-73b6-4289-b841-c5cdeb25abd9,Selenium IV,Elementary flows/Emission to air/low population density,kg,elementary,,,
122,false,4010918f-7fd0-4925-8fbb-8fd7a44a806c,Lead II,Elementary flows/Emission to soil/agricultural,kg,elementary,,,
123,false,70ef743b-3ed5-4a6d-b192-fb6d62378555,"Methane, fossil",Elementary flows/Emission to air/low population density,kg,elementary,,,
124,false,78c3efe4-421c-4d30-82e4-b97ac5124993,Sulfur dioxide,Elementary flows/Emission to air/low population density,kg,elementary,,,
125,false,e429b852-e421-4fcb-8a9b-b0241863bfb2,Cadmium II,Elementary flows/Emission to soil/agricultural,kg,elementary,,,
126,false,81c4ba39-8a3f-4a43-97b4-401605bbebf5,Benzo(a)pyrene,Elementary flows/Emission to air/low population density,kg,elementary,,,
127,false,afd6d670-bbb0-4625-9730-04088a5b035e,Dinitrogen monoxide,Elementary flows/Emission to air/low population density,kg,elementary,,,
128,false,e336eee7-148a-4d1c-8027-780cbfafa12b,Copper ion,Elementary flows/Emission to air/low population density,kg,elementary,,,
129,false,099b36ab-4c03-4587-87f4-2f81e337afb8,"Carbon monoxide, fossil",Elementary flows/Emission to air/low population density,kg,elementary,,,
130,false,84aa799e-9d98-4d34-85e0-516d28ab1be9,Zinc II,Elementary flows/Emission to soil/agricultural,kg,elementary,,,
131,false,66f50b33-fd62-4fdd-a373-c5b0de7de00d,"Particulate Matter, < 2.5 um",Elementary flows/Emission to air/low population density,kg,elementary,,,
132,false,e2d58f90-9aac-4ac4-87f7-bbd6cfc358e3,Cadmium II,Elementary flows/Emission to air/low population density,kg,elementary,,,
133,false,4d40d8e3-9bc7-4ab1-ac5c-4f4a76fda8e5,Chromium III,Elementary flows/Emission to air/low population density,kg,elementary,,,
134,false,77357947-ccc5-438e-9996-95e65e1e1bce,Nitrogen oxides,Elementary flows/Emission to air/low population density,kg,elementary,,,
135,false,ada3ecfe-8244-4389-bcce-e83ca4f66e09,Zinc II,Elementary flows/Emission to air/low population density,kg,elementary,,,
136,false,237a5f15-8119-472a-8988-88b7ecb42405,"Dioxins, measured as 2,3,7,8-tetrachlorodibenzo-p-dioxin",Elementary flows/Emission to air/high population density,kg,elementary,,,
137,false,6dc1b46f-ee89-4495-95c4-b8a637bcd6cb,Dinitrogen monoxide,Elementary flows/Emission to air/high population density,kg,elementary,,,
138,false,6edcc2df-88a3-48e1-83d8-ffc38d31c35b,"Carbon monoxide, fossil",Elementary flows/Emission to air/high population density,kg,elementary,,,
139,false,8c52f40c-69b7-4538-8923-b371523c71f5,Sulfur dioxide,Elementary flows/Emission to air/high population density,kg,elementary,,,
140,false,175baa64-d985-4c5e-84ef-67cc3a1cf952,"NMVOC, non-methane volatile organic compounds",Elementary flows/Emission to air/high population density,kg,elementary,,,
141,false,5f7aad3d-566c-4d0d-ad59-e765f971aa0f,"Methane, fossil",Elementary flows/Emission to air/high population density,kg,elementary,,,
142,false,d068f3e2-b033-417b-a359-ca4f25da9731,Nitrogen oxides,Elementary flows/Emission to air/high population density,kg,elementary,,,
143,true,af01e564-f816-4906-bd4f-b7c932f926b9,Oxygen,Elementary flows/Resource/in air,kg,elementary,,,
144,false,b411ec8b-c60a-4235-a3b2-8bf8443cbc55,"Heat, waste",Elementary flows/Emission to air/high population density,MJ,elementary,,,
145,false,a850e6de-a007-432f-be7f-ce6e2cf1f2ae,Mercury II,Elementary flows/Emission to air/high population density,kg,elementary,,,
146,false,739ad964-45ab-4623-bad7-05f718433e40,Non-hazardous waste disposed,Elementary flows/Inventory indicator/waste,kg,elementary,,,
147,true,1eaa9ea4-40b8-414a-b198-5626400372e1,"Occupation, dump site",Elementary flows/Resource/land,m2*a,elementary,,,
148,true,29630a65-f38c-48a5-9744-c0121f586640,"Transformation, from unspecified",Elementary flows/Resource/land,m2,elementary,,,
149,true,90a5a447-af6f-421a-8201-011f07ad1150,"Transformation, to dump site",Elementary flows/Resource/land,m2,elementary,,,
150,false,35d1dff5-b535-4628-9826-4a8fce08a1f2,Sulfur hexafluoride,Elementary flows/Emission to air/unspecified,kg,elementary,,,
151,false,7678cec7-b8e1-439d-8242-99cd452834b1,"Particulate Matter, > 10 um",Elementary flows/Emission to air/low population density,kg,elementary,,,
152,false,56815b4f-6138-4e0b-9fac-c94fd6b102b3,Nickel II,Elementary flows/Emission to water/ground water,kg,elementary,,,
153,false,be10dd54-eb4d-48ae-9e14-7d79ce8b170d,"COD, Chemical Oxygen Demand",Elementary flows/Emission to water/ground water,kg,elementary,,,
154,false,31eacbfc-683a-4d36-afc1-80dee42a3b94,Sulfate,Elementary flows/Emission to water/ground water,kg,elementary,,,
155,false,44f28e11-061d-44fd-8f25-dc62a9f1fa57,Manganese II,Elementary flows/Emission to water/ground water,kg,elementary,,,
156,false,73eed463-4986-4d81-8bae-60dae5be49d0,"DOC, Dissolved Organic Carbon",Elementary flows/Emission to water/ground water,kg,elementary,,,
157,false,73b225ab-ddc4-4a38-9ed0-ceedee987424,"TOC, Total Organic Carbon",Elementary flows/Emission to water/ground water,kg,elementary,,,
158,false,33fd8342-58e7-45c9-ad92-0951c002c403,Iron ion,Elementary flows/Emission to water/ground water,kg,elementary,,,
159,false,1c87de06-e58f-4684-a54c-d29f1a251a87,Chromium III,Elementary flows/Emission to water/ground water,kg,elementary,,,
160,false,54c743a4-5438-4f3c-8e84-89b3e6ec0cc0,Dissolved solids,Elementary flows/Emission to water/ground water,kg,elementary,,,
161,false,1f607ae2-b42d-4411-90b8-e9bbac66a554,Arsenic ion,Elementary flows/Emission to water/ground water,kg,elementary,,,
162,false,3937f5a5-b4a4-434d-9fc3-1d29064fc3f8,Cadmium II,Elementary flows/Emission to water/ground water,kg,elementary,,,
163,false,c864aa15-0abc-41ad-9889-348106e485d8,Lead II,Elementary flows/Emission to water/ground water,kg,elementary,,,
164,true,fe9c3a98-a6d2-452d-a9a4-a13e64f1b95b,"Occupation, industrial area",Elementary flows/Resource/land,m2*a,elementary,,,
165,false,1be475e0-ccef-4145-98e0-0d47c570a71b,Selenium IV,Elementary flows/Emission to water/ground water,kg,elementary,,,
166,false,57c27ba7-a61a-4932-8cd5-095c88ff0245,"BOD5, Biological Oxygen Demand",Elementary flows/Emission to water/ground water,kg,elementary,,,
167,false,ca53777e-d36e-4db0-95ce-009f1d8593b8,"Solids, inorganic",Elementary flows/Emission to water/ground water,kg,elementary,,,
168,false,f73177d8-5e57-4f0d-ba34-6889cfdfed40,Tin ion,Elementary flows/Emission to water/ground water,kg,elementary,,,
169,false,85bec19f-c785-4364-8ef6-472b8e9dd90e,Chloride,Elementary flows/Emission to water/ground water,kg,elementary,,,
170,false,c3b659e5-35f1-408c-8cb5-b5f9b295c76e,Copper ion,Elementary flows/Emission to water/ground water,kg,elementary,,,
171,false,8b2d16fd-5147-4382-afbc-3a7ed73a4f82,Uranium alpha,Elementary flows/Emission to water/surface water,kBq,elementary,,,
172,true,626915e9-2424-4059-8b6a-fae47161acdf,"Transformation, to mineral extraction site",Elementary flows/Resource/land,m2,elementary,,,
173,true,2ba5e39b-adb6-4767-a51d-90c1cf32fe98,Uranium,Elementary flows/Resource/in ground,kg,elementary,,,
174,false,1551f1cd-7cb7-4f68-a628-cb9301323c7b,Radon-222,Elementary flows/Emission to air/low population density,kBq,elementary,,,
175,false,15648250-4537-4960-a6dc-0802d39c26a7,Radium-226,Elementary flows/Emission to water/surface water,kBq,elementary,,,
176,true,0d218f74-181d-49b6-978c-8af836611102,Gangue,Elementary flows/Resource/in ground,kg,elementary,,,
177,false,3844f446-ded5-4727-8421-17a00ef4eba7,"Suspended solids, unspecified",Elementary flows/Emission to water/surface water,kg,elementary,,,
178,true,b6dcefd8-3848-4338-9c3e-fe6e91f20937,"Transformation, from industrial area",Elementary flows/Resource/land,m2,elementary,,,
179,false,442511cc-a98b-4242-9229-5736cb9a9399,Molybdenum VI,Elementary flows/Emission to water/surface water,kg,elementary,,,
180,false,37d35fd0-7f07-4b9b-92eb-de3c27050172,Sulfate,Elementary flows/Emission to water/surface water,kg,elementary,,,
181,false,af83b42f-a4e6-4457-be74-46a87798f82a,Cadmium II,Elementary flows/Emission to water/surface water,kg,elementary,,,
182,false,97e498ec-f323-4ec6-bcc0-d8a4c853bae3,Aluminium III,Elementary flows/Emission to water/surface water,kg,elementary,,,
183,false,7ce56135-2ca5-4fba-ad52-d62a34bfeb35,Nitrate,Elementary flows/Emission to water/surface water,kg,elementary,,,
184,false,7bdab722-11d0-4c42-a099-6f9ed510a44a,Magnesium,Elementary flows/Emission to water/surface water,kg,elementary,,,
185,false,b3ebdcc3-c588-4997-95d2-9785b26b34e1,Lead II,Elementary flows/Emission to water/surface water,kg,elementary,,,
186,false,8c8ffaa5-84ed-4668-ba7d-80fd0f47013f,Arsenic ion,Elementary flows/Emission to water/surface water,kg,elementary,,,
187,false,544dbea9-1d18-44ff-b92b-7866e3baa6dd,Selenium IV,Elementary flows/Emission to water/surface water,kg,elementary,,,
188,false,16916dd2-a145-4cb2-9769-19c551b2ff5e,Uranium alpha,Elementary flows/Emission to air/low population density,kBq,elementary,,,
189,false,13331e67-6006-48c4-bdb4-340c12010036,Ammonium,Elementary flows/Emission to water/surface water,kg,elementary,,,
190,true,379ba5c9-5c3a-43d0-8e2d-605ad9c39e46,"Occupation, mineral extraction site",Elementary flows/Resource/land,m2*a,elementary,,,
191,false,541b633c-17a3-4047-bce6-0c0e4fdb7c10,Zinc II,Elementary flows/Emission to water/surface water,kg,elementary,,,
192,false,2c872773-0a29-4831-93b9-d49b116fa7d5,Barium II,Elementary flows/Emission to water/surface water,kg,elementary,,,
193,false,7c335b9c-a403-47a8-bb6d-2e7d3c3a230e,Iron ion,Elementary flows/Emission to water/surface water,kg,elementary,,,
194,false,9b2f96e6-564c-4fdb-ace4-077b2d2fd132,Thorium-230,Elementary flows/Emission to water/surface water,kBq,elementary,,,
195,false,a46a250e-297d-43e9-b1c4-052cdcfb79c5,Vanadium V,Elementary flows/Emission to water/surface water,kg,elementary,,,
196,false,f532985c-90b7-46fc-aac9-b039b40e22f1,Manganese II,Elementary flows/Emission to water/surface water,kg,elementary,,,
197,true,512a5356-8059-4772-a43f-42e3c4f3d299,"Transformation, to unspecified",Elementary flows/Resource/land,m2,elementary,,,
198,true,a7ff17d4-d3fe-4a70-9f2e-392b34630772,"Energy, solar, converted",Elementary flows/Resource/in air,MJ,elementary,,,
199,true,2c126bcc-bb63-4d63-bd72-f02a1e616809,"Transformation, from pasture, man made",Elementary flows/Resource/land,m2,elementary,,,
200,true,c14ea750-4a9f-41fa-bcc1-4a1d84466f43,"Occupation, river, artificial",Elementary flows/Resource/land,m2*a,elementary,,,
201,true,17a5a406-333f-4b9e-8852-c2de50bc9585,"Transformation, from shrub land, sclerophyllous",Elementary flows/Resource/land,m2,elementary,,,
202,true,090e9aa9-a9a9-4878-9634-3ad0ba7fbc91,"Transformation, to river, artificial",Elementary flows/Resource/land,m2,elementary,,,
203,false,183aa819-941d-48b4-9d47-7e725d1813bb,Nitrobenzene,Elementary flows/Emission to water/unspecified,kg,elementary,,,
204,false,09f735ea-0a87-4e19-a660-d044db3a7118,Aniline,Elementary flows/Emission to water/unspecified,kg,elementary,,,
205,false,39d1390a-ded6-41cb-a536-d47510bf2fbc,Chlorine,Elementary flows/Emission to air/unspecified,kg,elementary,,,
206,false,2a51889e-9264-45df-9753-64c25a755d9e,Vinyl chloride,Elementary flows/Emission to air/unspecified,kg,elementary,,,
207,false,c491a3e4-8bf5-57b9-a2e8-b154e8620155,"1,1,2-Trichloroethane",Elementary flows/Emission to water/unspecified,kg,elementary,,,
208,false,8db2694c-9a3f-4f8d-a915-cd8a380f5394,Zirconium-95,Elementary flows/Emission to water/surface water,kBq,elementary,,,
209,false,6f1e995b-5915-4363-bd2c-d1e76ee446e0,Niobium-95,Elementary flows/Emission to air/low population density,kBq,elementary,,,
210,false,49c42751-1b0b-4ab1-8e70-032e991ce6fd,"Hydrocarbons, unspecified",Elementary flows/Emission to water/surface water,kg,elementary,,,
211,false,f09c1931-85fb-4f50-be9d-15d5c0f5e11e,Technetium-99m,Elementary flows/Emission to water/surface water,kBq,elementary,,,
212,false,077b92b0-0610-48ba-9ff8-55c13e98364b,Antimony-124,Elementary flows/Emission to water/surface water,kBq,elementary,,,
213,false,bd64a010-0115-47ca-942f-cbdac1d26b87,"Noble gases, radioactive, unspecified",Elementary flows/Emission to air/low population density,kBq,elementary,,,
214,false,f7fc4f19-e01f-4909-aab5-f7612354e7a0,Cobalt-58,Elementary flows/Emission to water/surface water,kBq,elementary,,,
215,false,01f511e2-7030-45f0-abb7-c24a4fae698b,Antimony-125,Elementary flows/Emission to water/surface water,kBq,elementary,,,
216,false,a7ea85d9-b9d1-4054-ba58-4e6bf4d858d0,Molybdenum-99,Elementary flows/Emission to water/surface water,kBq,elementary,,,
217,false,7529a948-b5ac-4eb9-8349-2a3677b8fe14,Chromium-51,Elementary flows/Emission to water/surface water,kBq,elementary,,,
218,false,6fb4d755-f17a-4d1e-a5ce-aad7829ef61f,Zinc-65,Elementary flows/Emission to water/surface water,kBq,elementary,,,
219,false,ab9fef9d-1b47-4d79-a28a-0132dfa18020,Iodine-131,Elementary flows/Emission to water/surface water,kBq,elementary,,,
220,false,51f80fcc-8eb0-4912-afbd-e9b9861e45a4,Antimony-125,Elementary flows/Emission to air/low population density,kBq,elementary,,,
221,false,134ec0d7-3701-473c-a1a1-1982fd48ef4d,Tritium,Elementary flows/Emission to water/surface water,kBq,elementary,,,
222,false,ad1ed615-e2cf-49e3-bd34-4589b4583222,Antimony-122,Elementary flows/Emission to water/surface water,kBq,elementary,,,
223,false,441ef9b3-0df0-461b-bd84-358973e0c2ca,Cobalt-60,Elementary flows/Emission to air/low population density,kBq,elementary,,,
224,false,40d16700-3130-41da-8e94-e1b127741f59,Ruthenium-103,Elementary flows/Emission to water/surface water,kBq,elementary,,,
225,false,2c9e7fba-dd57-4294-8a5e-2aa489930f69,Silver-110,Elementary flows/Emission to air/low population density,kBq,elementary,,,
226,false,08b681c9-b5fc-46c8-beb5-5ee8bf31cef9,Strontium-89,Elementary flows/Emission to water/surface water,kBq,elementary,,,
227,false,09872080-d143-4fb1-a3a5-647b077107ff,Water,Elementary flows/Emission to air/low population density,m3,elementary,,,
228,false,3f206533-f017-4d74-8a2d-e563af85d417,Barium-140,Elementary flows/Emission to air/low population density,kBq,elementary,,,
229,false,f5f7c4c3-ce9d-47ec-8c97-62d70b286203,Xenon-133,Elementary flows/Emission to air/low population density,kBq,elementary,,,
230,false,fd000a8d-2e90-4042-b148-cfb6bdfbbff5,Caesium-136,Elementary flows/Emission to water/surface water,kBq,elementary,,,
231,false,eadea134-34d3-4581-9b0b-a59533dfd526,Iodine-133,Elementary flows/Emission to air/low population density,kBq,elementary,,,
232,false,6d3849fb-dbf1-40cf-905e-ba11be1ba9f4,Tellurium-132,Elementary flows/Emission to water/surface water,kBq,elementary,,,
233,false,fa260f53-4850-4585-9b67-5cdbc603c5ef,Zirconium-95,Elementary flows/Emission to air/low population density,kBq,elementary,,,
234,false,8aa45af3-ff38-4330-9870-81fd360db53b,Krypton-85m,Elementary flows/Emission to air/low population density,kBq,elementary,,,
235,false,2f36d881-55bd-44ed-a383-a97cd4c53b16,Tellurium-123m,Elementary flows/Emission to water/surface water,kBq,elementary,,,
236,false,0fc1db69-f50d-4a88-b9d8-1446e691063c,Cobalt-60,Elementary flows/Emission to water/surface water,kBq,elementary,,,
237,false,dec2d31c-00b1-454a-9b2a-37875c0af04a,Niobium-95,Elementary flows/Emission to water/surface water,kBq,elementary,,,
238,false,c708b024-c922-4c43-8a49-81c472c48f75,Iodine-133,Elementary flows/Emission to water/surface water,kBq,elementary,,,
239,false,43b60c00-8156-49a1-9a9d-f68ccca0d000,"Radioactive species, alpha emitters",Elementary flows/Emission to water/surface water,kBq,elementary,,,
240,false,ba9971e7-1210-4215-ae3a-5c67e0949848,Carbon-14,Elementary flows/Emission to water/surface water,kBq,elementary,,,
241,false,90a39372-8b3f-4c99-acfd-6ea211791714,Lanthanum-140,Elementary flows/Emission to water/surface water,kBq,elementary,,,
242,false,6f020607-b818-408d-a4b0-2c6465a6826d,Cerium-144,Elementary flows/Emission to water/surface water,kBq,elementary,,,
243,false,de30c59a-c312-4a4e-8025-df5aa48c83e3,Cobalt-57,Elementary flows/Emission to water/surface water,kBq,elementary,,,
244,false,19256c0f-bea8-4e61-9499-8cc2f84953f8,Carbon-14,Elementary flows/Emission to air/low population density,kBq,elementary,,,
245,false,7567e592-ecfa-467b-9f11-19f11786505b,Antimony-124,Elementary flows/Emission to air/low population density,kBq,elementary,,,
246,false,72958cbe-6609-46c2-bbfa-ee4ab826ca12,"Aerosols, radioactive, unspecified",Elementary flows/Emission to air/low population density,kBq,elementary,,,
247,false,9a12a4c4-c03e-43fb-a448-4d911f539e64,Manganese-54,Elementary flows/Emission to water/surface water,kBq,elementary,,,
248,false,a9e65945-a4dd-42c2-89cf-81ad2eb6b0fd,Caesium-137,Elementary flows/Emission to air/low population density,kBq,elementary,,,
249,false,e43640a9-526c-42bd-86e5-4425c9e239ed,Iron-59,Elementary flows/Emission to water/surface water,kBq,elementary,,,
250,false,14ca107c-315a-410b-af1b-35a886faebce,Xenon-135,Elementary flows/Emission to air/low population density,kBq,elementary,,,
251,false,af99ce19-4a31-4c6f-b050-491e2b6f1ad1,Cerium-141,Elementary flows/Emission to water/surface water,kBq,elementary,,,
252,false,42901ad7-4be5-47d9-82cd-380ca34281c1,Caesium-137,Elementary flows/Emission to water/surface water,kBq,elementary,,,
253,false,fe9552bd-49c9-4e37-8c13-eeee4ddb8e34,Caesium-134,Elementary flows/Emission to water/surface water,kBq,elementary,,,
254,false,b696e904-e0a3-4e5a-bca7-500e6661e665,Sodium-24,Elementary flows/Emission to water/surface water,kBq,elementary,,,
255,false,ca828b6a-5c31-4cce-941e-cc7c1900e6fe,"Radioactive species, other beta emitters",Elementary flows/Emission to air/low population density,kBq,elementary,,,
256,false,03e91172-fca0-47f3-9014-22ae3136251b,Iodine-131,Elementary flows/Emission to air/low population density,kBq,elementary,,,
257,false,033fb239-a6c7-4486-9f92-f5a80b346778,Cobalt-58,Elementary flows/Emission to air/low population density,kBq,elementary,,,
258,false,cebdf8ce-efe8-4218-a32c-612b14e352bb,Strontium-90,Elementary flows/Emission to water/surface water,kBq,elementary,,,
259,false,9f826bcb-5efc-4977-93f2-8415e3f957df,Silver-110,Elementary flows/Emission to water/surface water,kBq,elementary,,,
260,true,5eb25424-acb6-4ffa-a96a-5fdef05f6515,"Transformation, from dump site",Elementary flows/Resource/land,m2,elementary,,,
261,true,bba9f623-5919-4ef3-b98d-c94af1553179,"Transformation, to forest, unspecified",Elementary flows/Resource/land,m2,elementary,,,
262,false,41dbbe1f-06e1-4a34-8497-5986be8f9e51,Vanadium V,"Elementary flows/Emission to water/ground water, long-term",kg,elementary,,,
263,true,00907a61-b501-4f47-b688-1dc2b51d48c1,"Transformation, from traffic area, road network",Elementary flows/Resource/land,m2,elementary,,,
264,true,a42347d2-09f1-405e-95dd-bf6ac03765d8,"Transformation, to traffic area, road network",Elementary flows/Resource/land,m2,elementary,,,
265,false,ce88a9b6-0afa-4f68-9b32-8c3438bf4025,Silicon,"Elementary flows/Emission to water/ground water, long-term",kg,elementary,,,
266,true,9089d7ad-09b1-4174-a188-8844ebde2d5d,"Transformation, to shrub land, sclerophyllous",Elementary flows/Resource/land,m2,elementary,,,
267,true,c199261c-8234-43c5-b906-5b67707e4395,"Occupation, shrub land, sclerophyllous",Elementary flows/Resource/land,m2*a,elementary,,,
268,false,36a21e09-9ed5-4e04-a76e-140096f89069,Hazardous waste disposed,Elementary flows/Inventory indicator/waste,kg,elementary,,,
269,true,6bc06a91-ae35-4a2b-ab39-da4dd36b621a,"Waste mass, total, placed in landfill",Elementary flows/Inventory indicator/waste,kg,elementary,,,
270,true,26efe47c-92a5-4dea-b4d0-eac13e418a58,"Occupation, traffic area, road network",Elementary flows/Resource/land,m2*a,elementary,,,
271,false,7d3f7498-3596-478a-9fa1-72201ef94082,Molybdenum VI,"Elementary flows/Emission to water/ground water, long-term",kg,elementary,,,
272,true,4b6b9b76-3199-4bd0-b11d-f8f2efbeac4e,"Occupation, construction site",Elementary flows/Resource/land,m2*a,elementary,,,
273,true,7a16b680-6d9a-4db3-a23e-0ec64aca5995,"Transformation, to pasture, man made",Elementary flows/Resource/land,m2,elementary,,,
274,false,fc2371dc-5bff-41f6-a155-697fbf727b56,Silicon,Elementary flows/Emission to water/surface water,kg,elementary,,,
275,false,9b6d6f07-ebc6-447d-a3c0-f2017d77d852,Iron ion,"Elementary flows/Emission to water/ground water, long-term",kg,elementary,,,
276,false,748f22a9-eba4-4726-bef5-92c7442ce189,Zinc II,Elementary flows/Emission to air/high population density,kg,elementary,,,
277,false,ada09403-d5f2-4496-9201-a6dcca0b1717,Propylene,Elementary flows/Emission to air/high population density,kg,elementary,,,
278,false,18282ab8-5b46-4c56-9038-588ed28a4a95,"Hydrocarbons, aliphatic, alkanes, cyclic",Elementary flows/Emission to air/high population density,kg,elementary,,,
279,false,230d8a0a-517c-43fe-8357-1818dd12997a,"Particulate Matter, < 2.5 um",Elementary flows/Emission to air/high population density,kg,elementary,,,
280,false,f276d4ca-b1ad-4575-9442-e35b5e3b618b,Propylene oxide,Elementary flows/Emission to air/high population density,kg,elementary,,,
281,false,9d1efa17-070a-4602-a65f-daf5056b0647,"PAH, polycyclic aromatic hydrocarbons",Elementary flows/Emission to air/high population density,kg,elementary,,,
282,false,26b5c174-e20e-430a-a4b1-44de4af8b40f,Methyl ethyl ketone,Elementary flows/Emission to air/high population density,kg,elementary,,,
283,false,f4bb66f1-c78c-409f-8368-85c1205a3573,Heptane,Elementary flows/Emission to air/high population density,kg,elementary,,,
284,false,88cde01c-df69-40bb-9b14-6eac71bea5b8,Copper ion,Elementary flows/Emission to air/high population density,kg,elementary,,,
285,false,9ea11aea-7cb7-4b38-b936-a42c2a4bac97,Ethane,Elementary flows/Emission to air/high population density,kg,elementary,,,
286,false,e43a270f-4f88-4789-a0b8-7aba56677743,Nickel II,Elementary flows/Emission to air/high population density,kg,elementary,,,
287,false,39946c56-cdf6-4a22-9ac9-1cd333b65533,Toluene,Elementary flows/Emission to air/high population density,kg,elementary,,,
288,false,1bb6a502-3ff9-4a79-835c-5588b855f1f5,Benzene,Elementary flows/Emission to air/high population density,kg,elementary,,,
289,false,d5649872-502b-4d23-b882-26d74a9fc4b4,Isohexane,Elementary flows/Emission to air/high population density,kg,elementary,,,
290,false,4446c2d0-1bc1-422f-9b97-0867d5602dbb,Ethylene oxide,Elementary flows/Emission to air/high population density,kg,elementary,,,
291,false,8cbaa905-41b0-4327-8403-bf1c8eb25429,1-Pentene,Elementary flows/Emission to air/high population density,kg,elementary,,,
292,false,5a6eb27d-9157-46d5-be32-92bbd543ada9,o-Xylene,Elementary flows/Emission to air/high population density,kg,elementary,,,
293,false,0b9698ec-8b52-4986-8f9f-ad30915aa00c,Pentane,Elementary flows/Emission to air/high population density,kg,elementary,,,
294,false,36270548-9316-424b-9aeb-e0de134b0be1,Ethylene,Elementary flows/Emission to air/high population density,kg,elementary,,,
295,false,36e53653-1338-42c7-816c-f6667809e0b1,Cadmium II,Elementary flows/Emission to air/high population density,kg,elementary,,,
296,false,98c66fdb-091d-46e9-a533-686f821e8f6a,Propane,Elementary flows/Emission to air/high population density,kg,elementary,,,
297,false,1f130425-11f9-4ec2-8d2f-d282acaacf5c,Acetone,Elementary flows/Emission to air/high population density,kg,elementary,,,
298,false,10571d92-ea97-4ac6-adb6-b25893a631cb,m-Xylene,Elementary flows/Emission to air/high population density,kg,elementary,,,
299,false,7ed6dc0d-9c2e-4046-a44b-e8a708c2081e,Acrolein,Elementary flows/Emission to air/high population density,kg,elementary,,,
300,false,7a59e8d5-cd11-4ee7-b1ca-30979d2b0b3a,Chromium VI,Elementary flows/Emission to air/high population density,kg,elementary,,,
301,false,20664d0e-24e3-4daa-8c5c-2ade6e0c2723,Formaldehyde,Elementary flows/Emission to air/high population density,kg,elementary,,,
302,false,fe65f7e4-ee5b-4a6f-9d60-6c2f829dca3f,Benzaldehyde,Elementary flows/Emission to air/high population density,kg,elementary,,,
303,false,892f10da-7bf2-42b3-b171-221989661a05,Butane,Elementary flows/Emission to air/high population density,kg,elementary,,,
304,false,a79be2ee-ac83-4328-a136-a34ba1f99089,Selenium IV,Elementary flows/Emission to air/high population density,kg,elementary,,,
305,false,d85a44cb-8407-4997-a146-581e4f35f39d,Styrene,Elementary flows/Emission to air/high population density,kg,elementary,,,
306,false,3bbc78d0-08c4-48ef-a863-704e32fddcb3,Hexane,Elementary flows/Emission to air/high population density,kg,elementary,,,
307,false,5ad58fcc-e9ba-4155-a3c9-e4ffb3065a6f,Acetaldehyde,Elementary flows/Emission to air/high population density,kg,elementary,,,
308,false,7705f0e1-5b14-44f4-b330-1245b5c7fc08,Chromium III,Elementary flows/Emission to air/high population density,kg,elementary,,,
309,false,9990b51b-7023-4700-bca0-1a32ef921f74,Ammonia,Elementary flows/Emission to air/high population density,kg,elementary,,,
310,false,6a903634-c97f-4c49-a7c0-88f0e6ac7a23,Lead II,Elementary flows/Emission to air/high population density,kg,elementary,,,
311,false,8e906def-6bd5-4248-ac2b-94e6eedde3c9,Hydrogen,Elementary flows/Emission to air/high population density,kg,elementary,,,
312,false,fe8f6da1-2dc8-4df8-8aea-d0675be0dfcf,Ethylene,Elementary flows/Emission to water/surface water,kg,elementary,,,
313,false,2718482b-8399-442e-b89a-52fbcc22d2e6,Lead II,Elementary flows/Emission to air/low population density,kg,elementary,,,
314,false,9beb60a3-3a8c-4345-9a0e-107eec2f709f,Propane,Elementary flows/Emission to air/low population density,kg,elementary,,,
315,false,7348af7c-e102-4a03-a0df-efce16469eed,Arsenic ion,Elementary flows/Emission to air/low population density,kg,elementary,,,
316,false,f77c5e36-ee47-4437-b757-03139bb1d6d6,"Dioxins, measured as 2,3,7,8-tetrachlorodibenzo-p-dioxin",Elementary flows/Emission to air/low population density,kg,elementary,,,
317,false,0f907765-2a94-48a8-8978-55a2757d3e24,Propionic acid,Elementary flows/Emission to air/low population density,kg,elementary,,,
318,false,fa5512cf-04a2-4014-8e96-d3e2d137f0df,Butane,Elementary flows/Emission to air/low population density,kg,elementary,,,
319,false,922a7ccf-3338-43ad-bd7e-77d51df051ab,Acenaphthene,Elementary flows/Emission to air/low population density,kg,elementary,,,
320,false,5d4b497b-d265-42d1-a41a-113785a6d694,Beryllium II,Elementary flows/Emission to air/low population density,kg,elementary,,,
321,false,41067ac7-bf36-47ef-a19f-683d9b758a28,Hexane,Elementary flows/Emission to air/low population density,kg,elementary,,,
322,false,2460f868-54a9-404c-bec8-c809a44ae72c,Manganese II,Elementary flows/Emission to air/low population density,kg,elementary,,,
323,false,fc9f9a81-c4b9-4dce-bc20-9f04e05ca2f1,Acetaldehyde,Elementary flows/Emission to air/low population density,kg,elementary,,,
324,false,9167dca7-615e-435c-8ba6-dbbf50e50e34,Formaldehyde,Elementary flows/Emission to air/low population density,kg,elementary,,,
325,false,b10faa87-2c1d-4f6e-aa65-9f80b376939a,Cobalt II,Elementary flows/Emission to air/low population density,kg,elementary,,,
326,false,2f052025-4072-4d8e-b22d-68d50bfb260c,Pentane,Elementary flows/Emission to air/low population density,kg,elementary,,,
327,false,c5cc0625-6e01-4639-b053-5d1d9d22a53c,Acetic acid,Elementary flows/Emission to air/low population density,kg,elementary,,,
328,false,77f17646-cede-4a49-99dd-55950098b077,Toluene,Elementary flows/Emission to air/low population density,kg,elementary,,,
329,false,e7e0031e-791d-42f4-b26c-ec322db637bc,Ethane,Elementary flows/Emission to air/low population density,kg,elementary,,,
330,false,5ec9c16a-959d-44cd-be7d-a935727d2151,Mercury II,Elementary flows/Emission to air/low population density,kg,elementary,,,
331,false,0a6ae675-cdf2-475d-b4ef-486e78757d65,Scandium,Elementary flows/Emission to water/ground water,kg,elementary,,,
332,false,0ff15165-d761-48c9-9814-2d1dcdd56857,Lead II,"Elementary flows/Emission to water/ground water, long-term",kg,elementary,,,
333,false,4ce23896-a82f-49f1-a8e3-8848734805a3,Cadmium II,"Elementary flows/Emission to water/ground water, long-term",kg,elementary,,,
334,false,3822809c-cc03-469d-ac2a-9f85842f8440,Molybdenum VI,Elementary flows/Emission to water/ground water,kg,elementary,,,
335,false,ed1fd27e-014a-41cf-842f-7b2022b0be79,Vanadium V,Elementary flows/Emission to water/ground water,kg,elementary,,,
336,false,7da26881-518f-4b1b-87bf-7d1f633a7c1a,Thallium I,Elementary flows/Emission to water/ground water,kg,elementary,,,
337,false,5df5cb9f-812c-4ce8-ab1c-df6ab4d31900,Antimony ion,Elementary flows/Emission to water/ground water,kg,elementary,,,
338,false,2ef56ffc-fa69-4b57-a936-3d588923ea8b,Iodide,Elementary flows/Emission to water/ground water,kg,elementary,,,
339,false,242b4a08-f6ff-496d-ae0f-bf8f8bc77692,Boron,Elementary flows/Emission to water/ground water,kg,elementary,,,
340,false,7e9baf19-8fa4-49c6-a3c2-2e875217e60b,Thallium I,"Elementary flows/Emission to water/ground water, long-term",kg,elementary,,,
341,false,24acc516-974c-4ff3-b7e1-5950b8d37206,Magnesium,Elementary flows/Emission to water/ground water,kg,elementary,,,
342,false,c21a1397-82dc-427a-a6cb-c790ba2626f4,Potassium I,Elementary flows/Emission to water/ground water,kg,elementary,,,
343,false,3184c902-c587-4fd7-bd89-769d3cf30072,Barium II,"Elementary flows/Emission to water/ground water, long-term",kg,elementary,,,
344,false,20bc9500-2e2f-4cba-9332-8ea17d362aba,Bromine,"Elementary flows/Emission to water/ground water, long-term",kg,elementary,,,
345,false,2e0c9efa-d55c-49db-8be3-0376d5921ff4,Aluminium III,Elementary flows/Emission to water/ground water,kg,elementary,,,
346,false,490b267b-f429-4d9a-ac79-224e37fb4d58,Phosphate,"Elementary flows/Emission to water/ground water, long-term",kg,elementary,,,
347,false,e1aa92d7-9297-452e-ade0-e5e2acc52ad7,Mercury II,Elementary flows/Emission to water/ground water,kg,elementary,,,
348,false,f0d1c319-249f-4a89-b0e7-3a5a90a54036,Cobalt II,Elementary flows/Emission to water/ground water,kg,elementary,,,
349,false,b311427f-0de3-4190-84a5-05c8460c62d1,Bromine,Elementary flows/Emission to water/ground water,kg,elementary,,,
350,false,fc91fc6f-596e-424a-9ee4-4432d718a66f,Silicon,Elementary flows/Emission to water/ground water,kg,elementary,,,
351,false,10319ea8-90db-4340-be33-b7182dca01db,Tungsten,"Elementary flows/Emission to water/ground water, long-term",kg,elementary,,,
352,false,24e0a9cb-a789-46e2-a25c-0278a90d67e5,Beryllium II,"Elementary flows/Emission to water/ground water, long-term",kg,elementary,,,
353,false,40229ebf-9346-4f20-910a-f8ea3bd88d44,Copper ion,"Elementary flows/Emission to water/ground water, long-term",kg,elementary,,,
354,false,b5fae91e-cff0-4513-a997-cdb6922f1ab4,Iodide,"Elementary flows/Emission to water/ground water, long-term",kg,elementary,,,
355,false,40f89b03-64f8-466d-9480-bca47d8a435c,Mercury II,"Elementary flows/Emission to water/ground water, long-term",kg,elementary,,,
356,false,7e769b3e-03fb-4b53-be15-85a910dcfea9,Zinc II,Elementary flows/Emission to water/ground water,kg,elementary,,,
357,false,ae28c923-a4a3-4f00-b862-1ae6e748efb9,Calcium II,"Elementary flows/Emission to water/ground water, long-term",kg,elementary,,,
358,false,fb83d61e-6fe3-4da7-8eb2-b0e2dc85a76d,Sodium I,"Elementary flows/Emission to water/ground water, long-term",kg,elementary,,,
359,false,329fc7d8-4011-4327-84e4-34ff76f0e42d,Phosphate,Elementary flows/Emission to water/ground water,kg,elementary,,,
360,false,60a6702f-20ad-444f-a6df-f6374f1e3183,Tin ion,"Elementary flows/Emission to water/ground water, long-term",kg,elementary,,,
361,false,ef475b50-9cd0-4e7c-9c59-07868fe16e91,Chromium VI,"Elementary flows/Emission to water/ground water, long-term",kg,elementary,,,
362,false,9f69cb8e-51fe-447b-a1ac-4da74de8ebe4,Nickel II,"Elementary flows/Emission to water/ground water, long-term",kg,elementary,,,
363,false,fa89c354-2263-4ed2-ac56-99946be5c665,Beryllium II,Elementary flows/Emission to water/ground water,kg,elementary,,,
364,false,bdce3a7c-e008-4391-be26-285f71a02453,Zinc II,"Elementary flows/Emission to water/ground water, long-term",kg,elementary,,,
365,false,83cf77ca-867b-4eef-b0f0-78d71b3d91d5,Antimony ion,"Elementary flows/Emission to water/ground water, long-term",kg,elementary,,,
366,false,1e904267-caa3-40e6-a3a0-fc104489770b,Cobalt II,"Elementary flows/Emission to water/ground water, long-term",kg,elementary,,,
367,false,b84e31d0-cf7b-4c3f-bc8a-3cc93bdb30d9,Fluoride,Elementary flows/Emission to water/ground water,kg,elementary,,,
368,false,9bbae55a-35de-4eff-a219-814a9fec5ac2,Chromium VI,Elementary flows/Emission to water/ground water,kg,elementary,,,
369,false,835d0907-a668-4d92-b6b6-7b56fa343713,Manganese II,"Elementary flows/Emission to water/ground water, long-term",kg,elementary,,,
370,false,ea70cc93-c68c-4228-8b8e-1b189b4c705c,Chloride,"Elementary flows/Emission to water/ground water, long-term",kg,elementary,,,
371,false,7ae3e6e8-75e6-4566-b18f-6d848086c4e5,Fluoride,"Elementary flows/Emission to water/ground water, long-term",kg,elementary,,,
372,false,070f9c6e-584d-40ed-8b07-6b1f7f75dd3f,Strontium II,Elementary flows/Emission to water/ground water,kg,elementary,,,
373,false,b93fc4df-91b2-4ac4-a315-89147515ddfb,Potassium I,"Elementary flows/Emission to water/ground water, long-term",kg,elementary,,,
374,false,01056d4b-f9b0-4dfc-b8d9-8407c8376efb,Aluminium III,"Elementary flows/Emission to water/ground water, long-term",kg,elementary,,,
375,false,2a46e7f4-c66c-43e5-8a8a-d119c4098aff,Titanium ion,"Elementary flows/Emission to water/ground water, long-term",kg,elementary,,,
376,false,e60edb16-3c74-415b-9aff-a22a6f49fecb,Arsenic ion,"Elementary flows/Emission to water/ground water, long-term",kg,elementary,,,
377,false,ce9fd912-233a-4807-a33e-0323b1e4a7a2,Magnesium,"Elementary flows/Emission to water/ground water, long-term",kg,elementary,,,
378,false,8f1b69d9-fc00-4b46-99f9-7a57fd71dad2,Strontium II,"Elementary flows/Emission to water/ground water, long-term",kg,elementary,,,
379,false,d68f41b3-6887-49a8-8efa-96812f8ec9f6,Barium II,Elementary flows/Emission to water/ground water,kg,elementary,,,
380,false,4d54a415-82d7-49ac-88e1-712bd0009363,Selenium IV,"Elementary flows/Emission to water/ground water, long-term",kg,elementary,,,
381,false,f6266ac7-9608-47f2-bc91-3857eb366446,Scandium,"Elementary flows/Emission to water/ground water, long-term",kg,elementary,,,
382,false,061d04a0-af1d-4884-bdd3-997b6cd5550f,Boron,"Elementary flows/Emission to water/ground water, long-term",kg,elementary,,,
383,false,3277c200-21e3-4b45-8dcc-97cdc2e4c245,Tungsten,Elementary flows/Emission to water/ground water,kg,elementary,,,
384,false,ee9fdd7c-5e29-4bdb-852a-3258f06ec2ab,Sodium I,Elementary flows/Emission to water/ground water,kg,elementary,,,
385,false,bfc0bf1c-e5e2-4702-a502-08c892031837,Sulfate,"Elementary flows/Emission to water/ground water, long-term",kg,elementary,,,
386,false,1d0f4392-8c91-4d01-8a5d-f8fe1f5b05c9,Calcium II,Elementary flows/Emission to water/ground water,kg,elementary,,,
387,false,e2380d91-f278-41ee-9926-15272a7d1443,Titanium ion,Elementary flows/Emission to water/ground water,kg,elementary,,,
388,false,aedea697-930a-4a0e-9e4f-b9c369aa9a33,"BOD5, Biological Oxygen Demand","Elementary flows/Emission to water/ground water, long-term",kg,elementary,,,
389,false,b9291c72-4b1d-4275-8068-4c707dc3ce33,Nitrate,Elementary flows/Emission to water/ground water,kg,elementary,,,
390,false,4a156a66-eb3e-4f87-90a2-ccd13bf942ff,Titanium ion,Elementary flows/Emission to air/low population density,kg,elementary,,,
391,false,43b29ad9-26dd-4838-b931-6216e55a0120,Antimony ion,Elementary flows/Emission to air/low population density,kg,elementary,,,
392,false,0437e787-ef47-4a50-b11f-df7c743e860c,Magnesium,Elementary flows/Emission to air/low population density,kg,elementary,,,
393,false,dca43ede-b779-47a7-b2e7-cb4e7b12c3da,"Heat, waste","Elementary flows/Emission to water/ground water, long-term",MJ,elementary,,,
394,false,94426df9-63b1-4dc6-ad1b-3509e22f1154,Silver I,"Elementary flows/Emission to water/ground water, long-term",kg,elementary,,,
395,false,8734eb08-50cf-4f5a-8d1a-db76d38efe3c,"TOC, Total Organic Carbon","Elementary flows/Emission to water/ground water, long-term",kg,elementary,,,
396,false,5fa36ce3-aed0-443b-a09d-4cdf25b41995,Molybdenum VI,Elementary flows/Emission to air/low population density,kg,elementary,,,
397,false,35df5fe0-c90d-43b4-a35a-3d97022114d2,Silver I,Elementary flows/Emission to air/low population density,kg,elementary,,,
398,false,a8fea8cf-9b09-49fc-aa58-5a732494a2a0,"COD, Chemical Oxygen Demand","Elementary flows/Emission to water/ground water, long-term",kg,elementary,,,
399,false,9c3bd678-1b2f-4b95-a245-d5c8a3fe326b,Aluminium III,Elementary flows/Emission to air/low population density,kg,elementary,,,
400,false,b61057a3-a0bc-4158-882e-b819c4797419,Nitrate,"Elementary flows/Emission to water/ground water, long-term",kg,elementary,,,
401,false,68e32537-beae-41c2-be72-74df4d273c11,Hydrochloric acid,Elementary flows/Emission to air/low population density,kg,elementary,,,
402,false,9a98be81-7711-4a1b-adc0-8e65acf05d62,Nitrite,Elementary flows/Emission to water/ground water,kg,elementary,,,
403,false,15cfc784-a719-4230-ad2e-f4104d56c427,"Nitrogen, organic bound","Elementary flows/Emission to water/ground water, long-term",kg,elementary,,,
404,false,dab33577-e9d4-4f6d-b141-a456521d4c1b,"Heat, waste",Elementary flows/Emission to soil/industrial,MJ,elementary,,,
405,false,725c7923-0ed8-43e5-b485-fad7e34bef08,"DOC, Dissolved Organic Carbon","Elementary flows/Emission to water/ground water, long-term",kg,elementary,,,
406,false,479daf8f-657e-46a6-bdea-3cb2c61c44b1,Silicon,Elementary flows/Emission to air/low population density,kg,elementary,,,
407,false,24cf82f8-c517-4fef-8f93-17519adb855e,Barium II,Elementary flows/Emission to air/low population density,kg,elementary,,,
408,false,76152de4-9499-48f7-af98-a5d41842484a,Iron ion,Elementary flows/Emission to air/low population density,kg,elementary,,,
409,false,130cedc6-f6ed-4f1b-bd1e-881177f79e74,Ammonium,"Elementary flows/Emission to water/ground water, long-term",kg,elementary,,,
410,false,3d719c07-ec27-4971-b7cc-4bcf17d77dd3,Sodium I,Elementary flows/Emission to air/low population density,kg,elementary,,,
411,false,f5d022f1-c26d-4044-ac88-d7c5bbff83c4,Nitrite,"Elementary flows/Emission to water/ground water, long-term",kg,elementary,,,
412,false,9540d6dc-b589-4fbb-8260-1b6a88b8bf11,Thallium I,Elementary flows/Emission to air/low population density,kg,elementary,,,
413,false,890c2697-3463-4466-bebb-aecc1e1e730b,Strontium II,Elementary flows/Emission to air/low population density,kg,elementary,,,
414,false,8b7dc667-f04e-492c-a161-80b1482126b0,Hydrogen fluoride,Elementary flows/Emission to air/low population density,kg,elementary,,,
415,true,4044e84c-26c5-4cef-b76c-8c660d60bcfe,"Organic carbon, placed in landfill",Elementary flows/Inventory indicator/waste,kg,elementary,,,
416,false,d6235194-e4e6-4548-bfa3-ac095131aef4,"Carbon dioxide, non-fossil",Elementary flows/Emission to air/low population density,kg,elementary,,,
417,false,736f52e8-9703-4076-8909-7ae80a7f8005,Ammonium,Elementary flows/Emission to water/ground water,kg,elementary,,,
418,false,71cfe87c-ab80-421e-adba-afb7d5bd0861,Silver I,Elementary flows/Emission to water/ground water,kg,elementary,,,
419,false,15fd8f0f-c3c2-4f63-b8d0-86793a22aacd,Calcium II,Elementary flows/Emission to air/low population density,kg,elementary,,,
420,false,db945649-d0d5-4818-ab81-dc8579469a05,Hydrogen sulfide,Elementary flows/Emission to water/ground water,kg,elementary,,,
421,false,b646bb3e-65e2-4f85-8376-9408e94e4b59,"Nitrogen, organic bound",Elementary flows/Emission to water/ground water,kg,elementary,,,
422,false,554be2fb-9bb9-46c6-a4df-46df0d53cb65,Hydrogen sulfide,"Elementary flows/Emission to water/ground water, long-term",kg,elementary,,,
423,false,9597c1a2-ecda-4a89-97c5-efcdc679058d,Potassium I,Elementary flows/Emission to air/low population density,kg,elementary,,,
424,false,c75dd699-08a5-4215-acf5-e618995e768f,Pentachlorobenzene,Elementary flows/Emission to air/high population density,kg,elementary,,,
425,false,ac066c02-b403-407b-a1f0-b29ad0f8188f,Calcium II,Elementary flows/Emission to water/surface water,kg,elementary,,,
426,false,198ce8e3-f05a-4bec-9f7f-325347453326,Phosphorus,Elementary flows/Emission to air/high population density,kg,elementary,,,
427,false,f8f772bc-7204-4fda-aa97-080fd0f1b34c,Titanium ion,Elementary flows/Emission to air/high population density,kg,elementary,,,
428,false,5d368100-b1bc-4456-8420-e469edccf349,Water,Elementary flows/Emission to air/high population density,m3,elementary,,,
429,false,1727b41d-377e-43cd-bc01-9eaba946eccb,Phosphate,Elementary flows/Emission to water/surface water,kg,elementary,,,
430,false,997dccfb-6574-46b8-ad93-7f31074abf9a,Silicon,Elementary flows/Emission to air/high population density,kg,elementary,,,
431,false,1af44724-172c-462b-b277-bb4b2fd32c33,Hexachlorobenzene,Elementary flows/Emission to air/high population density,kg,elementary,,,
432,false,152e5a83-96e8-4f54-af42-4f0925a771ac,"Heat, waste",Elementary flows/Emission to water/surface water,MJ,elementary,,,
433,false,a912f450-5233-489b-a2e9-8c029fab480f,Calcium II,Elementary flows/Emission to air/high population density,kg,elementary,,,
434,false,ccb169c3-8aae-4727-89bb-a7dd122946f3,"Particulate Matter, > 2.5 um and < 10um",Elementary flows/Emission to air/high population density,kg,elementary,,,
435,false,921df5eb-cde6-40ea-8744-c02746db0a3c,Cyanide,Elementary flows/Emission to air/high population density,kg,elementary,,,
436,false,ff36578b-f403-4656-b934-81d8d4e02dc8,Titanium ion,Elementary flows/Emission to water/surface water,kg,elementary,,,
437,false,32cd0492-c0cb-4898-a2b1-675eedc5b688,Iron ion,Elementary flows/Emission to air/high population density,kg,elementary,,,
438,false,08b928d8-1812-4e0b-b057-4bcaaba24865,Pentachlorophenol,Elementary flows/Emission to air/high population density,kg,elementary,,,
439,false,2cbb504a-ce2f-40e9-9d38-e130e95a1242,Benzo(a)pyrene,Elementary flows/Emission to air/high population density,kg,elementary,,,
440,true,419de9f0-ee00-4e95-9556-c8f06b17beec,"Carbon dioxide, non-fossil, resource correction",Elementary flows/Resource/in air,kg,elementary,,,
441,false,73ed05cc-9727-4abf-9516-4b5c0fe54a16,"Carbon dioxide, non-fossil",Elementary flows/Emission to air/high population density,kg,elementary,,,
442,false,259cf8d6-6ea8-4ccf-84b7-23c930a5b2b3,"Carbon dioxide, to soil or biomass stock",Elementary flows/Emission to soil/agricultural,kg,elementary,,,
443,true,9c77a9ae-fcb2-48ed-ae10-4dda59dd6c61,"Carbon, organic, increase in soil or biomass stock",Elementary flows/Resource/in ground,kg,elementary,,,
444,true,6e02ccfc-9eb5-4a51-be9a-870c1087c833,"Transformation, to permanent crop",Elementary flows/Resource/land,m2,elementary,,,
445,true,4d166779-88fd-441b-9537-f3b974e3bff7,"Transformation, from arable land, unspecified use",Elementary flows/Resource/land,m2,elementary,,,
446,false,2058d91e-bb9f-4fce-8e53-131825b14a23,Ozone,Elementary flows/Emission to air/unspecified,kg,elementary,,,
447,false,d961f86b-e36b-4ac6-8cd4-b253e496de79,"Aldehydes, unspecified",Elementary flows/Emission to air/high population density,kg,elementary,,,
448,false,0e940fff-f3ba-41b4-a5c6-d53a88bfc707,Sulfide,Elementary flows/Emission to water/surface water,kg,elementary,,,
449,false,1eb1b94c-e9d8-47ab-969b-9cca920157d8,"Particulate Matter, > 10 um",Elementary flows/Emission to air/high population density,kg,elementary,,,
450,false,ce6e5657-5e48-472d-b67e-fab246234be6,"Acidity, unspecified",Elementary flows/Emission to water/surface water,kg,elementary,,,
451,false,00d2fef1-e4d4-4a16-8e81-b8cc514e4c25,Fluoride,Elementary flows/Emission to water/surface water,kg,elementary,,,
452,false,e34d3da4-a3d5-41be-84b5-458afe32c990,Chromium III,Elementary flows/Emission to water/surface water,kg,elementary,,,
453,false,82c27b2a-69a8-4b1e-ad4e-4de9475630c6,"Oils, unspecified",Elementary flows/Emission to water/surface water,kg,elementary,,,
454,false,9798359e-a3ee-4362-a038-23a188582c6e,Nickel II,Elementary flows/Emission to water/surface water,kg,elementary,,,
455,false,cfecebe1-1e13-458d-85bc-d40a9f934927,Dissolved solids,Elementary flows/Emission to water/surface water,kg,elementary,,,
456,false,66bfb434-78ab-4183-b1a7-7f87d08974fa,Mercury II,Elementary flows/Emission to water/surface water,kg,elementary,,,
457,false,6d9550e2-e670-44c1-bad8-c0c4975ffca7,Copper ion,Elementary flows/Emission to water/surface water,kg,elementary,,,
458,false,d9008a06-991c-4acc-a33e-5483ffd2491e,Thallium I,Elementary flows/Emission to water/surface water,kg,elementary,,,
459,false,2f6bb945-2e93-4ea8-b3b6-7930c3680486,Scandium,Elementary flows/Emission to water/surface water,kg,elementary,,,
460,false,8216fc31-15a1-4d33-858f-e09650b14c63,Chromium VI,Elementary flows/Emission to water/surface water,kg,elementary,,,
461,false,1653bf60-f682-4088-b02d-6dc44eae2786,Potassium I,Elementary flows/Emission to water/surface water,kg,elementary,,,
462,false,af9793ba-25a1-4928-a14a-4bcf7d5bd3f7,Silver I,Elementary flows/Emission to water/surface water,kg,elementary,,,
463,false,34b96163-a3df-4bc1-8224-e2a9fe01b23f,Antimony ion,Elementary flows/Emission to water/surface water,kg,elementary,,,
464,false,4295ed5b-9824-4bbf-97a4-fc4cabd87f0d,Strontium II,Elementary flows/Emission to water/surface water,kg,elementary,,,
465,false,3ddb2e36-bc1b-43a5-8ef4-cbcdbeeeea70,Tin ion,Elementary flows/Emission to water/surface water,kg,elementary,,,
466,false,276e755c-ed57-466a-b555-4658c791f385,Beryllium II,Elementary flows/Emission to water/surface water,kg,elementary,,,
467,false,7673fea9-b4ab-403e-b011-f1fb5a74ea2a,Tungsten,Elementary flows/Emission to water/surface water,kg,elementary,,,
468,false,d4291dd5-dae8-47fa-bf06-466fcecbc210,Cobalt II,Elementary flows/Emission to water/surface water,kg,elementary,,,
469,false,295c9740-6fdb-4676-9eb8-15e3786f713d,"Particulate Matter, > 2.5 um and < 10um",Elementary flows/Emission to air/low population density,kg,elementary,,,
470,true,57c71b25-4663-4fad-9167-7ce5be3e8268,"Energy, kinetic (in wind), converted",Elementary flows/Resource/in air,MJ,elementary,,,
471,true,629ffbca-ca71-4e4b-a006-ca9bdd9cd1df,"Water, salt, ocean",Elementary flows/Resource/in water,m3,elementary,,,
472,false,d4f02ee2-ecb5-4572-91c8-c20cd2abb2c3,Hypochlorite,Elementary flows/Emission to water/ocean,kg,elementary,,,
473,false,9310f497-3205-4717-aaa8-1a94c321f7d8,Sodium I,Elementary flows/Emission to water/ocean,kg,elementary,,,
474,false,38321e66-f6ab-4908-b26f-c17267559bc5,Argon,Elementary flows/Emission to air/unspecified,kg,elementary,,,
475,false,04f42988-6207-4d09-a91f-155be8d27eb0,Hexachlorobenzene,Elementary flows/Emission to air/unspecified,kg,elementary,,,
476,true,478e8437-1c21-4032-8438-872a6b5ddcdf,"Water, unspecified natural origin",Elementary flows/Resource/in ground,m3,elementary,,,
477,false,456b8003-1508-4000-a53c-752e02023445,Polychlorinated biphenyls,Elementary flows/Emission to air/high population density,kg,elementary,,,
478,false,3cca7f02-58b0-4b49-9938-e0f8bea03064,"Hydrocarbons, aromatic",Elementary flows/Emission to air/unspecified,kg,elementary,,,
479,false,afcbd980-14c2-4e1d-a0aa-5f6464e5c76b,Hydrochloric acid,Elementary flows/Emission to air/high population density,kg,elementary,,,
480,false,81e17d9a-3e0b-414e-9b2e-eca7e5b3bd4a,Chromium VI,Elementary flows/Emission to air/unspecified,kg,elementary,,,
481,false,c9b97088-efc6-43c1-8d26-f78d6cdbb50b,Polychlorinated biphenyls,Elementary flows/Emission to air/unspecified,kg,elementary,,,
482,false,b15d845f-810e-4614-8633-af8bab2014ee,Titanium ion,Elementary flows/Emission to air/unspecified,kg,elementary,,,
483,false,d4238781-b3da-4efc-b20f-a5ec1d9d85b6,Platinum,Elementary flows/Emission to air/low population density,kg,elementary,,,
484,false,b821ad93-ba6a-4d74-b6ae-ca12cd9563d7,"Carbon monoxide, non-fossil",Elementary flows/Emission to air/low population density,kg,elementary,,,
485,false,f4d0a2c8-efef-4188-85da-5801097389a2,Arsenic ion,Elementary flows/Emission to air/high population density,kg,elementary,,,
486,false,58a3086e-3ded-4751-a313-05608f725081,Boron,Elementary flows/Emission to soil/industrial,kg,elementary,,,
487,false,a768b3a4-dce7-48f2-bb44-89c8a4ba00d1,Fluoride,Elementary flows/Emission to soil/industrial,kg,elementary,,,
488,false,2f8952b0-c90c-4e3d-b546-52b862fc8f11,Phosphorus,Elementary flows/Emission to soil/industrial,kg,elementary,,,
489,false,98693cdf-d9fc-43ed-bfe6-78dfe5742d33,Iron ion,Elementary flows/Emission to soil/industrial,kg,elementary,,,
490,false,ee018b5e-c9c3-486b-aeb4-ef045a4e3ccd,Strontium II,Elementary flows/Emission to soil/industrial,kg,elementary,,,
491,false,9c706cff-cb82-4207-a589-95896e04dc08,Manganese II,Elementary flows/Emission to soil/industrial,kg,elementary,,,
492,false,e65a9c58-21f1-48b6-b738-d05a8f10e5f3,Chromium III,Elementary flows/Emission to soil/industrial,kg,elementary,,,
493,false,cc1c987a-2b6e-4cbc-969a-73f1c96de448,Sodium I,Elementary flows/Emission to soil/industrial,kg,elementary,,,
494,false,7f8fd1ca-0412-4b2e-90fd-a9d294d947a3,Carbon,Elementary flows/Emission to soil/industrial,kg,elementary,,,
495,false,5719929a-8c5b-48cc-a039-b11a9f380467,Barium II,Elementary flows/Emission to soil/industrial,kg,elementary,,,
496,false,581ddcdf-82b7-4f87-83ee-761a44fea7f7,Magnesium,Elementary flows/Emission to soil/industrial,kg,elementary,,,
497,false,bc269269-1874-4423-b5f0-eed0f5227684,Potassium I,Elementary flows/Emission to soil/industrial,kg,elementary,,,
498,false,16f40b1c-f7c8-4100-9916-81a260493951,Sulfur,Elementary flows/Emission to soil/industrial,kg,elementary,,,
499,false,b1991748-2151-4b51-8cdb-a8b4203677dc,Chloride,Elementary flows/Emission to soil/industrial,kg,elementary,,,
500,false,765546a9-b056-4d27-ad14-2f016511bdcb,Aluminium III,Elementary flows/Emission to soil/industrial,kg,elementary,,,
501,false,a57cb19d-f436-4c0c-a2ab-097c544bd95f,Silicon,Elementary flows/Emission to soil/industrial,kg,elementary,,,
502,false,ebc4c2a3-c004-4053-8048-f41fdd9324c8,Arsenic ion,Elementary flows/Emission to soil/industrial,kg,elementary,,,
503,false,57117e3c-15aa-4b4d-b953-6d33986aa5aa,Calcium II,Elementary flows/Emission to soil/industrial,kg,elementary,,,
504,false,b88999ec-84fd-462d-9dec-7e20a4636a58,Zinc II,Elementary flows/Emission to soil/industrial,kg,elementary,,,
505,false,cbf58f64-9286-406f-8dcb-ef1d81eec980,Isopropanol,Elementary flows/Emission to air/high population density,kg,elementary,,,
506,false,34d04e86-d650-4f1e-96d5-7f09132fddcc,Protactinium-234,Elementary flows/Emission to water/surface water,kBq,elementary,,,
507,false,ab9983bf-92f0-4e39-81b2-09c874a002cc,Uranium-238,Elementary flows/Emission to water/surface water,kBq,elementary,,,
508,false,fb13070e-06f1-4964-832f-a23945b880cc,Protactinium-234,Elementary flows/Emission to air/low population density,kBq,elementary,,,
509,false,a50b408b-d437-44f8-b1db-d75be4d3f22b,Uranium-235,Elementary flows/Emission to water/surface water,kBq,elementary,,,
510,false,8e2a5517-13ff-4423-b1ec-3632b0a72bf5,Thorium-234,Elementary flows/Emission to air/low population density,kBq,elementary,,,
511,false,e6aafd63-a6d5-41f7-9b82-45f791c7037c,Uranium-238,Elementary flows/Emission to air/low population density,kBq,elementary,,,
512,false,ac98d2a4-4985-49f9-b4e2-fc896ef145b6,Uranium-234,Elementary flows/Emission to air/low population density,kBq,elementary,,,
513,false,d1679eda-eac2-4be4-876f-3be480c53dc4,Radium-226,Elementary flows/Emission to air/low population density,kBq,elementary,,,
514,false,4eb24f81-0468-4b92-bae3-8b12dfc90438,Thorium-230,Elementary flows/Emission to air/low population density,kBq,elementary,,,
515,false,6b44284d-6941-4ae6-815e-ce87f5b603bb,Uranium-235,Elementary flows/Emission to air/low population density,kBq,elementary,,,
516,false,409f6c8a-95df-4e86-8306-5439bd0643c8,Thorium-234,Elementary flows/Emission to water/surface water,kBq,elementary,,,
517,false,4f1d83f7-671d-4865-b42a-e6f01661ec17,Uranium-234,Elementary flows/Emission to water/surface water,kBq,elementary,,,
518,false,94e22edc-fe4b-4bab-9a09-a081595389cc,Boron,Elementary flows/Emission to water/surface water,kg,elementary,,,
519,false,2cb2333c-1599-46cf-8435-3dffce627524,"Carbon monoxide, non-fossil",Elementary flows/Emission to air/unspecified,kg,elementary,,,
520,false,7b192eb2-644e-544a-9299-4a79cb4dd479,Aluminium hydroxide,Elementary flows/Emission to water/unspecified,kg,elementary,,,
521,true,8f5c8cb3-dccd-45da-9f1f-d1c61cd789c3,"Transformation, to dump site, residual material landfill",Elementary flows/Resource/land,m2,elementary,,,
522,false,8077467e-8d30-46cc-ab55-5759286eebd3,Ethyl acetate,Elementary flows/Emission to air/unspecified,kg,elementary,,,
523,false,43a7aa3a-a34d-467a-943f-4a263ebe8df3,Ethyl acetate,Elementary flows/Emission to water/unspecified,kg,elementary,,,
524,false,9ec076d9-6d9f-4a0b-9851-730626ed4319,Oxygen,Elementary flows/Emission to air/unspecified,kg,elementary,,,
525,false,97f92a10-ea74-463f-a9d7-3c852b6aab4c,Formic acid,Elementary flows/Emission to water/unspecified,kg,elementary,,,
526,false,d3709c7e-7c61-45a4-92e4-f7cf95ebe3a2,Methyl ethyl ketone,Elementary flows/Emission to air/unspecified,kg,elementary,,,
527,false,f3d5fd96-8805-4d3d-867a-5df27975b07f,Acetone,Elementary flows/Emission to air/unspecified,kg,elementary,,,
528,false,982b0510-96ac-4bcb-a758-e98006b95f4d,Butane,Elementary flows/Emission to air/unspecified,kg,elementary,,,
529,false,3cea246d-706f-4280-ac52-3c7590e8fa7f,Acetic acid,Elementary flows/Emission to water/unspecified,kg,elementary,,,
530,false,d78a3d22-4bed-4ad3-8a9c-1cc4645188d0,Acetone,Elementary flows/Emission to water/unspecified,kg,elementary,,,
531,false,bd70c699-1ea1-4bb1-b23d-bc771d7d6311,Methyl acetate,Elementary flows/Emission to air/unspecified,kg,elementary,,,
532,false,c2f5d202-daf5-4e73-87ec-2c4fc75b832c,Methyl acetate,Elementary flows/Emission to water/unspecified,kg,elementary,,,
533,true,a9ac40a0-9bea-4c48-afa7-66aa6eb90624,Copper,Elementary flows/Resource/in ground,kg,elementary,,,
534,false,d1fd0de4-afa8-4385-b91b-023493b68782,Bromate,Elementary flows/Emission to water/surface water,kg,elementary,,,
535,false,aa567547-9821-456a-8412-e726735eeb29,Fluorine,Elementary flows/Emission to air/high population density,kg,elementary,,,
536,false,257eacb9-96fe-4a3d-961a-f5e6c7823ff0,Hydrogen fluoride,Elementary flows/Emission to air/high population density,kg,elementary,,,
537,false,626dd1d8-5355-40cb-8569-9c87c2c6ab18,"Hydrocarbons, chlorinated",Elementary flows/Emission to air/high population density,kg,elementary,,,
538,false,2716807d-0266-48ff-bb7a-6e6c5fbfd5c5,Dichloromethane,Elementary flows/Emission to air/high population density,kg,elementary,,,
539,false,250dd08a-ee61-4a2b-86f8-b21e9ebe6ed9,Ethylene dichloride,Elementary flows/Emission to water/surface water,kg,elementary,,,
540,false,826677aa-8347-4494-85da-a26fe3e1e824,Sulfate,Elementary flows/Emission to air/high population density,kg,elementary,,,
541,true,8ce3ff02-7a1e-48e3-881e-3248b944f28a,Iron,Elementary flows/Resource/in ground,kg,elementary,,,
542,false,e3cfaa07-9b68-4461-a06f-a0e4e59d41d3,Hydrogen sulfide,Elementary flows/Emission to air/high population density,kg,elementary,,,
543,true,a4375a18-172c-4f82-90b7-bca972f75548,Granite,Elementary flows/Resource/in ground,kg,elementary,,,
544,true,9e9b6792-40e6-4d62-a3e0-ebebc0c65166,Shale,Elementary flows/Resource/in ground,kg,elementary,,,
545,true,a45cd247-3532-4e27-bddc-b519fdb5e08f,Aluminium,Elementary flows/Resource/in ground,kg,elementary,,,
546,true,024c9722-1e88-412b-8c4b-10c532be8dca,"Coal, brown",Elementary flows/Resource/in ground,kg,elementary,,,
547,true,f7519ca9-5ffc-41c3-a33e-806da82cfc0e,"Clay, unspecified",Elementary flows/Resource/in ground,kg,elementary,,,
548,true,c2586875-bb56-4b1e-84c5-5ff255a1108b,Manganese,Elementary flows/Resource/in ground,kg,elementary,,,
549,false,0561e8f7-bb2b-45b7-b4ab-e750f6842981,"Chlorinated solvents, unspecified",Elementary flows/Emission to water/surface water,kg,elementary,,,
550,true,238f8ea9-98df-41dc-ab93-ea5b549a0b96,Gravel,Elementary flows/Resource/in ground,kg,elementary,,,
551,true,99ee393d-4bd1-4cc8-b0a0-d956865fb7bf,Calcite,Elementary flows/Resource/in ground,kg,elementary,,,
552,false,ed8da356-ed40-4a35-8de4-57aee1d3c279,"Xylenes, unspecified",Elementary flows/Emission to air/high population density,kg,elementary,,,
553,false,3ea5684a-6d64-4f96-8c09-1d90f997c9d4,Antimony ion,Elementary flows/Emission to air/high population density,kg,elementary,,,
554,true,2f033407-6060-4e1e-868c-9f362d10fdb2,Titanium,Elementary flows/Resource/in ground,kg,elementary,,,
555,true,a2a4f255-ad47-4cf8-b6a9-e10885d61407,Sodium nitrate,Elementary flows/Resource/in ground,kg,elementary,,,
556,false,baf58fc9-573c-419c-8c16-831ac03203b9,"Methane, non-fossil",Elementary flows/Emission to air/high population density,kg,elementary,,,
557,true,b1e13de6-e0a4-56b6-b096-7ab1171d60e3,Sylvite,Elementary flows/Resource/in ground,kg,elementary,,,
558,true,54b9cbd0-65df-4fd3-8a19-dd3b8eccc619,Mercury,Elementary flows/Resource/in ground,kg,elementary,,,
559,false,8b5d5c1d-c786-4367-94f0-fae42cd3ac0a,"Hydrocarbons, aromatic",Elementary flows/Emission to air/high population density,kg,elementary,,,
560,true,240177d8-6f3b-43f5-8d1e-0c18114dfa02,Barium,Elementary flows/Resource/in ground,kg,elementary,,,
561,true,fbcb9c7a-eea7-4694-ba6c-568e01d28883,Lead,Elementary flows/Resource/in ground,kg,elementary,,,
562,true,423ef039-6057-4f63-94bd-e9410d024bd0,"Sand, unspecified",Elementary flows/Resource/in ground,kg,elementary,,,
563,false,b2631209-8374-431e-b7d5-56c96c6b6d79,Phosphorus,Elementary flows/Emission to water/surface water,kg,elementary,,,
564,false,14b6726a-44bf-4ad4-b933-02470d84c22a,Carbon disulfide,Elementary flows/Emission to air/high population density,kg,elementary,,,
565,true,bc97531c-12d8-4113-bcb2-663a47d12d0f,Talc,Elementary flows/Resource/in ground,kg,elementary,,,
566,false,2c931139-2463-4abd-9dc0-3523477499db,Carbonate,Elementary flows/Emission to water/surface water,kg,elementary,,,
567,true,d7cadc9a-f42c-4711-a8e2-0b626c0a4c7a,Olivine,Elementary flows/Resource/in ground,kg,elementary,,,
568,false,9afa0173-ecbd-4f2c-9c5c-b3128a032812,"Carbon monoxide, non-fossil",Elementary flows/Emission to air/high population density,kg,elementary,,,
569,true,93806a54-46f5-409c-99c5-4144a1e73b5d,"Clay, bentonite",Elementary flows/Resource/in ground,kg,elementary,,,
570,false,cfe43cd8-3356-4d29-bb02-5b9c9ede0aec,Vinyl chloride,Elementary flows/Emission to water/surface water,kg,elementary,,,
571,true,0b9159dd-305d-4add-802f-f7b780ed0289,Sodium chloride,Elementary flows/Resource/in ground,kg,elementary,,,
572,true,26296ec9-ff93-41e6-bbbf-6175af04284d,Feldspar,Elementary flows/Resource/in ground,kg,elementary,,,
573,true,7c337428-fb1b-45c7-bbb2-2ee4d29e17ba,"Gas, natural",Elementary flows/Resource/in ground,m3,elementary,,,
574,true,6df9ea09-115a-4678-9f30-d92c877a46ec,Anhydrite,Elementary flows/Resource/in ground,kg,elementary,,,
575,false,e395a1a3-6915-4b72-a533-ff1a82fc3da1,"AOX, Adsorbable Organic Halides",Elementary flows/Emission to water/surface water,kg,elementary,,,
576,true,c7aee986-b7d8-4ad9-ad45-1ac0d68e6b78,Dolomite,Elementary flows/Resource/in ground,kg,elementary,,,
577,false,7c09916a-b6b5-47f5-bdf6-30d2511beb82,Ethyl benzene,Elementary flows/Emission to air/high population density,kg,elementary,,,
578,true,0fa4f51e-b0dc-5d11-84d3-b32f0f3c88d5,Fluorspar,Elementary flows/Resource/in ground,kg,elementary,,,
579,false,a1891db2-db98-45fc-ae0e-b3d3c17850c5,Benzene,Elementary flows/Emission to water/surface water,kg,elementary,,,
580,true,c5035ce2-5ee5-431f-a287-4b25da42be74,Peat,Elementary flows/Resource/biotic,kg,elementary,,,
581,false,ce312691-69ee-4cdb-9bd6-f717955b94b8,Chlorine,Elementary flows/Emission to water/surface water,kg,elementary,,,
582,false,ae70ca6c-807a-482b-9ddc-e449b4893fe3,Nitrogen,Elementary flows/Emission to water/surface water,kg,elementary,,,
583,false,c9e29113-8f61-41bb-8bc1-b49c6f152fd9,Cyanide,Elementary flows/Emission to water/surface water,kg,elementary,,,
584,true,e189e2d4-3d3f-4ada-b302-91611784311f,Chromium,Elementary flows/Resource/in ground,kg,elementary,,,
585,false,468bebea-17ee-49d3-b11d-c603d91c67c8,Ethylene dichloride,Elementary flows/Emission to air/high population density,kg,elementary,,,
586,true,852281f6-db73-4250-84d3-86b569fce0c1,Sulfur,Elementary flows/Resource/in ground,kg,elementary,,,
587,true,974213ef-1ba0-40e5-bc7b-52ef099e9e09,Nickel,Elementary flows/Resource/in ground,kg,elementary,,,
588,false,25131632-4b24-4625-8940-60d00385dad5,Chlorate,Elementary flows/Emission to water/surface water,kg,elementary,,,
589,false,127ff74d-018b-43b9-8a4e-fb5577d5ee5a,Vinyl chloride,Elementary flows/Emission to air/high population density,kg,elementary,,,
590,true,be73218b-18af-492e-96e6-addd309d1e32,Zinc,Elementary flows/Resource/in ground,kg,elementary,,,
591,true,88d06db9-59a1-4719-9174-afeb1fa4026a,"Oil, crude",Elementary flows/Resource/in ground,kg,elementary,,,
592,true,483ae3c5-4eb0-46e4-b811-a72ad391716b,Phosphorus,Elementary flows/Resource/in ground,kg,elementary,,,
593,true,01c12fca-ad8b-4902-8b48-2d5afe3d3a0f,"Energy, gross calorific value, in biomass",Elementary flows/Resource/biotic,MJ,elementary,,,
594,false,c6462d84-caa9-425a-a923-45238690c6f3,Silver I,Elementary flows/Emission to air/high population density,kg,elementary,,,
595,true,23e83c1f-07c9-4b5f-a898-0f4f09a6691f,"Wood, unspecified, standing",Elementary flows/Resource/biotic,m3,elementary,,,
596,true,a4bab069-74a9-5b4c-8d6e-5ca984cd9ecd,Magnesite,Elementary flows/Resource/in ground,kg,elementary,,,
597,true,b6d0042d-0ef8-49ed-9162-a07ff1ccf750,"Coal, hard",Elementary flows/Resource/in ground,kg,elementary,,,
598,false,11f41c41-7733-49bc-b1b1-1f00fbade521,Ammonium carbonate,Elementary flows/Emission to air/high population density,kg,elementary,,,
599,true,fdda4f8e-b620-4df6-92a9-101a251d2f42,"Transformation, to heterogeneous, agricultural",Elementary flows/Resource/land,m2,elementary,,,
600,true,64d99cb5-3b4f-4195-b86f-c5f45b4dcd19,"Transformation, from mineral extraction site",Elementary flows/Resource/land,m2,elementary,,,
601,false,bae57811-0343-41be-97cf-2c74279dd638,Thorium-228,Elementary flows/Emission to air/low population density,kBq,elementary,,,
602,false,9e8d685c-9948-4dc0-9c0b-d5c511e14d05,Cyanide,Elementary flows/Emission to air/low population density,kg,elementary,,,
603,false,e70d3563-78c4-42cf-8cf3-5ac42c499589,Radon-220,Elementary flows/Emission to air/low population density,kBq,elementary,,,
604,false,006aa3f7-59ba-450f-aa45-a2b2d1752647,Sulfate,Elementary flows/Emission to air/low population density,kg,elementary,,,
605,false,7069a2cd-257a-4a29-b10f-1e21ed853709,Potassium-40,Elementary flows/Emission to air/low population density,kBq,elementary,,,
606,false,1a796dc4-5dcb-40da-a609-3a5a40655fad,Cumene,Elementary flows/Emission to air/low population density,kg,elementary,,,
607,false,03b279a7-4626-4703-a451-d0650599dbd9,Chromium VI,Elementary flows/Emission to air/low population density,kg,elementary,,,
608,false,481c0dd4-3ab2-47b5-94c4-b990e8a9dde5,Vanadium V,Elementary flows/Emission to air/low population density,kg,elementary,,,
609,false,2d50f4c8-a917-4496-a7d9-470b080faf68,"Hydrocarbons, aliphatic, unsaturated",Elementary flows/Emission to air/low population density,kg,elementary,,,
610,false,e0e605c8-370b-4b5a-b6d4-2e7a5a1a6709,Ethyl benzene,Elementary flows/Emission to air/low population density,kg,elementary,,,
611,false,d6626dfb-3ac8-4169-9e75-54c41ef2a582,"Hydrocarbons, chlorinated",Elementary flows/Emission to air/low population density,kg,elementary,,,
612,false,d32f9dd8-9514-4c22-8c99-2e108609731f,Bromine,Elementary flows/Emission to air/low population density,kg,elementary,,,
613,false,d4b61c6c-a620-4a91-afc6-ca87ef97b55a,Dichloromethane,Elementary flows/Emission to air/low population density,kg,elementary,,,
614,false,e8783a01-d3f5-4c08-b7b0-12af0f33c20d,Lead-210,Elementary flows/Emission to air/low population density,kBq,elementary,,,
615,false,23856318-9583-426b-ab04-12e4506b60a8,Propylene,Elementary flows/Emission to air/low population density,kg,elementary,,,
616,false,ed63abd0-7cc6-4825-8759-b367e560fe95,Methylchloride,Elementary flows/Emission to air/low population density,kg,elementary,,,
617,false,15f9ebbb-b1b5-4bf7-88c6-d99424f5eced,Carbon disulfide,Elementary flows/Emission to air/low population density,kg,elementary,,,
618,false,a1d277aa-7aea-4b5e-8aa9-2789ba8ff333,"Xylenes, unspecified",Elementary flows/Emission to air/low population density,kg,elementary,,,
619,false,fa9b9736-6de8-4bd6-ba22-1bd78c798373,Chloroform,Elementary flows/Emission to air/low population density,kg,elementary,,,
620,false,5f4baaf6-055e-491e-9852-258897ab5194,"Hydrocarbons, aliphatic, alkanes, cyclic",Elementary flows/Emission to air/low population density,kg,elementary,,,
621,false,63974d2c-11f3-45eb-be9c-726261b04d85,Phenol,Elementary flows/Emission to air/low population density,kg,elementary,,,
622,false,ba1a3dcb-d53a-42fd-80f0-d09f3a12ffe2,"Aldehydes, unspecified",Elementary flows/Emission to air/low population density,kg,elementary,,,
623,false,2d456fb8-592b-46a7-97f0-81fc2a18e587,Styrene,Elementary flows/Emission to air/low population density,kg,elementary,,,
624,false,02703daf-fde4-489a-b7e5-523e46151312,"Actinides, radioactive, unspecified",Elementary flows/Emission to air/low population density,kBq,elementary,,,
625,false,17a98e7f-a8fd-431d-9bb6-6c4bf3fc5517,"Hydrocarbons, aliphatic, alkanes, unspecified",Elementary flows/Emission to air/low population density,kg,elementary,,,
626,false,512364ac-5bba-4b77-8712-981247617519,Boron,Elementary flows/Emission to air/low population density,kg,elementary,,,
627,false,793f8194-88c0-4315-b59e-58de48ba6ce4,Radium-228,Elementary flows/Emission to air/low population density,kBq,elementary,,,
628,false,4c54be62-05f1-4201-940d-f161537be704,Thorium-232,Elementary flows/Emission to air/low population density,kBq,elementary,,,
629,false,754028fd-e650-4804-922e-694a764ba578,Tetrachloroethylene,Elementary flows/Emission to air/low population density,kg,elementary,,,
630,false,1471acca-34ab-4e04-9bd6-e3825b20580f,Iodine,Elementary flows/Emission to air/low population density,kg,elementary,,,
631,false,44dd80c7-9960-4881-8431-939509b81f53,Polonium-210,Elementary flows/Emission to air/low population density,kBq,elementary,,,
632,false,99585564-bfce-4845-9aaa-2f24b8f26a41,"1,1,1-Trichloroethane",Elementary flows/Emission to air/low population density,kg,elementary,,,
633,false,12840cef-c3b8-4ef2-b7d4-3a73dbd6a280,Acrolein,Elementary flows/Emission to air/low population density,kg,elementary,,,
634,false,89324b2f-1e73-4eb1-9716-96b9be0349ac,Ethylene dichloride,Elementary flows/Emission to air/low population density,kg,elementary,,,
635,false,142ce3b0-4bd6-47a3-9991-7c657c947ffe,Furan,Elementary flows/Emission to air/low population density,kg,elementary,,,
636,false,2cba713d-ab0b-44cb-babb-f8cac262554f,Vanadium V,Elementary flows/Emission to air/high population density,kg,elementary,,,
637,false,ca04300a-8338-4601-ba7c-66c10a4f6322,Cobalt II,Elementary flows/Emission to air/high population density,kg,elementary,,,
638,false,379a827c-3290-4810-9689-b9e892945836,Ethanol,Elementary flows/Emission to air/high population density,kg,elementary,,,
639,false,c26d4716-ce1e-43da-a662-cd9498b1e8bc,Molybdenum VI,Elementary flows/Emission to air/high population density,kg,elementary,,,
640,false,bfa26b15-5340-441e-acb4-0bb19a4028d3,"Hydrocarbons, aliphatic, alkanes, unspecified",Elementary flows/Emission to air/high population density,kg,elementary,,,
641,false,b0546417-3064-4878-bd6f-2da75cefdf63,Manganese II,Elementary flows/Emission to air/high population density,kg,elementary,,,
642,false,84f7125c-2ada-4bb1-abc6-554c40d1eeed,Hypochlorite,Elementary flows/Emission to water/surface water,kg,elementary,,,
643,false,ad0ce2f1-e6ca-4ab4-a9e7-b9c0137a8e00,Sulfite,Elementary flows/Emission to water/surface water,kg,elementary,,,
644,false,b9b68c0c-053e-41de-ab72-8dfe1c3f5755,Acetic acid,Elementary flows/Emission to air/high population density,kg,elementary,,,
645,false,98eb1d16-9d7a-4716-9be4-1449341a832f,Sodium I,Elementary flows/Emission to air/high population density,kg,elementary,,,
646,false,19e97bd6-d0ae-4208-bd77-d58e5d46d827,Beryllium II,Elementary flows/Emission to air/high population density,kg,elementary,,,
647,false,34837fe3-4332-493c-86bb-95a207d9c234,"Hydrocarbons, aliphatic, unsaturated",Elementary flows/Emission to air/high population density,kg,elementary,,,
648,false,f873299d-0675-4fdc-ad01-c5a4b951b583,Methanol,Elementary flows/Emission to air/high population density,kg,elementary,,,
649,false,0a5e8a67-f9ae-48b3-bfa7-e9d37c30a191,Copper ion,Elementary flows/Emission to soil/industrial,kg,elementary,,,
650,false,17505bf8-40af-4580-8608-5841ff063d23,Scandium,Elementary flows/Emission to air/low population density,kg,elementary,,,
651,false,ea4e9316-5080-4b3b-bbf3-1949f6d7577a,Phosphorus,Elementary flows/Emission to air/low population density,kg,elementary,,,
652,false,16316600-f12a-410b-8726-3faee64de60a,Silver I,Elementary flows/Emission to soil/industrial,kg,elementary,,,
653,false,2113ec49-2b48-4808-8e40-837769be8337,Bromine,Elementary flows/Emission to soil/industrial,kg,elementary,,,
654,false,0bbb2dfe-6dc8-4a22-9d23-db140afb7faf,Scandium,Elementary flows/Emission to soil/industrial,kg,elementary,,,
655,false,1a5850a0-0069-4b73-bb91-7a61e8d45ae5,Vanadium V,Elementary flows/Emission to soil/industrial,kg,elementary,,,
656,false,2b2369a4-26bb-4b18-8479-752fdf7a5e7f,Antimony ion,Elementary flows/Emission to soil/industrial,kg,elementary,,,
657,false,07279b73-709f-4ac2-a9e1-82fbd01ce301,Polychlorinated biphenyls,Elementary flows/Emission to air/low population density,kg,elementary,,,
658,false,07f704a2-2746-4364-bcfd-606cefc30715,"Heat, waste",Elementary flows/Emission to air/low population density,MJ,elementary,,,
659,false,bc3d3e8d-249a-4e6d-85e8-3a003ca32776,Thallium I,Elementary flows/Emission to soil/industrial,kg,elementary,,,
660,false,89721e33-60fa-4447-bfc6-2f27d44a7893,Cadmium II,Elementary flows/Emission to soil/industrial,kg,elementary,,,
661,false,e2128dc4-e065-4030-81b3-c978d7bc48ec,Mercury II,Elementary flows/Emission to soil/industrial,kg,elementary,,,
662,false,41abb9cf-8e9a-40fe-895e-d491e32244b4,Titanium ion,Elementary flows/Emission to soil/industrial,kg,elementary,,,
663,false,56a24912-2d66-4124-87d8-f760c2fe3973,Selenium IV,Elementary flows/Emission to soil/industrial,kg,elementary,,,
664,false,b0758e8e-691c-4c96-8a90-4784c47cd962,Beryllium II,Elementary flows/Emission to soil/industrial,kg,elementary,,,
665,false,3cc27705-f130-4e46-9de0-a1ca0ae1f7c6,Tungsten,Elementary flows/Emission to soil/industrial,kg,elementary,,,
666,false,eadc37a4-8b1e-4dd2-8f4a-39d89d5f39ba,Nitrogen,Elementary flows/Emission to soil/industrial,kg,elementary,,,
667,false,a72a45ee-395a-4d25-b893-9d183e43e76e,Nickel II,Elementary flows/Emission to soil/industrial,kg,elementary,,,
668,false,7533d11b-e96e-4a99-80f2-91400a62d650,"Dioxins, measured as 2,3,7,8-tetrachlorodibenzo-p-dioxin",Elementary flows/Emission to soil/industrial,kg,elementary,,,
669,false,e070bd24-fd16-4963-8f4d-78bb4c402400,Tin ion,Elementary flows/Emission to soil/industrial,kg,elementary,,,
670,false,c126f8a0-6bc4-42e6-9220-d6ccfef3f2ed,Molybdenum VI,Elementary flows/Emission to soil/industrial,kg,elementary,,,
671,false,381a22c9-3722-4378-810d-86958f7b6d32,Cobalt II,Elementary flows/Emission to soil/industrial,kg,elementary,,,
672,false,67652827-017f-4856-8d0a-c97bac4c6562,Lead II,Elementary flows/Emission to soil/industrial,kg,elementary,,,
673,false,f563b90e-a300-4403-b278-d2fdcd73e5a7,Tin ion,Elementary flows/Emission to air/low population density,kg,elementary,,,
674,false,87a69874-34f9-4070-a525-aa301ab2634b,Zinc II,Elementary flows/Emission to air/lower stratosphere + upper troposphere,kg,elementary,,,
675,false,ddd99a3a-be86-423d-b36a-a9dc8af1b1f8,"Particulate Matter, < 2.5 um",Elementary flows/Emission to air/lower stratosphere + upper troposphere,kg,elementary,,,
676,false,dd1bbaa1-d1f1-4584-aeb2-6f02bfb04e87,Cadmium II,Elementary flows/Emission to air/lower stratosphere + upper troposphere,kg,elementary,,,
677,false,a3beb5ac-5149-47f6-a035-53fc5030f10a,"Carbon monoxide, fossil",Elementary flows/Emission to air/lower stratosphere + upper troposphere,kg,elementary,,,
678,false,16521d00-4b6f-464f-b5dd-8da4a27b15ca,Sulfur dioxide,Elementary flows/Emission to air/lower stratosphere + upper troposphere,kg,elementary,,,
679,false,0545c382-2312-43b6-9ec3-63dbb1438565,Nickel II,Elementary flows/Emission to air/lower stratosphere + upper troposphere,kg,elementary,,,
680,false,2a5ed451-12a2-47db-b4dc-fa0bfbc01d79,Chromium III,Elementary flows/Emission to air/lower stratosphere + upper troposphere,kg,elementary,,,
681,false,f14b59ff-d438-442d-8bad-b53694b8263a,Water,Elementary flows/Emission to air/lower stratosphere + upper troposphere,m3,elementary,,,
682,false,fbfabc26-84d9-46cd-9d1b-1a0060325b64,Selenium IV,Elementary flows/Emission to air/lower stratosphere + upper troposphere,kg,elementary,,,
683,false,48aa661d-be05-4c24-94fe-8d6feb3dcb31,Mercury II,Elementary flows/Emission to air/lower stratosphere + upper troposphere,kg,elementary,,,
684,false,36c96aed-9335-4564-8cdd-46f01a13700c,"NMVOC, non-methane volatile organic compounds",Elementary flows/Emission to air/lower stratosphere + upper troposphere,kg,elementary,,,
685,false,3573a5af-88f8-4f74-ade7-cd269cbc4e66,Copper ion,Elementary flows/Emission to air/lower stratosphere + upper troposphere,kg,elementary,,,
686,false,16eeda8a-1ea2-408e-ab37-2648495058dd,"Carbon dioxide, fossil",Elementary flows/Emission to air/lower stratosphere + upper troposphere,kg,elementary,,,
687,false,4841a0fe-c250-4a39-94a1-1bc31426c0f1,Nitrogen oxides,Elementary flows/Emission to air/lower stratosphere + upper troposphere,kg,elementary,,,
688,false,fe4613d7-1ed8-427d-9b06-c8e8f4f5e1b1,Lead II,Elementary flows/Emission to air/lower stratosphere + upper troposphere,kg,elementary,,,
689,false,16fcd4f9-0bb8-4b84-8334-3ffb1a17aa74,"1,1,1,2-Tetrafluoroethane",Elementary flows/Emission to air/low population density,kg,elementary,,,
690,false,0d3ccb17-b3fe-4c08-b7cb-458ed3ababf1,Ethanol,Elementary flows/Emission to air/low population density,kg,elementary,,,
691,false,a703733d-fabc-487b-826a-06c11ac4c0c6,"Nitrogen, organic bound",Elementary flows/Emission to water/unspecified,kg,elementary,,,
692,false,64165202-4870-47d0-8602-b85e5d672865,Propylene,Elementary flows/Emission to air/unspecified,kg,elementary,,,
693,false,90f722bf-cb9b-571a-88fc-34286632bdc4,Ethylene,Elementary flows/Emission to air/unspecified,kg,elementary,,,
694,false,1ed87d8c-afc2-47f1-af5a-df78ed6bad83,Formaldehyde,Elementary flows/Emission to water/surface water,kg,elementary,,,
695,true,70aa745b-8bc5-4433-b2f5-d1da652ba166,"Occupation, urban/industrial fallow (non-use)",Elementary flows/Resource/land,m2*a,elementary,,,
696,true,f157b88d-f288-473c-8b03-0f97b58235ff,"Transformation, to urban/industrial fallow (non-use)",Elementary flows/Resource/land,m2,elementary,,,
697,false,7a65d41a-561b-4090-bd81-13672abce16f,Acetaldehyde,Elementary flows/Emission to water/surface water,kg,elementary,,,
698,false,bac53020-1fed-4119-9242-33e4a2597560,Bromine,Elementary flows/Emission to water/surface water,kg,elementary,,,
699,false,19b6e569-85a4-4ea9-a590-d61a21e3c846,Tin ion,Elementary flows/Emission to air/high population density,kg,elementary,,,
700,false,77c46f0e-c8c0-4bc3-992c-2a9725d49f70,Bromine,Elementary flows/Emission to air/high population density,kg,elementary,,,
701,false,aac39edf-68c5-4f38-9aa9-17e3ca265109,Potassium I,Elementary flows/Emission to air/high population density,kg,elementary,,,
702,false,ebfe261d-ab0d-4ade-8743-183c8c6bdcc6,Magnesium,Elementary flows/Emission to air/high population density,kg,elementary,,,
703,true,8bc09c04-2190-4ee2-9ee2-ae988ccd4e0c,"Energy, geothermal, converted",Elementary flows/Resource/in ground,MJ,elementary,,,
704,false,9122eb15-12c8-4621-a036-209f6c06e3fb,Napropamide,Elementary flows/Emission to soil/agricultural,kg,elementary,,,
705,false,3d92a9a3-8942-4ed9-8522-fe027656e9e9,Tebutam,Elementary flows/Emission to soil/agricultural,kg,elementary,,,
706,true,cc6a1abb-b123-4ca6-8f16-38209df609be,"Carbon dioxide, in air",Elementary flows/Resource/in air,kg,elementary,,,
707,false,597847df-518f-4bd6-ae50-1de01f2761a4,Metaldehyde,Elementary flows/Emission to soil/agricultural,kg,elementary,,,
708,false,e7f1df40-788a-4403-81ea-e5e9e84e32d7,Cypermethrin,Elementary flows/Emission to soil/agricultural,kg,elementary,,,
709,false,7e66a41c-d311-4949-bdd8-eef09cdcfa47,Copper ion,Elementary flows/Emission to soil/agricultural,kg,elementary,,,
710,false,21f84442-7dc8-492a-8253-867dd1caf8d6,Carbetamide,Elementary flows/Emission to soil/agricultural,kg,elementary,,,
711,false,ed2d49f8-110d-4db4-9488-f61c349e6117,Mercury II,Elementary flows/Emission to soil/agricultural,kg,elementary,,,
712,false,b4580545-243d-48d2-a3a0-2633a4f46fb1,Nickel II,Elementary flows/Emission to soil/agricultural,kg,elementary,,,
713,true,4b420f19-0421-461e-a0b6-7efbf580089b,"Transformation, from annual crop, non-irrigated",Elementary flows/Resource/land,m2,elementary,,,
714,true,e97b784a-ec09-4b1b-9f14-cc0ce9799c9e,"Transformation, to annual crop, non-irrigated",Elementary flows/Resource/land,m2,elementary,,,
715,true,592bf69f-8551-4611-8942-4620be0adabe,"Transformation, from pasture, man made, intensive",Elementary flows/Resource/land,m2,elementary,,,
716,true,a6889a22-e99e-42ea-85cd-4a68d7975dcd,"Occupation, annual crop, non-irrigated",Elementary flows/Resource/land,m2*a,elementary,,,
717,false,e7881581-21b3-4f5c-bd63-6b0684b5e712,Chromium III,Elementary flows/Emission to soil/agricultural,kg,elementary,,,
718,false,5d830756-4153-4cc9-ade4-69f8c19e150f,"Oils, unspecified",Elementary flows/Emission to water/ocean,kg,elementary,,,
719,false,ec76fb5c-b402-416b-825c-53e074fe7525,"COD, Chemical Oxygen Demand",Elementary flows/Emission to water/ocean,kg,elementary,,,
720,false,996829cc-2d40-418a-beda-7c50399952f9,Nitrogen,Elementary flows/Emission to water/ocean,kg,elementary,,,
721,false,72f14baf-d36c-4f8e-8c17-5304a995f00a,"DOC, Dissolved Organic Carbon",Elementary flows/Emission to water/ocean,kg,elementary,,,
722,false,d1c0567e-ff1a-4cb7-a4f0-de28b2d99b63,"TOC, Total Organic Carbon",Elementary flows/Emission to water/ocean,kg,elementary,,,
723,false,46e6f5f7-6541-494f-a9bb-66918fb5d592,"AOX, Adsorbable Organic Halides",Elementary flows/Emission to water/ocean,kg,elementary,,,
724,false,5e2e1740-1bb9-4157-b816-6cb5aa006437,Trifluoromethane,Elementary flows/Emission to air/low population density,kg,elementary,,,
725,false,82957257-07f3-4536-ac8b-175cb2353c75,Bromotrifluoromethane,Elementary flows/Emission to air/low population density,kg,elementary,,,
726,false,871b6f07-de14-48d4-b4aa-7745872c7e9a,Sulfur,Elementary flows/Emission to water/ocean,kg,elementary,,,
727,false,f012d2d5-ebb4-4531-8285-0b98af3dcbd4,"BOD5, Biological Oxygen Demand",Elementary flows/Emission to water/ocean,kg,elementary,,,
728,true,e3f5fd63-7dcb-41f1-9b8a-a48a8d68bc65,Nitrogen,Elementary flows/Resource/in air,kg,elementary,,,
729,false,e5ea66ee-28e2-4e9b-9a25-4414551d821c,Nitrogen,Elementary flows/Emission to air/unspecified,kg,elementary,,,
730,false,834e7547-a8ea-4765-a76e-357612ba65c4,Sodium hydroxide,Elementary flows/Emission to air/high population density,kg,elementary,,,
731,false,8d179ea0-7b52-441e-954b-b5349d66340f,Hydrogen peroxide,Elementary flows/Emission to air/high population density,kg,elementary,,,
732,false,7ecc2b66-8dde-4266-8832-f492f564377b,Sulfuric acid,Elementary flows/Emission to air/high population density,kg,elementary,,,
733,true,c3f83a91-4888-41a4-add9-fd01678a1e5f,"Transformation, to annual crop",Elementary flows/Resource/land,m2,elementary,,,
734,true,c5aafa60-495c-461c-a1d4-b262a34c45b9,"Occupation, annual crop",Elementary flows/Resource/land,m2*a,elementary,,,
735,true,f05cca02-ec18-4acc-9939-59658ff9a554,"Transformation, from annual crop",Elementary flows/Resource/land,m2,elementary,,,
736,false,a2f886e3-8db8-4bce-bedf-b2004b4cc558,Ethofumesate,Elementary flows/Emission to soil/agricultural,kg,elementary,,,
737,false,5458bee1-0c04-445c-b617-a7315d6a2b9f,Difenoconazole,Elementary flows/Emission to soil/agricultural,kg,elementary,,,
738,true,2f1e926a-ec96-432b-b2a6-bd5e3de2ff87,"Transformation, to arable land, unspecified use",Elementary flows/Resource/land,m2,elementary,,,
739,false,6b7a3386-4aa7-4e58-9450-41130dbfa099,Lenacil,Elementary flows/Emission to soil/agricultural,kg,elementary,,,
740,false,6b9bd023-b581-4dfe-8eca-069a4d646dfb,Desmedipham,Elementary flows/Emission to soil/agricultural,kg,elementary,,,
741,false,c8896e68-6c78-43be-a31b-bc5d2307f40a,Fenpropimorph,Elementary flows/Emission to soil/agricultural,kg,elementary,,,
742,false,823b5396-5fc6-427e-8a03-aeeff965e986,Fenpropidin,Elementary flows/Emission to soil/agricultural,kg,elementary,,,
743,false,3850d44e-8919-47bc-9c0a-51ccc4ec9d9f,Glyphosate,Elementary flows/Emission to soil/agricultural,kg,elementary,,,
744,false,e7c5db65-775c-4ada-8a63-32c67792bd52,Kresoxim-methyl,Elementary flows/Emission to soil/agricultural,kg,elementary,,,
745,false,b6e37022-cef7-4b2a-9e1e-f6ae4a0503e7,Fenoxaprop-P ethyl ester,Elementary flows/Emission to soil/agricultural,kg,elementary,,,
746,false,51254820-3456-4373-b7b4-056cf7b16e01,Water,Elementary flows/Emission to water/ground water,m3,elementary,,,
747,false,1afedfb8-dfbd-4722-a5fc-f678c593d907,Epoxiconazole,Elementary flows/Emission to soil/agricultural,kg,elementary,,,
748,false,fbebc389-bce6-4540-8869-50076139f370,Metamitron,Elementary flows/Emission to soil/agricultural,kg,elementary,,,
749,false,50fb73f7-935a-4cf8-81a0-ff3ca0ea35f9,Phenmedipham,Elementary flows/Emission to soil/agricultural,kg,elementary,,,
750,false,5064da53-d4ec-44ee-ba23-b20a4f8c4964,Butadiene,Elementary flows/Emission to air/unspecified,kg,elementary,,,
751,false,dbe2c062-5692-4282-aa6c-e75f4d718077,Fluorene,Elementary flows/Emission to air/unspecified,kg,elementary,,,
752,false,0605e241-ce98-4c10-8c61-d0a1775cdcb0,Benzo(ghi)perylene,Elementary flows/Emission to air/unspecified,kg,elementary,,,
753,false,e0346157-1f0e-4bf9-b234-78fead761e18,Acenaphthylene,Elementary flows/Emission to air/unspecified,kg,elementary,,,
754,false,c492ac36-a5e1-446c-92c5-110a55654a80,Chrysene,Elementary flows/Emission to air/unspecified,kg,elementary,,,
755,false,4db9bb53-4bdd-4f32-a6a8-521f58c5825c,Benz(a)anthracene,Elementary flows/Emission to air/unspecified,kg,elementary,,,
756,false,76608f33-7127-47f2-9718-383b3efe3b43,"Indeno(1,2,3-cd)pyrene",Elementary flows/Emission to air/unspecified,kg,elementary,,,
757,false,35357464-0d86-4bbd-940f-7d0dd8e5df57,Benzo(b)fluoranthene,Elementary flows/Emission to air/unspecified,kg,elementary,,,
758,false,8e30c990-5ed4-4f94-9d0e-2f5e4ff1a1f9,Ethane,Elementary flows/Emission to air/unspecified,kg,elementary,,,
759,false,5e98fd60-8da0-4006-9729-4d2797f96302,"2,2,4-Trimethylpentane",Elementary flows/Emission to air/unspecified,kg,elementary,,,
760,false,88ef28f1-cfd5-44a0-ac34-01acf2db84a0,Ethyl benzene,Elementary flows/Emission to air/unspecified,kg,elementary,,,
761,false,cc5f1637-8aa5-442f-a8c6-43c8739944a0,Benzo(k)fluoranthene,Elementary flows/Emission to air/unspecified,kg,elementary,,,
762,false,3df4c2f4-c854-4493-b514-f2f3accdc307,Naphthalene,Elementary flows/Emission to air/unspecified,kg,elementary,,,
763,false,1f4afa32-a9a2-40da-8396-104452cb637f,Acenaphthene,Elementary flows/Emission to air/unspecified,kg,elementary,,,
764,false,e3e8f6a2-c45e-4685-9859-698b2eadaf5b,Acetaldehyde,Elementary flows/Emission to air/unspecified,kg,elementary,,,
765,false,d896ced7-a107-4017-b284-d95a8ef3e735,Acrolein,Elementary flows/Emission to air/unspecified,kg,elementary,,,
766,false,fc840c3f-dbcd-4175-9bc2-7fba64501e39,Anthracene,Elementary flows/Emission to air/unspecified,kg,elementary,,,
767,false,d57ab983-120a-448b-a681-b876e1addecf,Fluoranthene,Elementary flows/Emission to air/unspecified,kg,elementary,,,
768,false,555aed47-6c62-4cbe-b9b8-d01229284c8a,Propanal,Elementary flows/Emission to air/unspecified,kg,elementary,,,
769,false,6b248529-b754-4be7-8b1a-91b9756fc2bc,Hexane,Elementary flows/Emission to air/unspecified,kg,elementary,,,
770,false,895fa803-ad56-4b1d-a37b-23a9135ce26a,Phenanthrene,Elementary flows/Emission to air/unspecified,kg,elementary,,,
771,false,9cec94a2-e7fe-43f4-82f4-293c477f86dc,Styrene,Elementary flows/Emission to air/unspecified,kg,elementary,,,
772,false,8b48b5cf-853c-4970-840d-5d9c5fb3caac,Pyrene,Elementary flows/Emission to air/unspecified,kg,elementary,,,
773,false,23a4dfc7-c82e-4425-abf6-0195f78f3363,"Dibenz(a,h)anthracene",Elementary flows/Emission to air/unspecified,kg,elementary,,,
774,true,c991a302-884f-4882-a094-e1b8f1d4c6b0,"Occupation, bare area (non-use)",Elementary flows/Resource/land,m2*a,elementary,,,
775,false,0017271e-7df5-40bc-833a-36110c1fe5d5,Nitrite,Elementary flows/Emission to water/surface water,kg,elementary,,,
776,false,f1c0cd31-8d5e-4bc9-91f6-79e76329234e,Propionic acid,Elementary flows/Emission to air/high population density,kg,elementary,,,
777,false,1ec6c4b4-ee5f-4788-8683-c95a84d6d63c,Heptane,Elementary flows/Emission to air/unspecified,kg,elementary,,,
778,false,527d6cb5-bbd7-403d-8dcc-b6678fb123f5,o-Xylene,Elementary flows/Emission to air/unspecified,kg,elementary,,,
779,false,516606eb-99f6-4e8c-b99a-6b439aaed48c,Pentane,Elementary flows/Emission to air/unspecified,kg,elementary,,,
780,false,10d26189-a688-4859-8aa9-525e058a07f0,Benzaldehyde,Elementary flows/Emission to air/unspecified,kg,elementary,,,
781,false,cfdbc576-e8dc-44ef-bdf2-ddd7009ce57e,m-Xylene,Elementary flows/Emission to air/unspecified,kg,elementary,,,
782,false,3a6c936c-0276-4f11-9d98-1bd011387a6e,Propane,Elementary flows/Emission to air/unspecified,kg,elementary,,,
783,false,eebb4011-af1d-4a45-8bc5-a20b6c06fbf4,Zirconium,Elementary flows/Emission to air/low population density,kg,elementary,,,
784,false,2e518059-747c-4ff1-8da3-17134c547ac2,Uranium,Elementary flows/Emission to air/low population density,kg,elementary,,,
785,false,d28f10c4-a8d0-4891-b7a4-362e12360079,Thorium,Elementary flows/Emission to air/low population density,kg,elementary,,,
786,true,1acb026e-9de6-48fe-9e0d-be4d24125bbc,"Water, lake",Elementary flows/Resource/in water,m3,elementary,,,
787,false,31a3e44c-4098-461e-aba2-f79540e05087,Dichlorodifluoromethane,Elementary flows/Emission to air/high population density,kg,elementary,,,
788,false,7966394e-6a5b-4069-97a1-1b99f8b7bcb0,"Heat, waste",Elementary flows/Emission to soil/agricultural,MJ,elementary,,,
789,false,62399986-3e4f-4522-b389-75eed416d838,Boron,Elementary flows/Emission to soil/agricultural,kg,elementary,,,
790,false,33681770-a0e1-4ce8-93c3-941fd607fa5f,Tetrafluoromethane,Elementary flows/Emission to air/unspecified,kg,elementary,,,
791,false,acc39720-dda7-4b3a-80c7-c6394cad4191,Hexafluoroethane,Elementary flows/Emission to air/unspecified,kg,elementary,,,
792,false,d4049741-cef2-4edd-a3af-9728b9e3a568,Sulfur,Elementary flows/Emission to soil/agricultural,kg,elementary,,,
793,false,f4cf8d5c-f030-4b55-a3af-e3c20b855ee8,Antimony ion,Elementary flows/Emission to soil/agricultural,kg,elementary,,,
794,false,f8199e39-7354-44ad-92d8-6a2cc3bac24e,Barium II,Elementary flows/Emission to soil/agricultural,kg,elementary,,,
795,false,162b7095-c497-4b3c-a290-01ebe4bc9a08,Beryllium II,Elementary flows/Emission to soil/agricultural,kg,elementary,,,
796,false,7f0873fe-731e-4b99-a384-17f0ad36a318,Strontium II,Elementary flows/Emission to soil/agricultural,kg,elementary,,,
797,false,9ba8c05d-1593-45a5-8d3b-5c4f3e9fef32,Manganese II,Elementary flows/Emission to soil/agricultural,kg,elementary,,,
798,false,4673a799-36a5-4359-ac6a-fa933281bc93,Arsenic ion,Elementary flows/Emission to soil/agricultural,kg,elementary,,,
799,false,c6ce1ad0-d8da-41d0-8db1-cabc3760b422,Selenium IV,Elementary flows/Emission to soil/agricultural,kg,elementary,,,
800,false,9542444c-7c7a-48e2-bc9c-9c7c34fb7b3e,Cobalt II,Elementary flows/Emission to soil/agricultural,kg,elementary,,,
801,false,168c970b-91c9-4427-a3a0-6686ad6cc2c4,Tin ion,Elementary flows/Emission to soil/agricultural,kg,elementary,,,
802,false,f167e006-b082-4eb5-94e4-52a068a4a91c,Phthalic anhydride,Elementary flows/Emission to water/unspecified,kg,elementary,,,
803,false,1b279330-0469-4d04-9fe2-4e9a38011f0c,o-Xylene,Elementary flows/Emission to water/unspecified,kg,elementary,,,
804,false,89ca077d-583d-4293-8d32-248f12bd3e5b,Tungsten,Elementary flows/Emission to air/low population density,kg,elementary,,,
805,false,896bfa32-a9a9-4e75-aed0-e178987ec038,Sodium I,Elementary flows/Emission to soil/agricultural,kg,elementary,,,
806,false,fce0b9ae-53c8-4ab0-9e7a-7f5c2ed2c856,Silver I,Elementary flows/Emission to soil/agricultural,kg,elementary,,,
807,false,adfb11ec-7a41-47da-abc2-c92c59810e50,Vanadium V,Elementary flows/Emission to soil/agricultural,kg,elementary,,,
808,false,39f248d5-dd9b-4460-8f34-3415dc3f3e43,Silicon,Elementary flows/Emission to soil/agricultural,kg,elementary,,,
809,false,57a17022-7f17-4cdf-b0e8-184bc5c50d98,Thallium I,Elementary flows/Emission to soil/agricultural,kg,elementary,,,
810,false,2baa4381-b781-4f5e-90de-508b0fa3fd1f,Aluminium III,Elementary flows/Emission to soil/agricultural,kg,elementary,,,
811,false,9cf3a683-ed3d-40e9-b039-7653e4fc9e20,Molybdenum VI,Elementary flows/Emission to soil/agricultural,kg,elementary,,,
812,false,f16fa1da-e426-4820-bf9d-71595c22283b,Calcium II,Elementary flows/Emission to soil/agricultural,kg,elementary,,,
813,false,db364689-e1a3-4629-8835-e6c59d6daf09,Iron ion,Elementary flows/Emission to soil/agricultural,kg,elementary,,,
814,false,678846cb-0170-4ebb-988b-1fea0dd8fdb7,Tungsten,Elementary flows/Emission to soil/agricultural,kg,elementary,,,
815,false,b717518e-b8b6-44fa-a8e1-f9fde2436caf,Potassium I,Elementary flows/Emission to soil/agricultural,kg,elementary,,,
816,false,e8475907-2081-4fd5-9526-bfcef88380db,Magnesium,Elementary flows/Emission to soil/agricultural,kg,elementary,,,
817,false,334f3d29-ec7d-4ca4-9e65-524c64c6649c,Titanium ion,Elementary flows/Emission to soil/agricultural,kg,elementary,,,
818,false,df0ba4e1-ab58-4e03-ac9e-05c76ebfa7ec,Scandium,Elementary flows/Emission to soil/agricultural,kg,elementary,,,
819,false,03758df7-503a-400e-bc7b-ec05825761a5,Ethylene dichloride,Elementary flows/Emission to air/unspecified,kg,elementary,,,
820,false,deb80fa5-4d0a-427e-9526-443f88d17b53,Ethylene dichloride,Elementary flows/Emission to water/unspecified,kg,elementary,,,
821,false,6f0b8b7c-3888-4174-b7e3-916d42d678ee,Aluminium III,Elementary flows/Emission to air/high population density,kg,elementary,,,
822,false,80c486c9-883c-4623-b3b7-31e16c87a0d0,Hydrogen cyanide,Elementary flows/Emission to air/unspecified,kg,elementary,,,
823,false,f4498c00-c870-40fb-a2b3-49b6f522d324,Tributyltin compounds,Elementary flows/Emission to water/ocean,kg,elementary,,,
824,false,d8f9ccf6-fd32-4348-83c0-1cee724af9ae,Copper ion,Elementary flows/Emission to water/ocean,kg,elementary,,,
825,false,79c4520a-47b1-4ec1-a1e5-b52114b0dce6,"Fungicides, unspecified",Elementary flows/Emission to water/ocean,kg,elementary,,,
826,false,049a1473-3a62-4121-982b-5d15d0f2c683,"Hydrocarbons, unspecified",Elementary flows/Emission to water/ocean,kg,elementary,,,
827,false,53225326-6737-4c40-86d4-87893525fd1a,Thiocyanate,Elementary flows/Emission to water/ocean,kg,elementary,,,
828,false,6da0e891-3648-43a5-b0cf-f1872c57db8d,"Oils, unspecified",Elementary flows/Emission to water/unspecified,kg,elementary,,,
829,false,3277a622-8234-4c73-ba22-526cf9a0fccc,Propanol,Elementary flows/Emission to water/surface water,kg,elementary,,,
830,false,a0a9fc24-9752-434a-b115-96d161bf5059,Chloroacetic acid,Elementary flows/Emission to water/surface water,kg,elementary,,,
831,false,4a6af581-af93-4d79-9f45-a5c43f463bbb,Propanol,Elementary flows/Emission to air/high population density,kg,elementary,,,
832,false,061c7a46-3728-48fa-8240-7a8841e6ca6f,Acetic acid,Elementary flows/Emission to water/surface water,kg,elementary,,,
833,false,ed38a7d2-ffa5-4c28-9aea-dd9df0d1898b,Chloroacetic acid,Elementary flows/Emission to air/high population density,kg,elementary,,,
834,false,398ff31a-d870-4542-8ce0-9fea0e7d8110,Chloramine,Elementary flows/Emission to water/surface water,kg,elementary,,,
835,false,e29dddef-173f-4a4b-8265-b3d1703bc204,Bromide,Elementary flows/Emission to water/surface water,kg,elementary,,,
836,true,45d6f26b-596b-5182-8c08-d6d975ff4efe,Bromine,Elementary flows/Resource/in water,kg,elementary,,,
837,false,16d8a28a-bf21-46ff-ae18-6da39e53fa17,Sulfur,Elementary flows/Emission to water/surface water,kg,elementary,,,
838,false,8c6412f6-e293-499a-897a-e33e3774b665,Propyl amine,Elementary flows/Emission to air/high population density,kg,elementary,,,
839,true,79238018-8ec1-4615-9469-2b0df95a43c3,"Water, salt, sole",Elementary flows/Resource/in water,m3,elementary,,,
840,false,17bd5f8c-bd48-4cfc-80c0-1aa251f4bf43,Ethylene oxide,Elementary flows/Emission to water/surface water,kg,elementary,,,
841,false,b34d0551-cb9a-4d3f-95ad-2cdb380d5cd1,Chloramine,Elementary flows/Emission to air/high population density,kg,elementary,,,
842,false,813b3b1d-4b12-44cd-bbb9-5c384ba019d2,Propyl amine,Elementary flows/Emission to water/surface water,kg,elementary,,,
843,false,235b2f02-ff98-4da9-82e2-e4246c7b7990,Sodium I,Elementary flows/Emission to air/unspecified,kg,elementary,,,
844,false,cec6e39b-700c-432f-8c80-4840b0ddc92e,Pentachlorophenol,Elementary flows/Emission to air/unspecified,kg,elementary,,,
845,false,d761f94e-517d-41cf-89fa-17dc72f7a69b,Phosphorus,Elementary flows/Emission to air/unspecified,kg,elementary,,,
846,false,c24f5894-f95e-4661-ba76-130397348894,Bromine,Elementary flows/Emission to air/unspecified,kg,elementary,,,
847,false,aeefa758-5f4f-4bb4-a28a-4075e81f2fde,Magnesium,Elementary flows/Emission to air/unspecified,kg,elementary,,,
848,false,756b1234-887b-406e-88ed-b50ba4694f09,Potassium I,Elementary flows/Emission to air/unspecified,kg,elementary,,,
849,false,1c389e81-9f9d-4e52-a6e9-11cc6b73d90d,Fluorine,Elementary flows/Emission to air/unspecified,kg,elementary,,,
850,false,da1157e2-7593-4dfd-80dd-a3449b37a4d8,"Methane, non-fossil",Elementary flows/Emission to air/unspecified,kg,elementary,,,
851,false,b87016c6-ac91-4414-98ce-fb665e0a6d2e,Calcium II,Elementary flows/Emission to air/unspecified,kg,elementary,,,
852,false,4cff006f-c6df-42a8-9dee-cc064f14326e,"Hydrocarbons, aliphatic, unsaturated",Elementary flows/Emission to air/unspecified,kg,elementary,,,
853,false,2451f9df-0596-49ec-8380-08e4ad75a153,"Hydrocarbons, aliphatic, alkanes, unspecified",Elementary flows/Emission to air/unspecified,kg,elementary,,,
854,false,e1b4f61b-e191-4c48-852b-58b11b2245eb,Methanol,Elementary flows/Emission to water/surface water,kg,elementary,,,
855,false,bb33742a-c5d5-4607-805f-13e4d3a155fd,Toluene,Elementary flows/Emission to water/surface water,kg,elementary,,,
856,false,0e8f17d0-3e52-4f6f-bef9-60f6007a7aab,Acetone,Elementary flows/Emission to water/surface water,kg,elementary,,,
857,false,494eb62d-3e16-4a81-b344-6d6dfd9fd4e2,Bromochlorodifluoromethane,Elementary flows/Emission to air/low population density,kg,elementary,,,
858,false,1d2439de-751b-469a-ba3e-fda8fe9802b2,Methanol,Elementary flows/Emission to air/low population density,kg,elementary,,,
859,false,cb16ed3f-19b5-45c6-b504-b2be562d0002,Thorium,Elementary flows/Emission to air/high population density,kg,elementary,,,
860,false,ba5fc0b6-770b-4da1-9b3f-e3b5087f07cd,Sulfur oxides,Elementary flows/Emission to air/unspecified,kg,elementary,,,
861,false,356c6086-4835-4a0d-b1f2-10f8b6656d23,Lead-210,Elementary flows/Emission to air/high population density,kBq,elementary,,,
862,false,ed1aff41-0bfc-48b8-8250-840c0a2f6961,Isopropanol,Elementary flows/Emission to air/low population density,kg,elementary,,,
863,false,6e769b2f-11ce-4ec1-ad99-a27c93361e72,Thorium-228,Elementary flows/Emission to air/high population density,kBq,elementary,,,
864,false,179c3a4c-4d0c-4928-b099-2652fac747cd,4-Methyl-2-pentanol,Elementary flows/Emission to water/surface water,kg,elementary,,,
865,false,abb7f444-e74a-46b5-a6a5-080a847cbbc5,Strontium II,Elementary flows/Emission to air/high population density,kg,elementary,,,
866,false,963be8ca-e43d-4f8d-a97b-d8982035ffbc,Propanal,Elementary flows/Emission to air/low population density,kg,elementary,,,
867,false,29bfab29-0ad0-47da-b5b9-a76328ba5a64,Propanol,Elementary flows/Emission to air/low population density,kg,elementary,,,
868,false,0b0ea9d1-9c54-4e23-bcfc-1b8fc2cf0358,Hydrogen sulfide,Elementary flows/Emission to air/low population density,kg,elementary,,,
869,false,54b35742-21ff-4454-8a3d-f31577e308b3,Methyl ethyl ketone,Elementary flows/Emission to air/low population density,kg,elementary,,,
870,false,5ffb3576-740f-41ba-814f-8538d83a4b3b,Barium II,Elementary flows/Emission to air/high population density,kg,elementary,,,
871,false,d24f41d7-279e-4f5a-9ac9-00f726dc3bcc,m-Xylene,Elementary flows/Emission to air/low population density,kg,elementary,,,
872,false,5c9d8310-f7e1-4e98-8e73-7eece0435676,Sulfuric acid,Elementary flows/Emission to air/low population density,kg,elementary,,,
873,false,50deb561-3de9-4b25-9b61-1695ad2dd136,Thallium I,Elementary flows/Emission to air/high population density,kg,elementary,,,
874,false,b8d738ce-98cd-4487-88f9-686209bd1376,Fluorine,Elementary flows/Emission to air/low population density,kg,elementary,,,
875,false,98bd0642-19d0-4c76-930e-03136c21cc20,Radon-220,Elementary flows/Emission to air/high population density,kBq,elementary,,,
876,false,bba88093-bd9b-4b95-b869-74e718b796dc,Scandium,Elementary flows/Emission to air/high population density,kg,elementary,,,
877,false,e47a779e-8fcb-4d0e-bcff-b9b14a5be827,Potassium-40,Elementary flows/Emission to air/high population density,kBq,elementary,,,
878,false,543421e8-f0b3-45a2-b0ed-03489e878138,Uranium-238,Elementary flows/Emission to air/high population density,kBq,elementary,,,
879,false,dc46afa7-0142-49e8-a353-ab6a1327bbc8,Pentachlorophenol,Elementary flows/Emission to air/low population density,kg,elementary,,,
880,false,c67be924-e68d-4bc1-9dd9-25f33a6cad34,"Hydrocarbons, aromatic",Elementary flows/Emission to air/low population density,kg,elementary,,,
881,false,ab046420-da89-48e5-9e05-2a2b703eb2fe,Polonium-210,Elementary flows/Emission to air/high population density,kBq,elementary,,,
882,false,6fd55524-c309-4eb8-bff6-9c606e3a82d7,Radon-222,Elementary flows/Emission to air/high population density,kBq,elementary,,,
883,false,1c02cff4-e852-489b-893c-d3ed30eb8ca5,Radium-226,Elementary flows/Emission to air/high population density,kBq,elementary,,,
884,false,52317c31-7bdc-47de-9c23-ecf55127de75,Uranium,Elementary flows/Emission to air/high population density,kg,elementary,,,
885,false,50790dc4-dd52-4811-b124-d9e9c920cd70,Hydrogen sulfide,Elementary flows/Emission to water/surface water,kg,elementary,,,
886,false,deafd761-4499-40e3-8667-06c91f204f6f,Radium-228,Elementary flows/Emission to air/high population density,kBq,elementary,,,
887,false,e17ab5b1-0e70-409c-b7fd-0a01e6a26de3,Thorium-232,Elementary flows/Emission to air/high population density,kBq,elementary,,,
888,false,6ed53433-96ff-402c-87d0-52b8271aadac,Methyl isobutyl ketone,Elementary flows/Emission to air/low population density,kg,elementary,,,
889,false,7a2d7097-20c4-4b5f-b2ee-bcfc2ba1378f,Acetone,Elementary flows/Emission to air/low population density,kg,elementary,,,
890,false,a028cff8-e405-4d44-8322-f46e9e51bcdc,Hexachlorobenzene,Elementary flows/Emission to air/low population density,kg,elementary,,,
891,false,c76ddd9e-fd9c-47c5-9b95-ad924146f0bb,Chlorine,Elementary flows/Emission to air/low population density,kg,elementary,,,
892,false,3e419ebc-c0f1-4f85-a544-cf3460a680b6,Boron,Elementary flows/Emission to air/high population density,kg,elementary,,,
893,false,1a13d6e7-45c9-427a-a3c9-38887ce7b86a,Acetylene,Elementary flows/Emission to air/high population density,kg,elementary,,,
894,false,f9923ae7-bdab-44d8-897c-44310aea76b7,Iodine,Elementary flows/Emission to air/high population density,kg,elementary,,,
895,false,16167d62-361c-4ed9-bfeb-3ad4545e794c,"PAH, polycyclic aromatic hydrocarbons",Elementary flows/Emission to water/surface water,kg,elementary,,,
896,false,d2d93101-7555-4c77-b4b8-ddac7f6eba50,Glyphosate,Elementary flows/Emission to water/unspecified,kg,elementary,,,
897,false,ad419049-3445-481f-97a3-3d4529ee924f,Teflubenzuron,Elementary flows/Emission to soil/agricultural,kg,elementary,,,
898,true,e063ee9c-9850-42b5-b01e-4cc9b5ad7152,"Occupation, annual crop, non-irrigated, intensive",Elementary flows/Resource/land,m2*a,elementary,,,
899,false,b1f2f5fb-9107-43ca-8066-9033d23f184c,Tebuconazole,Elementary flows/Emission to water/ground water,kg,elementary,,,
900,false,efd3798a-ff6b-46ef-b408-0e74d80548cc,Atrazine,Elementary flows/Emission to soil/agricultural,kg,elementary,,,
901,true,ab3e851e-21c9-47cf-8e7d-5f96dfae3ba5,"Transformation, from annual crop, non-irrigated, intensive",Elementary flows/Resource/land,m2,elementary,,,
902,false,8354bde6-ab9f-5c21-ad79-07dbab26cd22,Atrazine,Elementary flows/Emission to soil/forestry,kg,elementary,,,
903,false,fa1a376f-567a-47b2-98e9-b3e5a5e4d224,Trifloxystrobin,Elementary flows/Emission to soil/agricultural,kg,elementary,,,
904,false,2bf4e40e-ed11-457a-ae60-53a5cc43fdc7,Methomyl,Elementary flows/Emission to soil/agricultural,kg,elementary,,,
905,false,01497ecf-a26d-5f6b-b2fd-98f53a30e1c1,Teflubenzuron,Elementary flows/Emission to soil/forestry,kg,elementary,,,
906,false,e04d6f3d-1cb2-4ab1-aef9-fd0221028fe2,Atrazine,Elementary flows/Emission to water/ground water,kg,elementary,,,
907,false,3acf99a9-fd18-5ceb-ac6e-91894cc6b056,Methomyl,Elementary flows/Emission to soil/forestry,kg,elementary,,,
908,false,65a6b1d7-ced3-4ae3-9789-c82060af6b2f,Tebuconazole,Elementary flows/Emission to air/low population density,kg,elementary,,,
909,false,94007b78-83a2-5b31-a0d6-71c3c950182f,Glyphosate,Elementary flows/Emission to soil/forestry,kg,elementary,,,
910,false,d1a0b5a7-beb7-47e6-83b7-99560324008f,Trifloxystrobin,Elementary flows/Emission to air/low population density,kg,elementary,,,
911,true,2e52cbfa-94d7-432b-892f-431daa71a6ef,"Transformation, to annual crop, non-irrigated, intensive",Elementary flows/Resource/land,m2,elementary,,,
912,false,a805071f-ce96-4d72-bdd5-4334d9aa3c23,Tebuconazole,Elementary flows/Emission to soil/agricultural,kg,elementary,,,
913,false,80fb75d9-8df7-557d-b006-ceaafef7c006,Methomyl,Elementary flows/Emission to water/unspecified,kg,elementary,,,
914,false,a4789830-1a88-4685-abac-882046c10974,Methomyl,Elementary flows/Emission to water/ground water,kg,elementary,,,
915,false,1064362b-4806-554e-8b6b-25fbe82b778d,Trifloxystrobin,Elementary flows/Emission to soil/forestry,kg,elementary,,,
916,false,5aacc39e-7130-5bcd-8fbe-8067f5cf41e9,Teflubenzuron,Elementary flows/Emission to water/unspecified,kg,elementary,,,
917,false,82f748dc-976a-5239-aa04-bb590bcf483a,Trifloxystrobin,Elementary flows/Emission to water/unspecified,kg,elementary,,,
918,false,83dd3208-1602-5028-b272-74e96c264b4e,Tebuconazole,Elementary flows/Emission to water/unspecified,kg,elementary,,,
919,false,ef6afe08-6ffb-402f-bb61-6984d3f9a81a,Trifloxystrobin,Elementary flows/Emission to water/ground water,kg,elementary,,,
920,false,17955b10-4c04-4fff-91e7-cf89ef1a7cca,Glyphosate,Elementary flows/Emission to water/ground water,kg,elementary,,,
921,false,d17e81da-3f34-5188-bc30-9dffc1f4bed3,Atrazine,Elementary flows/Emission to water/unspecified,kg,elementary,,,
922,false,23945e60-7980-57ee-882d-ed0dbf2b201b,Tebuconazole,Elementary flows/Emission to soil/forestry,kg,elementary,,,
923,false,9d791191-59b1-57ad-a739-65a101e684f1,Teflubenzuron,Elementary flows/Emission to air/low population density,kg,elementary,,,
924,false,c63b5ff6-0ca1-44a0-92ba-f634fb8373ad,Atrazine,Elementary flows/Emission to air/low population density,kg,elementary,,,
925,false,6a45c705-855a-416d-8459-5fb6521b9b73,Methomyl,Elementary flows/Emission to air/low population density,kg,elementary,,,
926,false,f9abb851-8731-4c5b-b057-863996a1f94a,"Hydrocarbons, unspecified",Elementary flows/Emission to air/low population density,kg,elementary,,,
927,false,bd02a7ec-dcb5-4609-bc96-cc7a96601ce2,Glyphosate,Elementary flows/Emission to air/low population density,kg,elementary,,,
928,true,b79e26a0-88db-441f-b79b-508506e81b93,"Transformation, from dump site, sanitary landfill",Elementary flows/Resource/land,m2,elementary,,,
929,true,1a568858-efa8-4c2a-b46e-82b6e66b6072,"Transformation, to dump site, sanitary landfill",Elementary flows/Resource/land,m2,elementary,,,
930,true,5bbcdc6d-b1a7-4b63-b625-76060c767de7,Sodium sulfate,Elementary flows/Resource/in ground,kg,elementary,,,
931,true,8c2fe757-6866-4ed2-9f89-81012ad774a0,"Carbon, organic, decrease in soil or biomass stock",Elementary flows/Resource/in ground,kg,elementary,,,
932,false,1469e83d-2ac9-4e64-84e0-cfe37c85fd9d,Propylene,Elementary flows/Emission to water/surface water,kg,elementary,,,
933,false,ea5789d9-c0f9-4aeb-9df9-0caaf211534b,o-Chlorotoluene,Elementary flows/Emission to water/surface water,kg,elementary,,,
934,false,a3833724-a816-4c9e-b6fd-ac43e8aeedc2,o-Chlorotoluene,Elementary flows/Emission to air/high population density,kg,elementary,,,
935,false,efc4290c-1404-4e01-8b5e-e75c6d90615c,Butanol,Elementary flows/Emission to air/high population density,kg,elementary,,,
936,false,374b89b9-1abe-4557-aff3-fb772bffe01b,Propionic acid,Elementary flows/Emission to water/surface water,kg,elementary,,,
937,false,f6e3ce3b-ce57-4313-ac88-59a8361925cf,Butanol,Elementary flows/Emission to water/surface water,kg,elementary,,,
938,false,d14eb0da-95fd-46c3-90db-55ca33d78701,"Hydrocarbons, chlorinated",Elementary flows/Emission to air/unspecified,kg,elementary,,,
939,false,8dba66e2-0f2e-4038-84ef-1e40b4f573a6,Iron ion,Elementary flows/Emission to air/unspecified,kg,elementary,,,
940,true,1896b498-8d13-4f58-8c17-21fe57740158,"Occupation, permanent crop, irrigated",Elementary flows/Resource/land,m2*a,elementary,,,
941,true,73cba245-5969-4076-8490-75a236073196,"Transformation, from permanent crop, irrigated",Elementary flows/Resource/land,m2,elementary,,,
942,true,a487b7db-318a-46ff-8e52-2837fab777ad,"Transformation, to permanent crop, irrigated",Elementary flows/Resource/land,m2,elementary,,,
943,false,4ec70203-13b0-58cc-b4dd-2fcce8a96732,"VOC, volatile organic compounds",Elementary flows/Emission to air/unspecified,kg,elementary,,,
944,true,b905c2e0-a0db-4e66-80d2-8bdfc93c6218,"Transformation, from grassland, natural (non-use)",Elementary flows/Resource/land,m2,elementary,,,
945,false,042e5892-cd59-4e95-949e-cacce0e6a590,"Hydrocarbons, unspecified",Elementary flows/Emission to soil/unspecified,kg,elementary,,,
946,false,0b111253-26b5-4a03-97fb-ed7799c21797,"Solids, inorganic",Elementary flows/Emission to water/unspecified,kg,elementary,,,
947,true,c3c3d385-57fa-4d47-a2c5-d838006e7985,"Transformation, to annual crop, irrigated, intensive",Elementary flows/Resource/land,m2,elementary,,,
948,false,44b7826f-6f4c-44f3-81eb-ad3426073fae,Dicamba,Elementary flows/Emission to soil/agricultural,kg,elementary,,,
949,false,04cd03b8-8206-4d3a-a910-59ffc0550c2c,Prosulfuron,Elementary flows/Emission to soil/agricultural,kg,elementary,,,
950,false,f681eb3c-854a-4f78-bcfe-76dfbcf9df3c,"2,4-D",Elementary flows/Emission to soil/agricultural,kg,elementary,,,
951,false,c2c2b2c4-0a30-4c79-8d1f-0735a95a8962,Metsulfuron-methyl,Elementary flows/Emission to soil/agricultural,kg,elementary,,,
952,false,d2885a24-b728-4832-8638-15697630eff9,Metolachlor,Elementary flows/Emission to soil/agricultural,kg,elementary,,,
953,true,9fd128fe-d8c5-476f-af42-2795d5f5d227,"Occupation, annual crop, irrigated, intensive",Elementary flows/Resource/land,m2*a,elementary,,,
954,false,b1fca66f-8e83-469a-a7b5-018e14d5d545,Phosphorus,Elementary flows/Emission to water/ground water,kg,elementary,,,
955,false,71525276-3417-4d4b-9af8-0baa265de4a2,Dimethenamide,Elementary flows/Emission to soil/agricultural,kg,elementary,,,
956,false,f809b5e9-ed1b-4117-8bc7-9acf883ec7f5,Alachlor,Elementary flows/Emission to soil/agricultural,kg,elementary,,,
957,false,15057e97-7b47-405e-8222-6ed5cf4e0087,Terbufos,Elementary flows/Emission to soil/agricultural,kg,elementary,,,
958,false,736923cd-6eb7-4896-98f8-46951d56da97,Chlorpyrifos,Elementary flows/Emission to soil/agricultural,kg,elementary,,,
959,false,21f77eaa-6f3e-426d-8932-fde33cd936d6,"Oils, unspecified",Elementary flows/Emission to soil/unspecified,kg,elementary,,,
960,true,8b46f615-69c9-4ca3-815e-a7bde116d202,Argon,Elementary flows/Resource/in air,kg,elementary,,,
961,false,f732d149-87c3-5865-925f-091dd7f42a4e,Dimethachlor,Elementary flows/Emission to soil/forestry,kg,elementary,,,
962,false,60dd222a-8106-5765-bd90-f03fb4ebc94b,Chlorpyrifos,Elementary flows/Emission to soil/forestry,kg,elementary,,,
963,false,2deddc7a-c61c-5108-83f5-42d97a7f9f20,Sulfur,Elementary flows/Emission to air/low population density,kg,elementary,,,
964,false,042de84f-261d-4e29-bb7d-f43601cc2c7d,Asulam,Elementary flows/Emission to soil/agricultural,kg,elementary,,,
965,false,57253e99-8a09-5ce6-b83a-f83be8038b9c,Dimethachlor,Elementary flows/Emission to water/surface water,kg,elementary,,,
966,false,cf7738ce-05a3-4fee-af0c-37386e0c28e3,Lambda-cyhalothrin,Elementary flows/Emission to water/surface water,kg,elementary,,,
967,false,fffd291b-a67f-5b96-86cf-534a2132f062,"2,4-D",Elementary flows/Emission to soil/forestry,kg,elementary,,,
968,false,599e7856-605e-47eb-b780-ab039f2d4006,Sulfur,Elementary flows/Emission to soil/forestry,kg,elementary,,,
969,false,db462a32-5f92-5aed-abea-ac3d88c09236,Metazachlor,Elementary flows/Emission to water/surface water,kg,elementary,,,
970,false,18e36821-2c5f-56e9-936f-423d1980ff9a,Paclobutrazol,Elementary flows/Emission to air/low population density,kg,elementary,,,
971,false,18aabc87-2728-5b28-bde2-595885b24b7f,Indoxacarb,Elementary flows/Emission to air/low population density,kg,elementary,,,
972,false,5c7104b7-9c7b-53e1-b70a-416848164f74,Pymetrozine,Elementary flows/Emission to water/surface water,kg,elementary,,,
973,false,531fddfb-6ad6-5b71-af1f-4a268396581b,Picloram,Elementary flows/Emission to water/surface water,kg,elementary,,,
974,false,cd785513-3856-5829-9f22-f498d69e89ec,Pyridate,Elementary flows/Emission to water/surface water,kg,elementary,,,
975,false,6a9e719c-eb10-587e-8309-4ee4c7eadcc6,Thiram,Elementary flows/Emission to air/low population density,kg,elementary,,,
976,false,26596915-25f4-5b8a-8673-af6daead169d,Bifenthrin,Elementary flows/Emission to soil/forestry,kg,elementary,,,
977,false,22c559ba-82c7-59d1-89a3-381c20750fed,"Herbicides, unspecified",Elementary flows/Emission to soil/forestry,kg,elementary,,,
978,false,bd6ac9fb-52ba-516a-bccd-f9b1eb7def7b,Chlorpyrifos methyl,Elementary flows/Emission to soil/forestry,kg,elementary,,,
979,false,9bb4d213-9c09-5f63-b0bd-c64dac2574d3,Quizalofop-P,Elementary flows/Emission to air/low population density,kg,elementary,,,
980,false,a1d16b15-8cc9-5556-84f0-900949ad4822,Cycloxydim,Elementary flows/Emission to water/surface water,kg,elementary,,,
981,false,3cfafbc5-f2d4-4edc-ace7-8f644f2418ce,"2,4-D",Elementary flows/Emission to water/surface water,kg,elementary,,,
982,false,e39f55a2-9a80-5d8a-9d59-caaee3caaebe,Picloram,Elementary flows/Emission to air/low population density,kg,elementary,,,
983,false,6008086f-5522-493a-8bfe-60e6d0d53b34,Mepiquat chloride,Elementary flows/Emission to soil/agricultural,kg,elementary,,,
984,false,8a54e248-4724-5ccc-9df4-baa23132a33e,Pronamide,Elementary flows/Emission to water/surface water,kg,elementary,,,
985,false,6bc58b2a-8d1c-4ebf-a0e7-76bb59ff462a,Lambda-cyhalothrin,Elementary flows/Emission to air/low population density,kg,elementary,,,
986,false,5e86b7ae-1d51-485c-be33-8c12c4ce4d2e,Kaolin,Elementary flows/Emission to soil/agricultural,kg,elementary,,,
987,false,c150c5a2-9521-5498-a8f3-48b6670309f6,Imazamox,Elementary flows/Emission to soil/forestry,kg,elementary,,,
988,false,111c5f0c-3dda-4b7c-a5e2-aaada6ab6f79,Cycloxydim,Elementary flows/Emission to soil/agricultural,kg,elementary,,,
989,false,910b7532-d541-45a5-a535-03f54997726e,Acetamiprid,Elementary flows/Emission to soil/agricultural,kg,elementary,,,
990,false,6fd855b1-4885-5c8b-a9ee-0ba284e1dfe4,Clopyralid,Elementary flows/Emission to soil/forestry,kg,elementary,,,
991,false,6f323211-812a-5c49-bbf5-84cdb8ba0f5e,Cyproconazole,Elementary flows/Emission to air/low population density,kg,elementary,,,
992,false,28de9fd8-ece7-597b-acff-e6085e618b04,Imazamox,Elementary flows/Emission to water/surface water,kg,elementary,,,
993,false,b4e995b9-f5cf-5df0-b4ca-474198af4c0c,Fluazifop-P-butyl,Elementary flows/Emission to soil/forestry,kg,elementary,,,
994,false,186764a6-de6b-5b4b-863b-c19f7c34e077,Metaldehyde,Elementary flows/Emission to water/surface water,kg,elementary,,,
995,false,cb751143-5375-5193-831c-796055f9df17,Clomazone,Elementary flows/Emission to soil/forestry,kg,elementary,,,
996,false,e6137e6e-84a6-4fa1-a5bf-47c8153d7c05,"2,4-D",Elementary flows/Emission to air/low population density,kg,elementary,,,
997,false,126f5fb8-694c-5737-9c98-de28c97c0814,Asulam,Elementary flows/Emission to water/surface water,kg,elementary,,,
998,false,43b5078b-5f3a-5b3e-8159-d7fe68ff89a1,Pethoxamid,Elementary flows/Emission to soil/forestry,kg,elementary,,,
999,false,5b5fecf5-9fb2-57e0-8cc9-ada3e70d3135,Pethoxamid,Elementary flows/Emission to water/surface water,kg,elementary,,,
1000,false,915a694a-7606-5aaa-9d1b-72297d842352,Alpha-cypermethrin,Elementary flows/Emission to soil/forestry,kg,elementary,,,
1001,false,3da3d08d-575b-513b-83c6-2f7d7143ea68,Fluopyram,Elementary flows/Emission to soil/agricultural,kg,elementary,,,
1002,false,cc4879a0-09e1-59de-9232-75782467566e,Azoxystrobin,Elementary flows/Emission to water/surface water,kg,elementary,,,
1003,false,e5175870-93a8-5b9a-bd07-10e5cee5d424,Bifenthrin,Elementary flows/Emission to water/surface water,kg,elementary,,,
1004,false,1defe52a-bc9b-4c03-90fb-91bd35f6ce49,Metconazole,Elementary flows/Emission to soil/agricultural,kg,elementary,,,
1005,false,fe6167b5-4fa6-520c-a1a8-2f414e5f3719,Prothioconazole,Elementary flows/Emission to soil/forestry,kg,elementary,,,
1006,false,349ae04f-3802-53d3-840e-a98334b3e3ba,Dimethenamid-P,Elementary flows/Emission to soil/agricultural,kg,elementary,,,
1007,false,9d8d3d4a-ff03-52eb-acfa-1c2490b0c8d7,Pymetrozine,Elementary flows/Emission to soil/forestry,kg,elementary,,,
1008,false,53f7bad5-fba1-54ca-94af-7abfbc18d21e,Thiacloprid,Elementary flows/Emission to soil/agricultural,kg,elementary,,,
1009,false,beebe6fb-496b-5dea-b8cf-1ea3482916c9,Mepiquat chloride,Elementary flows/Emission to water/surface water,kg,elementary,,,
1010,false,7d685caf-34cf-5466-b048-6841a368dcee,Tepraloxydim,Elementary flows/Emission to soil/agricultural,kg,elementary,,,
1011,false,87d27297-7fe7-56cb-b6e3-b5cccccabbde,Acetamiprid,Elementary flows/Emission to soil/forestry,kg,elementary,,,
1012,false,36eba17e-44cf-56d1-aea6-949f8ced5416,Terbuthylazin,Elementary flows/Emission to water/surface water,kg,elementary,,,
1013,false,70cb318e-811f-5db1-bd98-16670e6d92e2,Haloxyfop-P,Elementary flows/Emission to soil/agricultural,kg,elementary,,,
1014,false,5c7c5065-a636-4367-bf0a-8552609ffec7,Dicamba,Elementary flows/Emission to water/surface water,kg,elementary,,,
1015,false,9d62f34e-56df-4c48-ba0f-3a50008f29be,Quinmerac,Elementary flows/Emission to soil/agricultural,kg,elementary,,,
1016,false,a31c85f7-da6a-5457-9101-b61833c079c5,Fluopyram,Elementary flows/Emission to water/surface water,kg,elementary,,,
1017,false,eac722d0-8f61-5ae8-b6ab-835d2fa418d5,Metazachlor,Elementary flows/Emission to soil/forestry,kg,elementary,,,
1018,false,92f9a6c1-343a-5239-ab65-211cd615e0f9,Spinosad,Elementary flows/Emission to soil/forestry,kg,elementary,,,
1019,false,325093cd-1d2c-50e5-ab65-1d9b46a11a00,Indoxacarb,Elementary flows/Emission to water/surface water,kg,elementary,,,
1020,false,ee9a1e0c-b267-5c06-b002-bd1bda6df6d9,Alpha-cypermethrin,Elementary flows/Emission to air/low population density,kg,elementary,,,
1021,false,4813520f-6ce4-4f0d-820b-58c71f809931,Deltamethrin,Elementary flows/Emission to air/low population density,kg,elementary,,,
1022,false,30e130e0-ff90-4e07-9cda-c53b81e0bbe6,Pronamide,Elementary flows/Emission to soil/agricultural,kg,elementary,,,
1023,false,c5d8f3f6-498f-4f66-b15c-9828516a70d4,Alpha-cypermethrin,Elementary flows/Emission to water/surface water,kg,elementary,,,
1024,false,9de9aefa-eff9-554b-a460-b8a9da9e5f4f,Haloxyfop-P,Elementary flows/Emission to air/low population density,kg,elementary,,,
1025,false,17fe2e99-10c0-5735-803a-421d19adf688,Cycloxydim,Elementary flows/Emission to air/low population density,kg,elementary,,,
1026,false,3c1c8501-4d95-58ee-935e-44bc99853bf4,Metconazole,Elementary flows/Emission to water/surface water,kg,elementary,,,
1027,false,defdf0f1-60f5-592d-a1d7-79113e4cfd6a,Haloxyfop-P,Elementary flows/Emission to water/surface water,kg,elementary,,,
1028,false,d7992d1c-65ec-4523-8b32-aef139acd1f5,Chlorpyrifos,Elementary flows/Emission to water/surface water,kg,elementary,,,
1029,false,4124f2f9-1e3c-5f97-8971-66f58e539fbd,Terbuthylazin,Elementary flows/Emission to soil/forestry,kg,elementary,,,
1030,false,1be6f247-61bd-4614-a1fa-01a85e968fcb,Terbuthylazin,Elementary flows/Emission to soil/agricultural,kg,elementary,,,
1031,false,d1d740d3-f99b-5127-9208-1e74471ab098,Acetamiprid,Elementary flows/Emission to water/surface water,kg,elementary,,,
1032,false,ea34aa0e-c776-5138-9f7e-41d50cfd175d,Deltamethrin,Elementary flows/Emission to water/surface water,kg,elementary,,,
1033,false,0b5b83a4-ef85-4db6-a739-79f8e00d5dac,Azoxystrobin,Elementary flows/Emission to air/low population density,kg,elementary,,,
1034,false,a81934c9-1e6f-4b56-b02d-b4ebcfed4f22,Clopyralid,Elementary flows/Emission to air/low population density,kg,elementary,,,
1035,false,e468bf88-a7ec-5a31-97b9-e5132f7c4b91,Kaolin,Elementary flows/Emission to soil/forestry,kg,elementary,,,
1036,false,8bae94ba-90a4-58e7-b695-3e2957ba7402,Metconazole,Elementary flows/Emission to soil/forestry,kg,elementary,,,
1037,false,6dbbff87-f724-5cc7-adb2-e5d64b3741e6,Dimethachlor,Elementary flows/Emission to air/low population density,kg,elementary,,,
1038,false,f6f915a4-e10f-55dd-85d8-afd4b671cbb7,Deltamethrin,Elementary flows/Emission to soil/forestry,kg,elementary,,,
1039,false,b52924d8-e53f-4bd4-bb9e-1902db1784b2,Clethodim,Elementary flows/Emission to air/low population density,kg,elementary,,,
1040,false,a3625692-9b0d-53a9-8464-86d0f3d9cd1e,Pyridate,Elementary flows/Emission to air/low population density,kg,elementary,,,
1041,false,0a65f0b0-fe77-564d-9bba-c9a8df2aa268,Indoxacarb,Elementary flows/Emission to soil/forestry,kg,elementary,,,
1042,false,7e18f73b-81f1-5916-ab18-2ee74cf99fcf,Metconazole,Elementary flows/Emission to air/low population density,kg,elementary,,,
1043,false,0747406d-1fdc-5283-9a09-3101921c1d66,Dimethenamid-P,Elementary flows/Emission to air/low population density,kg,elementary,,,
1044,false,90d5dd11-acc8-5305-9904-21093f2853b8,Asulam,Elementary flows/Emission to air/low population density,kg,elementary,,,
1045,false,b3b430f2-1a9e-4db3-8379-85097a24de1f,Dimethachlor,Elementary flows/Emission to soil/agricultural,kg,elementary,,,
1046,false,46bce580-a40e-4bb4-a835-083a519f3b50,Pyridate,Elementary flows/Emission to soil/agricultural,kg,elementary,,,
1047,false,3b659b8e-c901-5ab9-8d3d-d23fbe4b754b,Clethodim,Elementary flows/Emission to soil/forestry,kg,elementary,,,
1048,false,317c9f65-0142-5fa0-99da-98a5c7d639dd,S-Metolachlor,Elementary flows/Emission to soil/agricultural,kg,elementary,,,
1049,false,90c83158-b6c2-5229-b76e-caeeb84e805b,Napropamide,Elementary flows/Emission to water/surface water,kg,elementary,,,
1050,false,310a744b-7a1a-5b7a-a68b-7e85de9d8a20,Azoxystrobin,Elementary flows/Emission to soil/forestry,kg,elementary,,,
1051,false,8f785964-c72f-5fec-b3aa-308e43bb5864,Cycloxydim,Elementary flows/Emission to soil/forestry,kg,elementary,,,
1052,false,ce2ceed1-2503-4566-8175-f4456dbac42b,Alpha-cypermethrin,Elementary flows/Emission to soil/agricultural,kg,elementary,,,
1053,false,8a639de0-198e-54ba-beb3-981536945453,Etofenprox,Elementary flows/Emission to soil/agricultural,kg,elementary,,,
1054,false,ed0b3e63-0d5f-511c-b5ef-7581c9eb9d8f,Pronamide,Elementary flows/Emission to air/low population density,kg,elementary,,,
1055,false,69349323-70b7-41d0-aeef-a29b49a89f85,Tebuconazole,Elementary flows/Emission to water/surface water,kg,elementary,,,
1056,false,03e48413-9ebd-56b6-b203-5faf7a37f1b6,Spinosad,Elementary flows/Emission to air/low population density,kg,elementary,,,
1057,false,1401a57e-d37d-5696-9d59-38b524ec0e0e,Difenoconazole,Elementary flows/Emission to water/surface water,kg,elementary,,,
1058,false,bb75214b-da7a-5094-a88b-0582b5245ef9,Spinosad,Elementary flows/Emission to water/surface water,kg,elementary,,,
1059,false,b57a4142-fab7-5eab-95a5-26177af45b32,Thiacloprid,Elementary flows/Emission to water/surface water,kg,elementary,,,
1060,false,82f5987e-39bf-4055-8f4e-ea3a1882306f,Fluazifop-P-butyl,Elementary flows/Emission to soil/agricultural,kg,elementary,,,
1061,false,c9727abf-58b7-4f90-a670-86f7101e741d,Cyproconazole,Elementary flows/Emission to soil/agricultural,kg,elementary,,,
1062,false,fb8c01dd-00f5-52fb-8bce-73385c4f8c96,Pymetrozine,Elementary flows/Emission to air/low population density,kg,elementary,,,
1063,false,3b772c46-e907-5314-943d-5cebd1fd1684,Clomazone,Elementary flows/Emission to air/low population density,kg,elementary,,,
1064,false,faa118a7-50b6-4ea9-94bb-40a55a0e39f2,Indoxacarb,Elementary flows/Emission to soil/agricultural,kg,elementary,,,
1065,false,99d5fe76-578f-5bfe-99fe-b65ca6669362,Boscalid,Elementary flows/Emission to soil/forestry,kg,elementary,,,
1066,false,7f074fad-4c71-591a-a0cc-5fc050d0acc4,S-Metolachlor,Elementary flows/Emission to soil/forestry,kg,elementary,,,
1067,false,39adb2de-3853-53ef-b5be-46892b82e0fd,Picoxystrobin,Elementary flows/Emission to soil/forestry,kg,elementary,,,
1068,false,4d05382c-4b8f-5346-b26a-ea604b8bded3,Pyridate,Elementary flows/Emission to soil/forestry,kg,elementary,,,
1069,false,b9864274-b746-5457-b5ff-7feb5fafa878,Kaolin,Elementary flows/Emission to water/surface water,kg,elementary,,,
1070,false,64fbc6d9-a9d6-5812-ab05-ebce5082898b,Pronamide,Elementary flows/Emission to soil/forestry,kg,elementary,,,
1071,false,41625ba3-8bf4-4d2a-b634-fddcdf622282,"Herbicides, unspecified",Elementary flows/Emission to soil/agricultural,kg,elementary,,,
1072,false,f9f41671-e50d-529a-984b-cab717d37c86,Quizalofop-P,Elementary flows/Emission to water/surface water,kg,elementary,,,
1073,false,e992ca95-5b73-5f0e-ad55-e970490b7c35,Paclobutrazol,Elementary flows/Emission to soil/forestry,kg,elementary,,,
1074,false,231bcbc6-ce4d-5550-8244-9431031dea95,Pethoxamid,Elementary flows/Emission to soil/agricultural,kg,elementary,,,
1075,false,dbe60d0b-d2fd-533e-a63a-46d02c6a5ef2,Paclobutrazol,Elementary flows/Emission to water/surface water,kg,elementary,,,
1076,false,7a3a19df-0c93-5850-a0f2-d2fdd0f18128,Quinmerac,Elementary flows/Emission to air/low population density,kg,elementary,,,
1077,false,af63afdf-d404-5ef3-9c54-536f670d9483,Paclobutrazol,Elementary flows/Emission to soil/agricultural,kg,elementary,,,
1078,false,bdf7def2-9637-5cf7-9174-fb7c9888a615,S-Metolachlor,Elementary flows/Emission to air/low population density,kg,elementary,,,
1079,false,f10806f3-9bd1-5299-86d2-3d1f324ed0c4,Tepraloxydim,Elementary flows/Emission to soil/forestry,kg,elementary,,,
1080,false,f1b48f46-77aa-4dba-bd83-87e220816f42,Lambda-cyhalothrin,Elementary flows/Emission to soil/agricultural,kg,elementary,,,
1081,false,a40f1ce3-e72f-48fa-8bba-174a1d4bf922,Clopyralid,Elementary flows/Emission to soil/agricultural,kg,elementary,,,
1082,false,e0d4e9ce-5e0c-5333-98c2-e03670c16918,Cyproconazole,Elementary flows/Emission to water/surface water,kg,elementary,,,
1083,false,f2efe6b2-21ae-4ed0-aacf-2a6d41d8e801,Bifenthrin,Elementary flows/Emission to soil/agricultural,kg,elementary,,,
1084,false,07848a8e-1143-5eab-aa66-dddf41a639e7,Acetamiprid,Elementary flows/Emission to air/low population density,kg,elementary,,,
1085,false,22f325b5-393e-5fd0-b194-2e5bf59cc4c7,Etofenprox,Elementary flows/Emission to soil/forestry,kg,elementary,,,
1086,false,7c5e7506-a7ea-5514-8f16-409c2027d4e6,Dimethenamid-P,Elementary flows/Emission to soil/forestry,kg,elementary,,,
1087,false,1caedc74-22ee-52ac-9135-c0a342dc122a,Thiacloprid,Elementary flows/Emission to soil/forestry,kg,elementary,,,
1088,false,83d5b12c-781b-463a-81a2-cdc5918f75cf,Picloram,Elementary flows/Emission to soil/agricultural,kg,elementary,,,
1089,false,df51c9ec-b2c8-5042-9001-b641aab74498,S-Metolachlor,Elementary flows/Emission to water/surface water,kg,elementary,,,
1090,false,4dc6a686-c08f-5570-a99b-35fc9fae2c30,Metaldehyde,Elementary flows/Emission to air/low population density,kg,elementary,,,
1091,false,8e79f5f6-727e-5e06-b0c5-a53c64ac9274,Difenoconazole,Elementary flows/Emission to soil/forestry,kg,elementary,,,
1092,false,827c7522-41e9-490e-b48a-18c4276a707d,Clethodim,Elementary flows/Emission to water/surface water,kg,elementary,,,
1093,false,30cecb7a-5d6e-5da8-84a5-89eacb2c1f67,Cypermethrin,Elementary flows/Emission to water/surface water,kg,elementary,,,
1094,false,cfaf5eee-7c75-530c-802c-bdc63eddb00d,Pethoxamid,Elementary flows/Emission to air/low population density,kg,elementary,,,
1095,false,c5564a8b-8793-5eba-91a3-35bc57db5c7d,Thiacloprid,Elementary flows/Emission to air/low population density,kg,elementary,,,
1096,false,cfa6de56-8a29-4a27-8868-fb6d1f092d36,Prothioconazole,Elementary flows/Emission to soil/agricultural,kg,elementary,,,
1097,false,80e34550-8506-505d-add4-bf58e9388b37,Kaolin,Elementary flows/Emission to air/low population density,kg,elementary,,,
1098,false,620d3423-2376-4fcc-bb89-2d468f8b2df8,Cypermethrin,Elementary flows/Emission to air/low population density,kg,elementary,,,
1099,false,93db5191-c13b-5e45-8ef6-4dd4ce975b37,Chlorpyrifos methyl,Elementary flows/Emission to air/low population density,kg,elementary,,,
1100,false,df3bc23b-891d-52d8-88c2-24267061ac60,Metazachlor,Elementary flows/Emission to air/low population density,kg,elementary,,,
1101,false,9253e661-e076-4a84-9ea0-192ee3aea47c,Prothioconazole,Elementary flows/Emission to air/low population density,kg,elementary,,,
1102,false,282973e4-3c2d-4a9c-a3f2-d39a5b36aa76,Deltamethrin,Elementary flows/Emission to soil/agricultural,kg,elementary,,,
1103,false,7120eec5-cf9a-4c69-83f2-f1a58813754c,Clomazone,Elementary flows/Emission to soil/agricultural,kg,elementary,,,
1104,false,f992dcb8-c19c-46b1-a36b-3053ef83b755,Thiram,Elementary flows/Emission to soil/agricultural,kg,elementary,,,
1105,false,2ca6591e-5830-5ebb-82de-f2a18b434250,Asulam,Elementary flows/Emission to soil/forestry,kg,elementary,,,
1106,false,ffbd180e-dc01-580a-a7ad-24b3676c4433,Thiram,Elementary flows/Emission to soil/forestry,kg,elementary,,,
1107,false,89dd5dfb-aa72-4c48-aaf7-b0aa16497029,Metazachlor,Elementary flows/Emission to soil/agricultural,kg,elementary,,,
1108,false,75f80748-0428-5cfb-a472-5d0a5dd9f685,Clomazone,Elementary flows/Emission to water/surface water,kg,elementary,,,
1109,false,3563bb9d-4020-4635-890b-6de95036911f,Fluazifop-P-butyl,Elementary flows/Emission to air/low population density,kg,elementary,,,
1110,false,ff32cb2a-4d63-435e-8787-58436bd36a83,Boscalid,Elementary flows/Emission to soil/agricultural,kg,elementary,,,
1111,false,873d28d3-e53b-46a6-aaa0-63b923f0a56c,Clethodim,Elementary flows/Emission to soil/agricultural,kg,elementary,,,
1112,false,03cec436-aa7a-5bd8-845d-cb8af6c26695,Etofenprox,Elementary flows/Emission to water/surface water,kg,elementary,,,
1113,false,0822b867-9dca-4d5a-93c3-319d39b592cd,Chlorpyrifos,Elementary flows/Emission to air/low population density,kg,elementary,,,
1114,false,9ffcc5df-8eb2-43f1-9915-b1cdcb853162,"Herbicides, unspecified",Elementary flows/Emission to water/surface water,kg,elementary,,,
1115,false,689e884e-9793-5dbb-a77b-79e76d6b5a84,Quinmerac,Elementary flows/Emission to water/surface water,kg,elementary,,,
1116,false,daf2f12c-7b20-59d6-8f9d-d116e870906f,Haloxyfop-P,Elementary flows/Emission to soil/forestry,kg,elementary,,,
1117,false,e157e3dd-88b9-4256-ab2e-ff82e7b8d088,Glyphosate,Elementary flows/Emission to water/surface water,kg,elementary,,,
1118,false,1245ede5-a7df-53ad-b953-8db1cc8f18b1,Terbuthylazin,Elementary flows/Emission to air/low population density,kg,elementary,,,
1119,false,e08bc16e-9f9a-5d03-abbc-e6200c67e43f,Tepraloxydim,Elementary flows/Emission to air/low population density,kg,elementary,,,
1120,false,633ec3fc-a67d-5194-8d42-5f533e90f140,Cyproconazole,Elementary flows/Emission to soil/forestry,kg,elementary,,,
1121,false,1a7fba0e-91a3-4ac2-a58e-44575eeed078,Picoxystrobin,Elementary flows/Emission to soil/agricultural,kg,elementary,,,
1122,false,f5613910-92ec-4bf3-9585-926749432289,Imazamox,Elementary flows/Emission to soil/agricultural,kg,elementary,,,
1123,false,77b552e3-f7cc-551b-9fd6-505f7bdf4e93,Metaldehyde,Elementary flows/Emission to soil/forestry,kg,elementary,,,
1124,false,2b3cf153-0dd6-4b79-b0d4-b4df832f3a7e,Chlorpyrifos methyl,Elementary flows/Emission to soil/agricultural,kg,elementary,,,
1125,false,f8f3e2b7-4b38-5bc4-99b7-cf87225cb536,Boscalid,Elementary flows/Emission to air/low population density,kg,elementary,,,
1126,false,7a8473f6-23b6-5725-9a3d-3c27bb3f2be2,Fluazifop-P-butyl,Elementary flows/Emission to water/surface water,kg,elementary,,,
1127,false,d089909a-952e-5154-921b-d18daab00ab1,Napropamide,Elementary flows/Emission to soil/forestry,kg,elementary,,,
1128,false,c0f9c61a-be69-5fda-a7cc-b616ff2b30d3,Picoxystrobin,Elementary flows/Emission to water/surface water,kg,elementary,,,
1129,false,92742770-9f7e-5d9b-8777-f0e5c60c2aa9,Picloram,Elementary flows/Emission to soil/forestry,kg,elementary,,,
1130,false,bc878fc6-d8a0-462f-91e1-11fb93b7928d,Dicamba,Elementary flows/Emission to air/low population density,kg,elementary,,,
1131,false,24a29bd2-ec92-5fd1-adea-f763a63bea78,Cypermethrin,Elementary flows/Emission to soil/forestry,kg,elementary,,,
1132,false,9a6a69f0-ff7c-5940-ad58-cc0df79900d3,Fluopyram,Elementary flows/Emission to air/low population density,kg,elementary,,,
1133,false,066a904d-beba-47a4-a153-3981ca3554e0,Pymetrozine,Elementary flows/Emission to soil/agricultural,kg,elementary,,,
1134,false,d6ec8431-7ff8-4018-8574-00a03966c952,Prothioconazole,Elementary flows/Emission to water/surface water,kg,elementary,,,
1135,false,3eca47eb-0bf4-5381-bc15-0e85d67e4bb5,Difenoconazole,Elementary flows/Emission to air/low population density,kg,elementary,,,
1136,false,dcfb4fdd-9558-5c57-82f6-570d4d0deff5,Quizalofop-P,Elementary flows/Emission to soil/forestry,kg,elementary,,,
1137,false,59c9fd90-b56e-5834-96bc-83c3434b96e1,Bifenthrin,Elementary flows/Emission to air/low population density,kg,elementary,,,
1138,false,334548b2-e05c-4e7b-9746-c27dd2aaa58c,Imazamox,Elementary flows/Emission to air/low population density,kg,elementary,,,
1139,false,3f616604-f614-586c-9665-f365b08ca734,Quinmerac,Elementary flows/Emission to soil/forestry,kg,elementary,,,
1140,false,f7340d88-d66b-45c8-89af-251646b2c12e,Spinosad,Elementary flows/Emission to soil/agricultural,kg,elementary,,,
1141,false,8812d4ee-4378-5a3b-a411-4bed7f882737,Napropamide,Elementary flows/Emission to air/low population density,kg,elementary,,,
1142,false,ac399e1a-fae6-55d4-97d5-572a4e45f523,Mepiquat chloride,Elementary flows/Emission to air/low population density,kg,elementary,,,
1143,false,99eb5cdc-8c8a-45a7-8c5a-527773523984,Clopyralid,Elementary flows/Emission to water/surface water,kg,elementary,,,
1144,false,781976b1-82a2-5ae9-b7fc-1ab7282f38f0,Dimethenamid-P,Elementary flows/Emission to water/surface water,kg,elementary,,,
1145,false,3a4f19d0-38af-5e7f-9ca9-3748ecb64b9b,Picoxystrobin,Elementary flows/Emission to air/low population density,kg,elementary,,,
1146,false,1b144479-3284-4cf1-9b17-2590940e656a,"Herbicides, unspecified",Elementary flows/Emission to air/low population density,kg,elementary,,,
1147,false,be206401-d803-4b14-8319-53b916e9beef,Quizalofop-P,Elementary flows/Emission to soil/agricultural,kg,elementary,,,
1148,false,f3d18a02-8ddc-5c5d-acff-039d120446fd,Lambda-cyhalothrin,Elementary flows/Emission to soil/forestry,kg,elementary,,,
1149,false,8128cc0a-f005-5ca6-930a-f2abc5b7140e,Mepiquat chloride,Elementary flows/Emission to soil/forestry,kg,elementary,,,
1150,false,e69b028e-e549-4869-ae4a-b85ef8bcb7a9,Azoxystrobin,Elementary flows/Emission to soil/agricultural,kg,elementary,,,
1151,false,fa910395-59ec-5235-a4ab-06a67c8303f5,Etofenprox,Elementary flows/Emission to air/low population density,kg,elementary,,,
1152,false,16ce8358-db19-58c9-9cee-5572ca475890,Chlorpyrifos methyl,Elementary flows/Emission to water/surface water,kg,elementary,,,
1153,false,3489da10-575c-58a5-a1ab-516e4ab45d18,Boscalid,Elementary flows/Emission to water/surface water,kg,elementary,,,
1154,false,60d0f023-7c14-545d-bf8e-8ff4ed6604a2,Dicamba,Elementary flows/Emission to soil/forestry,kg,elementary,,,
1155,false,9fdad978-2e53-5878-add1-5dc3b8a186cf,Tepraloxydim,Elementary flows/Emission to water/surface water,kg,elementary,,,
1156,false,de235b64-057e-5ca3-8bad-0bbd0afce717,Thiram,Elementary flows/Emission to water/surface water,kg,elementary,,,
1157,false,6fe7d350-5942-53c5-b8f1-16ce63c68485,Fluopyram,Elementary flows/Emission to soil/forestry,kg,elementary,,,
1158,false,e9bf9e2d-4bd1-4679-86ff-e34f6b750ea0,"Oils, unspecified",Elementary flows/Emission to soil/industrial,kg,elementary,,,
1159,false,d43f7827-b47b-4652-8366-f370995fd206,"Nitrogen, organic bound",Elementary flows/Emission to water/surface water,kg,elementary,,,
1160,false,e9e856c2-868e-435e-8425-8df1c9297cfc,Lead II,Elementary flows/Emission to water/ocean,kg,elementary,,,
1161,false,d70b4182-d633-4178-84c0-8854f5f6594b,Arsenic ion,Elementary flows/Emission to water/ocean,kg,elementary,,,
1162,false,23cb10a4-6228-4ce4-9fb5-7043bc31faec,Nickel II,Elementary flows/Emission to water/ocean,kg,elementary,,,
1163,false,2195d86f-e4c8-4e86-9f18-b5b065b1df7e,Zinc II,Elementary flows/Emission to water/ocean,kg,elementary,,,
1164,false,580cbc23-1567-5b00-a6e0-df2e01c7d857,tert-Butanol,Elementary flows/Emission to water/surface water,kg,elementary,,,
1165,false,c4503380-1045-4670-a7da-fe5dcce56699,Propylene oxide,Elementary flows/Emission to air/unspecified,kg,elementary,,,
1166,false,e3d8f591-eebc-5352-a8da-6679ad35eb94,Isobutane,Elementary flows/Emission to air/unspecified,kg,elementary,,,
1167,false,a25c6394-6503-51c2-9370-9acb6b167ad1,tert-Butanol,Elementary flows/Emission to air/high population density,kg,elementary,,,
1168,false,74a38fcc-cfc9-57d2-85a6-2f7e9c12c345,Fluorine,Elementary flows/Emission to water/surface water,kg,elementary,,,
1169,false,6818a8b5-7d75-563f-bce8-8f4088ba5759,Oxygen,Elementary flows/Emission to water/surface water,kg,elementary,,,
1170,false,4d07c245-a030-5399-a74e-aaac30014ec3,Hydrogen,Elementary flows/Emission to water/surface water,kg,elementary,,,
1171,false,7bade07b-84da-4cdf-8798-2ab5a1ceec7a,Sulfur dichloride,Elementary flows/Emission to air/unspecified,kg,elementary,,,
1172,false,24594cef-c50b-4e02-a5e3-c40cb06fea18,Krypton-89,Elementary flows/Emission to air/low population density,kBq,elementary,,,
1173,false,5d02269c-1130-47a5-aa86-00d79802dc88,Thiobencarb,Elementary flows/Emission to soil/agricultural,kg,elementary,,,
1174,false,c5094d89-50ee-5a7a-8ff3-cf50b218ef2b,Thiabendazole,Elementary flows/Emission to soil/agricultural,kg,elementary,,,
1175,false,201afd00-a74f-4ede-bbf7-770e39ed6471,Lanthanum-140,Elementary flows/Emission to air/low population density,kBq,elementary,,,
1176,false,6e1ff7cb-8499-5dd5-b2d4-cd81cbf85f3b,Cyprodinil,Elementary flows/Emission to water/surface water,kg,elementary,,,
1177,false,d1528862-956f-4441-b2ac-cce8ae963805,Acetyl chloride,Elementary flows/Emission to water/surface water,kg,elementary,,,
1178,false,ecc877ac-3c34-4838-b1f8-6ae0ff2cd2fc,Thorium-228,Elementary flows/Emission to air/unspecified,kBq,elementary,,,
1179,true,c12ed8b5-8452-43ca-9986-a814e908e792,"Transformation, from grassland, natural, for livestock grazing",Elementary flows/Resource/land,m2,elementary,,,
1180,false,4bc2ecf7-fbc3-4c74-81f6-30f9f4425d30,Potassium-40,Elementary flows/Emission to air/unspecified,kBq,elementary,,,
1181,false,0e08455b-c4e6-55f3-85b7-b82bc2b1ebfe,Maleic hydrazide,Elementary flows/Emission to water/surface water,kg,elementary,,,
1182,false,4dd95929-09d1-4c60-8792-4c9b6404d168,Fentin hydroxide,Elementary flows/Emission to soil/agricultural,kg,elementary,,,
1183,true,110a04f0-af53-5499-b22e-79b1b91e5a66,Erbium,Elementary flows/Resource/in ground,kg,elementary,,,
1184,false,446d8fe4-fde6-4640-bc23-f04a663bbc04,Iodine,Elementary flows/Emission to air/unspecified,kg,elementary,,,
1185,false,f3e0d923-21fd-57f4-83c8-8dffa3fff484,Triflumuron,Elementary flows/Emission to air/low population density,kg,elementary,,,
1186,false,ff65658c-2d39-44a2-b23e-7ec3c644f064,Aluminium III,Elementary flows/Emission to air/unspecified,kg,elementary,,,
1187,false,af3b0f01-3f06-46c7-a3b7-66bfec083264,Methyl formate,Elementary flows/Emission to water/surface water,kg,elementary,,,
1188,false,8fc441e0-0d97-46b9-b84b-ed2689d9014a,Dimethenamide,Elementary flows/Emission to water/surface water,kg,elementary,,,
1189,false,5da998ca-223d-47bb-a516-2ee8c9bf6f2c,Permethrin,Elementary flows/Emission to soil/agricultural,kg,elementary,,,
1190,false,d42cf485-e4e1-4f13-8d6c-7d8b8a3903df,Phenanthrene,Elementary flows/Emission to water/surface water,kg,elementary,,,
1191,false,b79a5104-24ce-5fad-9437-48d2b0184ab5,Linuron,Elementary flows/Emission to air/low population density,kg,elementary,,,
1192,false,38a622c6-f086-4763-a952-7c6b3b1c42ba,"1,4-Butanediol",Elementary flows/Emission to air/high population density,kg,elementary,,,
1193,false,f97ee737-45ca-4a19-bbf4-30746bfa6fb4,Mefenpyr-diethyl,Elementary flows/Emission to soil/agricultural,kg,elementary,,,
1194,false,077dd4ce-930e-52d0-ad30-1e25ec2c2cf4,Metamitron,Elementary flows/Emission to air/low population density,kg,elementary,,,
1195,false,eeaeefc1-0af9-45e5-99a8-2333a387f0ae,Propanal,Elementary flows/Emission to air/high population density,kg,elementary,,,
1196,false,7c2edd6d-8e2e-52f4-88b3-ac40c93e1dc3,Chlorotoluron,Elementary flows/Emission to soil/forestry,kg,elementary,,,
1197,false,d9748d02-bca8-4ace-8de3-131e8c2ba6eb,Isophoronenitrile,Elementary flows/Emission to water/unspecified,kg,elementary,,,
1198,false,fa0c2bee-8dd9-4f8a-8489-b1f3b43de958,"1,1,1,2-Tetrafluoroethane",Elementary flows/Emission to air/high population density,kg,elementary,,,
1199,false,b8db7f8d-c4a3-5aea-b95f-f5729d5656fd,"2,4-D dimethylamine salt",Elementary flows/Emission to water/surface water,kg,elementary,,,
1200,false,6c4f668a-2f94-542d-94ee-72442662fae5,Methiocarb,Elementary flows/Emission to water/surface water,kg,elementary,,,
1201,false,c796eed5-8e5d-43bb-8dd9-feaae3e90511,Fluoride,Elementary flows/Emission to water/ocean,kg,elementary,,,
1202,true,e5824519-f945-4b2c-a81b-677290021b8a,"Occupation, inland waterbody, unspecified",Elementary flows/Resource/land,m2*a,elementary,,,
1203,false,b985c4b2-e68f-594c-ae7b-cb8b27a74315,Cyproconazole,Elementary flows/Emission to water/ground water,kg,elementary,,,
1204,false,2cf2c41e-3980-529a-ab58-872e32914fbb,Metolachlor,Elementary flows/Emission to soil/forestry,kg,elementary,,,
1205,false,05f078ed-c834-45e3-aea0-05609ca93b4c,Metolachlor,Elementary flows/Emission to water/surface water,kg,elementary,,,
1206,false,cac53ea3-b11c-47a6-adfd-678672a088e6,Calcium II,"Elementary flows/Emission to air/low population density, long-term",kg,elementary,,,
1207,false,1b6a35b8-f6c8-404d-9c0e-e09b8fdb2d9e,Dichloromethane,Elementary flows/Emission to water/surface water,kg,elementary,,,
1208,false,055bf521-b162-4172-b7db-da4df197d671,Trimethyl borate,Elementary flows/Emission to air/high population density,kg,elementary,,,
1209,true,19f84b2e-e6ff-4351-ba3a-8b650fc20d14,"Occupation, pasture, man made, extensive",Elementary flows/Resource/land,m2*a,elementary,,,
1210,false,b1fedd38-0f13-4baa-a6e9-ccc453e5b2f5,Primisulfuron,Elementary flows/Emission to soil/agricultural,kg,elementary,,,
1211,true,edc69c63-a776-4dbf-acbf-e0368914980a,Palladium,Elementary flows/Resource/in ground,kg,elementary,,,
1212,false,d051c442-f206-4d70-844d-7d44dbbc3d8e,"2,4-DB",Elementary flows/Emission to soil/agricultural,kg,elementary,,,
1213,false,ef1c247b-2e9a-5f01-b4a4-a316184bbc46,Thiram,Elementary flows/Emission to water/unspecified,kg,elementary,,,
1214,false,5815c38f-07cb-55c9-8005-cd313386e09d,Dodecanol,Elementary flows/Emission to soil/agricultural,kg,elementary,,,
1215,false,739f8f7b-ad37-5ddf-aed8-a7ae74c63c12,Triflumuron,Elementary flows/Emission to water/unspecified,kg,elementary,,,
1216,false,c1e943d6-a301-431d-ab72-779b5589deaf,Propiconazole,Elementary flows/Emission to water/ground water,kg,elementary,,,
1217,false,c8e5538f-17a1-4f62-aa64-39a91adb5cd3,"1,1,1-Trichloroethane",Elementary flows/Emission to water/unspecified,kg,elementary,,,
1218,false,85365e41-8102-4f9b-afb7-d7d7e6e07249,Lead-210,Elementary flows/Emission to water/ground water,kBq,elementary,,,
1219,false,f87e0478-9ba4-4d6b-a1ca-5667d07f3465,Dipropyl amine,Elementary flows/Emission to water/surface water,kg,elementary,,,
1220,false,97658db2-853c-59a0-9247-f44dd0dd518c,Nicosulfuron,Elementary flows/Emission to soil/forestry,kg,elementary,,,
1221,false,9ba627f4-3a6c-4dd6-8598-4e1639fbd85a,"VOC, volatile organic compounds",Elementary flows/Emission to water/unspecified,kg,elementary,,,
1222,false,65a48c10-8195-5363-887f-41bea852b57b,Flufenacet,Elementary flows/Emission to soil/forestry,kg,elementary,,,
1223,false,08d5642e-cf79-564c-8245-96829391d6de,Prohexadione calcium,Elementary flows/Emission to water/surface water,kg,elementary,,,
1224,false,e8afeb8a-3162-53ea-86c0-466cd3a630e7,Beta-cyfluthrin,Elementary flows/Emission to water/unspecified,kg,elementary,,,
1225,false,4d8131df-07d8-475b-ae7c-8fe4b80fb8e0,Tributyltin compounds,Elementary flows/Emission to water/unspecified,kg,elementary,,,
1226,false,bc97db5d-196f-4413-8d9b-ed5c8a0e0ce9,N-methyl-2-pyrrolidone,Elementary flows/Emission to air/unspecified,kg,elementary,,,
1227,false,55fa60b0-4964-5981-aba8-765a398814b6,Bifenazate,Elementary flows/Emission to soil/agricultural,kg,elementary,,,
1228,false,7711c08d-f62f-5cb3-b806-63fb7a9cece9,Sulcotrione,Elementary flows/Emission to water/surface water,kg,elementary,,,
1229,false,9cbbd44e-bc02-4586-9d58-e223db6f5e24,Pendimethalin,Elementary flows/Emission to soil/agricultural,kg,elementary,,,
1230,false,2f1d0962-be5d-4e6d-9c9b-0846722d9c65,Glutaraldehyde,Elementary flows/Emission to water/ocean,kg,elementary,,,
1231,false,629fe86c-b836-59cd-ba3c-957f9f824ddd,Gibberellic acid,Elementary flows/Emission to water/unspecified,kg,elementary,,,
1232,false,6230c099-a983-4d9d-98a8-a0697962bec3,Lithium I,Elementary flows/Emission to soil/unspecified,kg,elementary,,,
1233,false,85a764f2-a810-4b20-bc86-a45604262fda,Tin ion,Elementary flows/Emission to soil/unspecified,kg,elementary,,,
1234,false,caffa231-9312-46b9-bbdf-c2782d225ef0,Chromium-51,Elementary flows/Emission to air/low population density,kBq,elementary,,,
1235,false,ee5a7b69-dde5-509e-9f6e-b4072fe18e35,Quizalofop-p-ethyl,Elementary flows/Emission to air/unspecified,kg,elementary,,,
1236,false,639ddb85-c4e3-5175-9c22-6a7621c397d9,Glufosinate,Elementary flows/Emission to water/surface water,kg,elementary,,,
1237,false,632c7211-cd6f-58d7-9ac2-4faa163aec91,Laminarin,Elementary flows/Emission to air/low population density,kg,elementary,,,
1238,false,e52f678d-50c0-4154-b271-5e3b5402e21a,Bromine,"Elementary flows/Emission to air/low population density, long-term",kg,elementary,,,
1239,false,0f02d06c-c44d-4681-a677-eff6aa3cd7e0,Diclofop-methyl,Elementary flows/Emission to soil/agricultural,kg,elementary,,,
1240,false,3cee5c55-b34f-5a31-84bd-77661cd6a885,Vinylidene fluoride,Elementary flows/Emission to air/unspecified,kg,elementary,,,
1241,false,c49fb4cd-eed0-4438-9052-9612473cdbae,Antimony ion,Elementary flows/Emission to soil/unspecified,kg,elementary,,,
1242,false,68e3130c-7c4b-4825-a383-c54410568d5d,"Discarded fish, pelagic, to ocean",Elementary flows/Emission to water/ocean,kg,elementary,,,
1243,false,66611217-6711-4b3a-8966-4ab2b7107ca6,Diethylamine,Elementary flows/Emission to water/surface water,kg,elementary,,,
1244,false,c34b7d39-1ab2-512f-8c5d-c5c8aa5eff2d,Mancozeb,Elementary flows/Emission to soil/forestry,kg,elementary,,,
1245,false,faf05b06-da29-4af5-aa37-cfa4b802a297,"Hydrocarbons, aliphatic, alkanes, unspecified",Elementary flows/Emission to water/ocean,kg,elementary,,,
1246,false,6ed91be2-eb3f-4676-957c-60de03d8e536,Naphthalene,Elementary flows/Emission to water/surface water,kg,elementary,,,
1247,true,89b567f2-2cab-503e-b796-42cba72fce16,Yttrium,Elementary flows/Resource/in ground,kg,elementary,,,
1248,false,9541a975-800f-4fed-9edf-28f6e411a015,"Methane, from soil or biomass stock",Elementary flows/Emission to air/low population density,kg,elementary,,,
1249,false,c52555d3-077e-4970-9089-f5d30ab1212e,Potassium-40,Elementary flows/Emission to water/ocean,kBq,elementary,,,
1250,false,e92a1310-603c-4346-85b8-e4e3192cd75c,Isopropanol,Elementary flows/Emission to water/unspecified,kg,elementary,,,
1251,false,b4f9a201-2a20-4f41-a572-eabc98c75e1b,Glyphosate,Elementary flows/Emission to soil/industrial,kg,elementary,,,
1252,false,926fdcf3-6c44-44e2-acb6-159060ac65cf,Potassium I,"Elementary flows/Emission to air/low population density, long-term",kg,elementary,,,
1253,false,df260d38-1369-4524-a83a-bbd8ace56681,Flutolanil,Elementary flows/Emission to soil/agricultural,kg,elementary,,,
1254,false,87a1b489-3846-537a-8819-977df3df566e,Chlorothalonil,Elementary flows/Emission to soil/forestry,kg,elementary,,,
1255,false,ad83a9b9-77ce-4a23-852d-d606ec7f8ffb,Tralkoxydim,Elementary flows/Emission to soil/agricultural,kg,elementary,,,
1256,false,1417474c-bf73-4ffc-9eff-94a994bf76a8,Silthiofam,Elementary flows/Emission to soil/agricultural,kg,elementary,,,
1257,false,85fa4541-289d-4e24-9664-09efa68fe470,Methyl acrylate,Elementary flows/Emission to water/unspecified,kg,elementary,,,
1258,false,edc41c91-7e10-41df-8c75-d4850a2e5eb9,Thorium-232,Elementary flows/Emission to water/surface water,kBq,elementary,,,
1259,false,40e673c6-0fc0-541a-97c6-f6635caac029,Metsulfuron-methyl,Elementary flows/Emission to water/unspecified,kg,elementary,,,
1260,false,edf9fe90-37ee-4d8b-af9b-2e959422abfd,Dimethylamine,Elementary flows/Emission to air/high population density,kg,elementary,,,
1261,false,23868338-42bc-4baf-a9e2-8e84ff8c92f1,2-Methyl-2-butene,Elementary flows/Emission to water/unspecified,kg,elementary,,,
1262,true,81ff5c0b-c44f-534e-a55e-8fc017e33dd2,Kaolinite,Elementary flows/Resource/in ground,kg,elementary,,,
1263,false,863ebe6d-0f48-4c32-94df-a6369f963a2e,Maleic hydrazide,Elementary flows/Emission to soil/agricultural,kg,elementary,,,
1264,true,c9461a73-d00a-4fc7-a890-a9eda6af3185,"Occupation, permanent crop, non-irrigated, intensive",Elementary flows/Resource/land,m2*a,elementary,,,
1265,false,c1ad9058-6019-4835-ab47-d3e3f35b94d9,Propamocarb HCl,Elementary flows/Emission to soil/agricultural,kg,elementary,,,
1266,false,46e63323-cffd-4c46-829b-5f006b50fa9b,Aluminium III,"Elementary flows/Emission to air/low population density, long-term",kg,elementary,,,
1267,false,9b00c244-fcce-4d38-922b-601a81f2ba34,Sulfate,Elementary flows/Emission to air/unspecified,kg,elementary,,,
1268,false,6b000ac5-e791-4ca8-ad17-a72d2ca6eca7,Lead-210,Elementary flows/Emission to water/surface water,kBq,elementary,,,
1269,false,0131a35d-1d37-46ee-aed2-5ca12ac07ad4,Trimethylchlorosilane,Elementary flows/Emission to air/high population density,kg,elementary,,,
1270,true,cf791833-26bc-5207-a9bd-6ddcd8ac7625,Samarium,Elementary flows/Resource/in ground,kg,elementary,,,
1271,false,f0fb5b72-294e-4d86-b433-883e5f6e97fd,Chlormequat,Elementary flows/Emission to soil/agricultural,kg,elementary,,,
1272,false,650f3790-4d91-524a-ac0e-3195957671c0,Quizalofop-p-ethyl,Elementary flows/Emission to air/low population density,kg,elementary,,,
1273,false,395bf19a-d3e3-4185-9bee-141fdbfd6afe,Tribenuron,Elementary flows/Emission to soil/agricultural,kg,elementary,,,
1274,false,de1404ca-49c3-5fc1-84d2-020a8979e62a,Acrylate,Elementary flows/Emission to air/unspecified,kg,elementary,,,
1275,false,90ba480e-f2f2-4ee8-8299-da906df00058,Acrinathrin,Elementary flows/Emission to soil/agricultural,kg,elementary,,,
1276,false,237ea455-6c82-4254-af86-9409df922094,Bentazone,Elementary flows/Emission to soil/agricultural,kg,elementary,,,
1277,false,4c0a6227-af22-45cb-b75b-b276ce0e4d47,Strontium II,Elementary flows/Emission to soil/unspecified,kg,elementary,,,
1278,false,04a6edb8-624a-484e-8f85-d771657adae7,Dichlorofluoromethane,Elementary flows/Emission to air/unspecified,kg,elementary,,,
1279,false,2ba6c345-1a1c-5337-b547-1753ea269581,Tembotrione,Elementary flows/Emission to soil/forestry,kg,elementary,,,
1280,false,e2d860e3-1038-4386-a5f1-25ad75d18bbd,Isobutanol,Elementary flows/Emission to air/high population density,kg,elementary,,,
1281,false,10df31ce-d6ad-42b6-8fb2-9dfdb588e9ec,Benzo(b)fluoranthene,Elementary flows/Emission to water/surface water,kg,elementary,,,
1282,true,c9c4b80a-73dd-415a-92fb-f877595651c1,Vanadium,Elementary flows/Resource/in ground,kg,elementary,,,
1283,true,b06ca23e-c6c0-478b-a65c-50e5e5dd8440,"Transformation, from river, natural (non-use)",Elementary flows/Resource/land,m2,elementary,,,
1284,false,2a992e5e-9f16-47b8-8bcb-733d00bed658,Tin ion,Elementary flows/Emission to water/ocean,kg,elementary,,,
1285,false,e96403e1-c19b-5799-a045-f163ea9fe1b4,Cyprodinil,Elementary flows/Emission to air/low population density,kg,elementary,,,
1286,false,185ce127-5a31-59e9-92a3-d5c328dbd587,Tritosulfuron,Elementary flows/Emission to water/surface water,kg,elementary,,,
1287,true,aca1714f-0040-4a65-a73a-0e38aa9f50f4,"Occupation, forest, intensive",Elementary flows/Resource/land,m2*a,elementary,,,
1288,false,2560cef2-f8a0-5778-80ed-7ebba796e271,Copper oxide,Elementary flows/Emission to air/low population density,kg,elementary,,,
1289,false,a46f2cef-b328-5d0d-848d-aa485e50eb8e,Copper oxychloride,Elementary flows/Emission to air/low population density,kg,elementary,,,
1290,false,a46af3f1-bb74-565e-a078-0ef7aecb96e6,"Pesticides, unspecified",Elementary flows/Emission to soil/forestry,kg,elementary,,,
1291,false,640e30d2-3158-4a1a-82ef-fd0c72922c9a,Molybdenum VI,Elementary flows/Emission to air/unspecified,kg,elementary,,,
1292,false,fd61d155-3b34-46d5-8769-efb3e806f545,Mercury II,Elementary flows/Emission to water/ocean,kg,elementary,,,
1293,false,c94b670d-d2ce-50b3-83c8-25953731783a,Chlorantraniliprole,Elementary flows/Emission to water/unspecified,kg,elementary,,,
1294,false,b4983c91-ec7e-571a-8f78-c2eba77fd1b3,Diuron,Elementary flows/Emission to soil/forestry,kg,elementary,,,
1295,false,96db42b8-64e4-4a84-9b16-cd8f73c615d6,2-Aminopropanol,Elementary flows/Emission to water/surface water,kg,elementary,,,
1296,false,f4c05a70-b5f7-51bb-860f-9c75220475a0,Kresoxim-methyl,Elementary flows/Emission to water/surface water,kg,elementary,,,
1297,false,34c02ca0-e1ad-45a6-858b-655c55edc2a8,Nitrogen,Elementary flows/Emission to air/low population density,kg,elementary,,,
1298,false,c7d666fc-9018-5e44-9c68-8112aee4f20e,Mancozeb,Elementary flows/Emission to water/ground water,kg,elementary,,,
1299,true,2e002771-9f22-43e3-9990-f06f8235700b,"Transformation, from heterogeneous, agricultural",Elementary flows/Resource/land,m2,elementary,,,
1300,false,b3f831bd-953b-5c43-b342-5fb035ed12dc,Prochloraz,Elementary flows/Emission to soil/forestry,kg,elementary,,,
1301,false,a338680a-ef8b-4f6d-baed-44c48666ebff,"Fungicides, unspecified",Elementary flows/Emission to air/low population density,kg,elementary,,,
1302,false,ce0c1856-97c2-5c22-bb90-ec9bcadb27fc,Fluthiacet-methyl,Elementary flows/Emission to soil/agricultural,kg,elementary,,,
1303,false,364cef97-0380-4d40-8b47-35e073f0c54f,Procymidone,Elementary flows/Emission to soil/agricultural,kg,elementary,,,
1304,false,c3114f66-5b2b-4f6c-bf96-911bef486bf3,Methiocarb,Elementary flows/Emission to soil/agricultural,kg,elementary,,,
1305,false,cdcdbfc9-3d5f-4e78-8033-8dbecbb2cfec,Acephate,Elementary flows/Emission to soil/agricultural,kg,elementary,,,
1306,false,e170546d-a672-4840-bd7a-1c7f8b627286,Paraquat,Elementary flows/Emission to soil/agricultural,kg,elementary,,,
1307,false,f6efb4ff-d91b-5ca7-841f-f22f5b59ed8b,Ametoctradin,Elementary flows/Emission to air/low population density,kg,elementary,,,
1308,false,063a0cee-aa71-4ea6-85ca-045c74ca1a66,Diquat,Elementary flows/Emission to soil/agricultural,kg,elementary,,,
1309,true,9d136389-8670-45ae-ad1d-a06848a1fd1d,"Transformation, from forest, primary (non-use)",Elementary flows/Resource/land,m2,elementary,,,
1310,true,d36dd104-5214-4ca2-b1ab-c878987a42fe,"Transformation, to wetland, inland (non-use)",Elementary flows/Resource/land,m2,elementary,,,
1311,false,c77c4a03-677b-5c08-8087-7b87f2cb010a,Benzovindiflupyr,Elementary flows/Emission to water/surface water,kg,elementary,,,
1312,false,7d65e225-0ca3-4467-82f8-a8c09d66eac0,Cerium-141,Elementary flows/Emission to air/low population density,kBq,elementary,,,
1313,false,98fc8cad-e186-4353-8ffb-92ddae8cc685,Thifensulfuron,Elementary flows/Emission to air/low population density,kg,elementary,,,
1314,false,55bf893f-0d89-429c-be59-2f99b33ddb11,Calcium II,Elementary flows/Emission to water/ocean,kg,elementary,,,
1315,false,8f87dcf1-0177-4d62-bea0-a5dd8647ef8c,Trifluoromethane,Elementary flows/Emission to air/high population density,kg,elementary,,,
1316,false,a66849fd-060a-40b5-bd9d-04caa632b75c,t-Butyl amine,Elementary flows/Emission to water/surface water,kg,elementary,,,
1317,false,a0fec60d-3f74-48bf-a2d2-58c30fc13e53,2-Aminopropanol,Elementary flows/Emission to air/high population density,kg,elementary,,,
1318,false,7b34b63f-b1a0-4b25-ae5e-dc1368b4512a,Methoxyfenozide,Elementary flows/Emission to soil/agricultural,kg,elementary,,,
1319,false,240ca121-d614-45f7-98fb-e6891559a4d0,"Chlorinated solvents, unspecified",Elementary flows/Emission to air/low population density,kg,elementary,,,
1320,false,001790f3-fd86-4a0d-a2a1-06c7099d90c8,Xenon-137,Elementary flows/Emission to air/low population density,kBq,elementary,,,
1321,false,48524bfc-be91-406e-986b-9550744e0360,Strontium-90,Elementary flows/Emission to water/ocean,kBq,elementary,,,
1322,false,4ec33bdf-19dc-5e2b-8cbf-4429a833b91c,Chlorantraniliprole,Elementary flows/Emission to air/low population density,kg,elementary,,,
1323,true,4602b501-1c9b-4af7-bb1c-864c70c3e855,Krypton,Elementary flows/Resource/in air,kg,elementary,,,
1324,false,d46ae140-6502-4335-ab1c-9d6eab19ce78,Chlorosulfonic acid,Elementary flows/Emission to air/high population density,kg,elementary,,,
1325,false,523ba331-0df7-4dee-aded-220a239f7755,Fluroxypyr,Elementary flows/Emission to water/surface water,kg,elementary,,,
1326,false,2a509fde-57c4-4c5c-87ef-8af7f9cd46d2,Hexamethylenediamine,Elementary flows/Emission to water/unspecified,kg,elementary,,,
1327,false,c3a98302-0fe0-501f-b99f-4031d0d73970,Diuron,Elementary flows/Emission to air/low population density,kg,elementary,,,
1328,true,e373f7b4-42e9-4cc7-a73c-f87bec88008b,Potassium,Elementary flows/Resource/in ground,kg,elementary,,,
1329,false,d73d18a8-2062-56b3-a77b-8ca537e78c71,Fluroxypyr,Elementary flows/Emission to soil/forestry,kg,elementary,,,
1330,false,596dfb61-c9c4-594b-8c67-2b243bf69d90,Metrafenone,Elementary flows/Emission to water/surface water,kg,elementary,,,
1331,false,fba3ef86-de65-4079-868d-8b6438d46092,Phosphine,Elementary flows/Emission to air/high population density,kg,elementary,,,
1332,false,99c65c6a-6871-40ba-af79-5bd6851688e4,Sulfuric acid,Elementary flows/Emission to air/unspecified,kg,elementary,,,
1333,false,06f0a67c-ec68-435d-8c32-0decd79a4a1a,"Aldehydes, unspecified",Elementary flows/Emission to air/unspecified,kg,elementary,,,
1334,false,6aa6799e-f100-595d-b9b0-ab6ad03b6114,Pyroxsulam,Elementary flows/Emission to soil/forestry,kg,elementary,,,
1335,false,5cf4e418-9cd0-5139-bfc2-5d8a8ffda5ff,Phosphorus trichloride,Elementary flows/Emission to water/unspecified,kg,elementary,,,
1336,false,3de8f247-b1b3-5be3-b173-26fd9603f72c,Diflubenzuron,Elementary flows/Emission to soil/forestry,kg,elementary,,,
1337,false,6bc76e3f-db33-48ec-b6fb-de9847be7999,Isophorone,Elementary flows/Emission to water/unspecified,kg,elementary,,,
1338,false,0a7de246-d762-4210-8656-56e1f26249b6,Radium-224,Elementary flows/Emission to water/ocean,kBq,elementary,,,
1339,false,5370addb-668e-4223-9a58-8ae947807c27,Chlorine,"Elementary flows/Emission to air/low population density, long-term",kg,elementary,,,
1340,false,b888cd99-0327-52fb-a27f-e5947120be3c,Chloridazon,Elementary flows/Emission to air/low population density,kg,elementary,,,
1341,false,c4302ab1-eb6d-458b-86ad-f7d7d4df411e,Diazinon,Elementary flows/Emission to soil/agricultural,kg,elementary,,,
1342,false,a9362d7a-627f-414b-96c2-e61e56c77fb8,Hexachloroethane,Elementary flows/Emission to water/unspecified,kg,elementary,,,
1343,false,971f25e5-1501-454a-8a5a-2723f84d7974,Linuron,Elementary flows/Emission to soil/agricultural,kg,elementary,,,
1344,false,87b5dd85-5e90-4720-8214-60f74775f59a,Urea,Elementary flows/Emission to water/unspecified,kg,elementary,,,
1345,true,82f2476e-988b-4d7a-bde6-5da9337d1f65,"Transformation, from pasture, man made, extensive",Elementary flows/Resource/land,m2,elementary,,,
1346,false,a02d5f27-8734-5c2e-bccb-30f24f01ea80,Pydiflumetofen,Elementary flows/Emission to soil/agricultural,kg,elementary,,,
1347,false,74df16c4-1b00-5e62-9705-2a0273842bce,Pyraclostrobin,Elementary flows/Emission to water/unspecified,kg,elementary,,,
1348,false,2a1c80de-a083-470b-80dd-ba11a5aeea8c,Tetramethyl ammonium hydroxide,Elementary flows/Emission to air/high population density,kg,elementary,,,
1349,false,a1201fc1-a799-4832-940b-a0b247f2cf42,Metribuzin,Elementary flows/Emission to air/low population density,kg,elementary,,,
1350,false,21c257b2-57ce-4a6e-b4bd-40f0f75f310f,Silver I,Elementary flows/Emission to water/ocean,kg,elementary,,,
1351,false,b468d9af-f8a7-59f1-b82d-289dee4eae9e,Azoxystrobin,Elementary flows/Emission to water/unspecified,kg,elementary,,,
1352,true,f6df5030-8e06-4276-bfeb-219db8dab104,"Volume occupied, final repository for low-active radioactive waste",Elementary flows/Resource/in ground,m3,elementary,,,
1353,false,20cf48f1-d006-534c-a1f2-a08677d3032a,Cinidon-ethyl,Elementary flows/Emission to air/low population density,kg,elementary,,,
1354,false,0ec59d21-92c1-492e-8e1e-f0f33f94f1b5,Hydroxide,Elementary flows/Emission to water/surface water,kg,elementary,,,
1355,false,1c4a106a-53bc-40f5-bcae-d30ab191dbfe,"1,1-Difluoroethane",Elementary flows/Emission to air/low population density,kg,elementary,,,
1356,false,c8aa7588-e463-5b65-bb81-759fc36f547d,Pinoxaden,Elementary flows/Emission to water/surface water,kg,elementary,,,
1357,false,5efff566-462f-4ded-b5b4-6761cf50c376,Sulfate,Elementary flows/Emission to water/ocean,kg,elementary,,,
1358,false,153a660d-e8e6-4772-8930-ab0b29373b5c,Lithium carbonate,Elementary flows/Emission to water/unspecified,kg,elementary,,,
1359,false,273b51ae-dcc4-45c6-b8da-f6ba0313edf8,Tefluthrin,Elementary flows/Emission to soil/agricultural,kg,elementary,,,
1360,false,bc13f992-b93e-4ef3-921a-2898e7674a7c,"Radioactive species, other beta emitters",Elementary flows/Emission to air/high population density,kBq,elementary,,,
1361,true,2925111b-3464-4e34-9d02-b73c1c033e91,"Occupation, forest, extensive",Elementary flows/Resource/land,m2*a,elementary,,,
1362,false,48fececf-9b55-408d-9782-72057c79effe,Propylene oxide,Elementary flows/Emission to water/unspecified,kg,elementary,,,
1363,false,1a3b8231-71c6-4fb1-a2e8-1e1affe83fee,Oxyfluorfen,Elementary flows/Emission to air/low population density,kg,elementary,,,
1364,false,d48e95bf-3ea9-4a35-a791-d0984dcb539e,MCPB,Elementary flows/Emission to water/ground water,kg,elementary,,,
1365,true,9cc80820-fcf9-4ea9-8e67-0aa423eba6a4,"Transformation, from forest, secondary (non-use)",Elementary flows/Resource/land,m2,elementary,,,
1366,false,3fdc4e95-dc17-5f9f-9ddc-251ecd7c66c0,"Hydrocarbons, unspecified",Elementary flows/Emission to air/unspecified,kg,elementary,,,
1367,false,0015ec22-72cb-4af1-8c7b-0ba0d041553c,Florasulam,Elementary flows/Emission to soil/agricultural,kg,elementary,,,
1368,false,d3e038e1-728c-4dea-ac30-c9abbbfcbc84,Cyanide,Elementary flows/Emission to air/unspecified,kg,elementary,,,
1369,false,1a5ef7d9-150d-4c9f-a709-fc2423a1d4db,"1,3-Dichloropropene",Elementary flows/Emission to soil/agricultural,kg,elementary,,,
1370,false,9f2eacee-64bc-48da-a506-fa9eb3d26116,Clodinafop-propargyl,Elementary flows/Emission to air/low population density,kg,elementary,,,
1371,false,74a0aabb-e11b-4f3b-8921-45e447b33393,Radium-226,Elementary flows/Emission to water/ocean,kBq,elementary,,,
1372,false,e9d1e8d9-2db3-40d8-b7a9-8f39a0bd5ae0,Triasulfuron,Elementary flows/Emission to soil/agricultural,kg,elementary,,,
1373,false,0d6c82cf-800b-586c-afed-b4e26ec14682,Imidacloprid,Elementary flows/Emission to air/unspecified,kg,elementary,,,
1374,false,a212914e-f8ba-49eb-9ceb-63e286053f2d,Ethephon,Elementary flows/Emission to water/ground water,kg,elementary,,,
1375,false,69da88e0-7fb1-4223-bb2d-b6e86e2af891,Endosulfan,Elementary flows/Emission to soil/agricultural,kg,elementary,,,
1376,false,d3f2bf47-65db-4bc7-8334-eb5107e7585a,Vinyl chloride,Elementary flows/Emission to water/unspecified,kg,elementary,,,
1377,true,a2e6fb74-b047-5697-b5dd-e28cc68f29e6,Rhenium,Elementary flows/Resource/in ground,kg,elementary,,,
1378,false,8ee5fbb2-6554-4247-b05e-e28bec888fae,Methyl methacrylate,Elementary flows/Emission to water/unspecified,kg,elementary,,,
1379,false,beb69352-568e-4a33-b9d4-3b5bfafc85bd,t-Butyl methyl ether,Elementary flows/Emission to air/unspecified,kg,elementary,,,
1380,false,27da8ae0-0a7b-5867-a2c5-064177e114fd,Ioxynil,Elementary flows/Emission to air/low population density,kg,elementary,,,
1381,false,6f3fd3ca-1340-421a-9149-98a21c102041,Methanesulfonic acid,Elementary flows/Emission to air/high population density,kg,elementary,,,
1382,false,5627d6e9-d5b2-56be-a8d1-63da8b09f726,Dimethomorph,Elementary flows/Emission to water/surface water,kg,elementary,,,
1383,false,2061c1e1-6a81-47ad-8a1d-81dd30783f2c,Fluosilicic acid,Elementary flows/Emission to water/unspecified,kg,elementary,,,
1384,false,cc05b490-fe4b-47ac-893c-951b0f359285,Fomesafen,Elementary flows/Emission to soil/agricultural,kg,elementary,,,
1385,false,a73ffbcf-6f62-5acd-b7b8-b91a45120152,Diafenthiuron,Elementary flows/Emission to soil/agricultural,kg,elementary,,,
1386,false,e2ee2329-8e3f-484a-a1a7-99316eb2762c,Trioctyltin,Elementary flows/Emission to water/ocean,kg,elementary,,,
1387,false,a4ab8fdd-33f4-51b3-a3a7-677d9e9860a2,Kresoxim-methyl,Elementary flows/Emission to air/low population density,kg,elementary,,,
1388,true,d0779a5e-6969-4144-954e-ceb81fb83f15,Cobalt,Elementary flows/Resource/in ground,kg,elementary,,,
1389,false,98313bb5-3f35-4e11-bf3e-03ad2dae591b,Hydrogen peroxide,Elementary flows/Emission to water/surface water,kg,elementary,,,
1390,false,5a0f5481-8c3b-5d4e-a676-199f6d92322f,Haloxyfop-ethoxyethyl,Elementary flows/Emission to air/low population density,kg,elementary,,,
1391,false,aa915aa7-e8cb-5464-a7fd-23590d94af2a,Alpha-cypermethrin,Elementary flows/Emission to water/unspecified,kg,elementary,,,
1392,false,b3ba4188-1453-593c-ac90-c50bfd048efe,Quizalofop-p-ethyl,Elementary flows/Emission to water/surface water,kg,elementary,,,
1393,false,8d226423-1351-4366-b09f-d16c9e38683c,Zinc II,Elementary flows/Emission to soil/forestry,kg,elementary,,,
1394,false,46a9723a-aca5-4b66-9367-47412ec9e3a0,Manganese-54,Elementary flows/Emission to air/low population density,kBq,elementary,,,
1395,false,4faa4d31-ffc8-4b5a-bdbc-6bda84133793,Benzo(ghi)perylene,Elementary flows/Emission to air/low population density,kg,elementary,,,
1396,false,31b12a79-5555-4eb6-8cae-4b13b53ef8af,Bensulfuron methyl ester,Elementary flows/Emission to soil/agricultural,kg,elementary,,,
1397,false,60340c7f-e9ce-474f-ac08-a6d4d9f864fc,Monochloroethane,Elementary flows/Emission to water/unspecified,kg,elementary,,,
1398,false,ae2c3adf-7f7d-4973-a8e8-3fe1300f8183,Strontium II,"Elementary flows/Emission to air/low population density, long-term",kg,elementary,,,
1399,false,99c0e2e2-6433-44f9-84f8-8cfa35c9099e,Pyraclostrobin,Elementary flows/Emission to air/low population density,kg,elementary,,,
1400,false,7505074c-d903-5168-a083-3eb0ec4e8753,Novaluron,Elementary flows/Emission to water/surface water,kg,elementary,,,
1401,false,7e8b1c29-258d-4484-92bb-5c7e73b5bbaa,Phenyl isocyanate,Elementary flows/Emission to water/unspecified,kg,elementary,,,
1402,false,8a2c92a3-7210-4560-bfd9-d3cc7d09ad72,Trifluralin,Elementary flows/Emission to air/low population density,kg,elementary,,,
1403,true,ff6dccc1-5ebd-42c3-9fd9-3d73db7a3dd2,"Transformation, to forest, secondary (non-use)",Elementary flows/Resource/land,m2,elementary,,,
1404,false,d45eed0a-e60a-46bb-a769-494f037c71bc,"2,4-Dichlorophenol",Elementary flows/Emission to air/unspecified,kg,elementary,,,
1405,false,36c72e34-2c5a-5995-aec4-44f168d866c7,Spirotetramat,Elementary flows/Emission to soil/agricultural,kg,elementary,,,
1406,false,0c17c103-c3b1-4e5c-aaba-4d3d15855810,Ketene,Elementary flows/Emission to air/unspecified,kg,elementary,,,
1407,true,00143719-33a7-5738-aa1b-131f97b4fef3,Silicon,Elementary flows/Resource/in ground,kg,elementary,,,
1408,false,d439867e-7ef9-41aa-91e2-de8a922f9158,Diethylene glycol,Elementary flows/Emission to air/high population density,kg,elementary,,,
1409,false,a952ca81-58a1-5b5a-80b7-ffda05771318,Metrafenone,Elementary flows/Emission to soil/agricultural,kg,elementary,,,
1410,false,9a1e90d7-af5d-41ab-bf7b-d4d4248d9e24,Dipropyl amine,Elementary flows/Emission to air/high population density,kg,elementary,,,
1411,false,a4420691-4666-4855-9124-3030ed233407,o-Nitrotoluene,Elementary flows/Emission to air/high population density,kg,elementary,,,
1412,false,7da45a0b-0dcf-413c-8de0-44d8ebca9e6e,Silver I,Elementary flows/Emission to soil/unspecified,kg,elementary,,,
1413,false,1f6f4aa3-38cc-581a-9de5-f42ac2bc2b98,Dodecanol,Elementary flows/Emission to soil/forestry,kg,elementary,,,
1414,true,9b5b8c40-38fe-42fb-8130-56c15e485fd0,"Transformation, to seabed, drilling and mining",Elementary flows/Resource/land,m2,elementary,,,
1415,false,7a3b6567-5f36-4142-b390-15fbf940e206,Cumene,Elementary flows/Emission to water/unspecified,kg,elementary,,,
1416,false,21b46c65-491e-40a9-ac74-5877af997d7c,Sodium chlorate,Elementary flows/Emission to air/high population density,kg,elementary,,,
1417,false,ac15536a-92f5-48d7-9560-cba0ca43b526,Hydrogen fluoride,"Elementary flows/Emission to air/low population density, long-term",kg,elementary,,,
1418,false,bd7b7cdb-34ff-422c-b994-6f0fe77a901f,"Chlorides, unspecified",Elementary flows/Emission to water/unspecified,kg,elementary,,,
1419,false,2dfd62fe-ec2e-51c2-8d1d-024701ecba9b,Propaquizafop,Elementary flows/Emission to air/low population density,kg,elementary,,,
1420,false,c6976591-c1f2-4c53-b9ff-182db73f0a7f,Polonium-210,Elementary flows/Emission to water/ocean,kBq,elementary,,,
1421,false,c79dc203-41b8-57aa-8de1-e6b97f0f11b2,Triflumuron,Elementary flows/Emission to soil/forestry,kg,elementary,,,
1422,false,43c700bb-0b3b-4fb1-8bd1-3d1da82b6844,Nitrate,Elementary flows/Emission to water/ocean,kg,elementary,,,
1423,false,e9c5c17d-4534-5f77-bf62-340678ba5132,Isoxaflutole,Elementary flows/Emission to air/low population density,kg,elementary,,,
1424,false,423112a9-b4c4-4041-8854-57bffde7b9cc,Thiophanate-methyl,Elementary flows/Emission to soil/agricultural,kg,elementary,,,
1425,false,59177170-590b-4d94-833a-e23d899f422e,Esfenvalerate,Elementary flows/Emission to soil/agricultural,kg,elementary,,,
1426,false,48725db0-ff99-4074-90a0-bb22165432bb,Polonium-210,Elementary flows/Emission to water/ground water,kBq,elementary,,,
1427,false,5ac2254e-6b60-45f5-a700-6e0b93f411c8,Sulfur,Elementary flows/Emission to water/unspecified,kg,elementary,,,
1428,false,9c053a35-50c0-51ff-8f36-e8b8ec69febb,Dimethomorph,Elementary flows/Emission to air/low population density,kg,elementary,,,
1429,false,780e4e14-bd5b-408c-8304-0db2033561a7,Lambda-cyhalothrin,Elementary flows/Emission to water/ground water,kg,elementary,,,
1430,false,aaca334b-09a5-589e-8088-d3bc090b12e0,Copper oxychloride,Elementary flows/Emission to soil/forestry,kg,elementary,,,
1431,false,004dbd05-6759-507a-a7f6-9f288706a1cd,Nicosulfuron,Elementary flows/Emission to water/ground water,kg,elementary,,,
1432,false,cab8d859-018a-4919-9324-f3febdea35e0,Profenofos,Elementary flows/Emission to soil/agricultural,kg,elementary,,,
1433,false,d8f3a308-175d-5582-a747-5e950f1881bf,Lithium hexafluorophosphate,Elementary flows/Emission to water/unspecified,kg,elementary,,,
1434,false,99f1e4a4-2f47-4098-8f28-4c736a5b675d,Prochloraz,Elementary flows/Emission to soil/agricultural,kg,elementary,,,
1435,false,1d9dcb78-84ed-4007-94b9-1d31dd0ef57a,Butyric acid,Elementary flows/Emission to water/unspecified,kg,elementary,,,
1436,false,d157416d-db9b-4f88-a7f3-a9a5f1ea88f2,Acetic acid,Elementary flows/Emission to air/unspecified,kg,elementary,,,
1437,false,096bf756-c3fa-4470-9059-ac1b059081e0,Benzyl alcohol,Elementary flows/Emission to water/surface water,kg,elementary,,,
1438,true,ea659cca-fe3d-5b03-90d2-60719a862874,Ytterbium,Elementary flows/Resource/in ground,kg,elementary,,,
1439,false,0af26a55-d357-469f-abad-8ced785cb4fb,Manganese II,"Elementary flows/Emission to air/low population density, long-term",kg,elementary,,,
1440,false,bf633941-aa40-4c37-b361-b5cbfb1089f5,Isoprene,Elementary flows/Emission to air/low population density,kg,elementary,,,
1441,false,2668faa0-1e97-513e-9333-684814cf181b,Simazine,Elementary flows/Emission to air/low population density,kg,elementary,,,
1442,false,a7ce2d61-decb-4076-baf1-774c4039b4e3,Pentachlorophenol,Elementary flows/Emission to soil/unspecified,kg,elementary,,,
1443,false,75c80de0-a0fa-45e2-9f7b-f6fa4e4431e1,Dichloromethane,Elementary flows/Emission to water/unspecified,kg,elementary,,,
1444,false,7281e969-1660-5021-b36c-6f7ca38c6fac,Isoxaflutole,Elementary flows/Emission to soil/forestry,kg,elementary,,,
1445,false,5d0058e0-ad1b-4c15-b0ff-a665bb04154f,Phosphoric acid,Elementary flows/Emission to air/high population density,kg,elementary,,,
1446,false,b38209dd-14b6-5c16-8718-639ed15fe3c0,Epoxiconazole,Elementary flows/Emission to soil/forestry,kg,elementary,,,
1447,false,746ad09d-3f01-40ed-9802-cb274bd4fb40,Pyraclostrobin,Elementary flows/Emission to water/surface water,kg,elementary,,,
1448,false,90e519cc-47f6-5417-8700-53dd8ec37ebe,Carfentrazone-ethyl,Elementary flows/Emission to water/surface water,kg,elementary,,,
1449,false,9a366c85-61a0-48bd-8af0-a2a96b327bc1,Carbon tetrachloride,Elementary flows/Emission to water/unspecified,kg,elementary,,,
1450,false,59c2b461-3992-4b18-8f27-699f4880cc4e,Plutonium-238,Elementary flows/Emission to air/low population density,kBq,elementary,,,
1451,false,bc44051d-e6c4-4aa2-a939-73ae1afd9c64,Thifensulfuron,Elementary flows/Emission to soil/agricultural,kg,elementary,,,
1452,false,6bc9e39e-bfc5-4929-88d9-863684901143,Titanium ion,Elementary flows/Emission to soil/unspecified,kg,elementary,,,
1453,false,c74fc3b7-3c64-532a-8528-9df390d9d40d,Fenpropidin,Elementary flows/Emission to water/surface water,kg,elementary,,,
1454,false,a89db413-841d-54db-84be-33d92167c4d3,Mandipropamid,Elementary flows/Emission to soil/forestry,kg,elementary,,,
1455,false,d7a10d03-8f76-4b5f-8dd5-5b0f827568fc,Organic carbon,Elementary flows/Emission to air/high population density,kg,elementary,,,
1456,false,e401b1cf-f424-4837-a5f0-410514498b58,Flumetsulam,Elementary flows/Emission to soil/agricultural,kg,elementary,,,
1457,false,00acb9f0-1640-4f8c-89ef-d857e1428be0,Metam-sodium,Elementary flows/Emission to soil/agricultural,kg,elementary,,,
1458,false,32451556-ee07-4e36-bd8a-09f8847f9c83,Sulfur,Elementary flows/Emission to soil/unspecified,kg,elementary,,,
1459,false,b9616cc1-18c9-530a-834f-e1d434ef360c,Rimsulfuron,Elementary flows/Emission to air/low population density,kg,elementary,,,
1460,false,081ea9c3-9cbe-41d7-a962-840833ba98db,MCPA,Elementary flows/Emission to water/ground water,kg,elementary,,,
1461,false,016da38a-40a6-483c-b328-9782dc46e802,Diflufenican,Elementary flows/Emission to soil/agricultural,kg,elementary,,,
1462,false,375bc95e-6596-4aa1-9716-80ff51b9da77,"Carbon dioxide, to soil or biomass stock",Elementary flows/Emission to soil/unspecified,kg,elementary,,,
1463,false,29190509-6cc8-47e1-bc99-5ff994e39b74,"Xylenes, unspecified",Elementary flows/Emission to water/surface water,kg,elementary,,,
1464,true,d080e6a4-42c6-484e-b5d7-d74693aec7d9,Gold,Elementary flows/Resource/in ground,kg,elementary,,,
1465,false,77fd3c56-5c3e-4070-93fa-de03fa455d47,t-Butyl methyl ether,Elementary flows/Emission to water/surface water,kg,elementary,,,
1466,false,41cce80a-82c1-4caa-b6ef-718ec4b83fd6,Ethyl acetate,Elementary flows/Emission to air/high population density,kg,elementary,,,
1467,false,44d3e792-7c9e-48ab-9de9-acfa2e097f26,Copper ion,Elementary flows/Emission to soil/unspecified,kg,elementary,,,
1468,false,9d6cb18b-db4b-4fe6-8449-2830536751e9,"Insecticides, unspecified",Elementary flows/Emission to soil/agricultural,kg,elementary,,,
1469,false,efcbf9d2-3270-5429-a427-0e524d459d95,Haloxyfop-ethoxyethyl,Elementary flows/Emission to water/unspecified,kg,elementary,,,
1470,false,b8f9a853-da08-58be-9945-8b8f477a032c,Iodosulfuron-methyl-sodium,Elementary flows/Emission to soil/forestry,kg,elementary,,,
1471,false,37d7d60d-3682-4da4-aa64-99c51b5d524b,Trimethylamine,Elementary flows/Emission to air/high population density,kg,elementary,,,
1472,false,479edec6-763c-49fc-83f8-49780f08cf29,Isopropanol,Elementary flows/Emission to air/unspecified,kg,elementary,,,
1473,false,ba317646-ea99-4060-838f-7933b10f0033,Sodium tetrahydridoborate,Elementary flows/Emission to air/high population density,kg,elementary,,,
1474,false,d85499d7-09f2-5f3d-9d92-cb8990bca39e,Amisulbrom,Elementary flows/Emission to air/low population density,kg,elementary,,,
1475,false,5716c728-bd33-414d-8691-16e5534f5d37,"Particulate Matter, > 2.5 um and < 10um","Elementary flows/Emission to air/low population density, long-term",kg,elementary,,,
1476,false,2612a99d-0ea4-547c-a66b-5d6a27637186,Quizalofop-p-ethyl,Elementary flows/Emission to soil/forestry,kg,elementary,,,
1477,false,a4688da9-1f74-5bd2-9d00-c377682a0c2e,Rimsulfuron,Elementary flows/Emission to soil/forestry,kg,elementary,,,
1478,false,e31d54e2-1847-55fc-aae1-5bca6a576d37,Metsulfuron-methyl,Elementary flows/Emission to air/low population density,kg,elementary,,,
1479,false,71d27d29-04f2-421a-981f-5c5c2b00486f,Uranium-238,Elementary flows/Emission to water/unspecified,kBq,elementary,,,
1480,false,e4e17609-7a80-455d-a4e3-88af8695f987,Pendimethalin,Elementary flows/Emission to air/low population density,kg,elementary,,,
1481,false,dc64ecac-a65f-4d9a-9de6-557f1135659f,Aclonifen,Elementary flows/Emission to soil/agricultural,kg,elementary,,,
1482,false,c0bee42c-9838-5db4-ad91-3c6dcdcf5f40,Diquat,Elementary flows/Emission to soil/forestry,kg,elementary,,,
1483,false,f0291916-5714-485d-978a-0af7a9dc1000,Cloquintocet-mexyl,Elementary flows/Emission to air/low population density,kg,elementary,,,
1484,false,7c44db6f-bf0e-4a63-bd94-d376ec941786,Xenon-138,Elementary flows/Emission to air/low population density,kBq,elementary,,,
1485,false,a71aa806-a447-52db-a45b-4094cb308f77,Amisulbrom,Elementary flows/Emission to soil/forestry,kg,elementary,,,
1486,false,8f871bab-96dc-49d9-bf08-12cdd0715901,Zinc II,"Elementary flows/Emission to air/low population density, long-term",kg,elementary,,,
1487,false,68ba2022-830e-45fb-8c85-b35e94754ae9,Chromium VI,Elementary flows/Emission to soil/unspecified,kg,elementary,,,
1488,false,739234c8-5359-48b4-983f-9cb170d68c8d,Lead II,Elementary flows/Emission to soil/unspecified,kg,elementary,,,
1489,false,2a88edea-16b6-52bf-995a-9dfa56f40d07,Bixafen,Elementary flows/Emission to soil/forestry,kg,elementary,,,
1490,false,3268d8df-59cc-4740-a89f-dee8355ad7c3,Sulfur trioxide,Elementary flows/Emission to air/unspecified,kg,elementary,,,
1491,false,fe09f756-99f3-5dbb-b8a8-0896cc409887,Epoxiconazole,Elementary flows/Emission to air/low population density,kg,elementary,,,
1492,false,b268aafb-2e5a-4bb1-a3ab-37f378ee8090,Phosmet,Elementary flows/Emission to soil/agricultural,kg,elementary,,,
1493,false,eba1a8ae-fb73-52f4-b1b5-fb28dccd826d,Dodecanol,Elementary flows/Emission to water/unspecified,kg,elementary,,,
1494,false,d93300fd-ea6a-5e77-848c-520e1b144069,Phosphorus pentachloride,Elementary flows/Emission to water/unspecified,kg,elementary,,,
1495,false,1488af24-d11e-57bc-9d5f-6a9de5b121c7,Pyroxsulam,Elementary flows/Emission to air/low population density,kg,elementary,,,
1496,true,7464da86-f239-4bef-a778-04d5818bb956,"Transformation, to pasture, man made, extensive",Elementary flows/Resource/land,m2,elementary,,,
1497,false,e11fd635-c468-5f0a-a8fe-995461edd02b,Sulfentrazone,Elementary flows/Emission to soil/forestry,kg,elementary,,,
1498,false,8bd0fbe9-8a4f-4367-bf7e-5cc52bc80185,Fluosilicic acid,Elementary flows/Emission to water/surface water,kg,elementary,,,
1499,false,f4b551d7-ee32-561f-9ade-dfc5fc162f44,Pinoxaden,Elementary flows/Emission to soil/forestry,kg,elementary,,,
1500,false,01174955-d4f9-4825-9188-791b79abc8e1,Formamide,Elementary flows/Emission to water/surface water,kg,elementary,,,
1501,false,91e5ccbf-d8c5-5538-92db-17175e0619cc,Ametoctradin,Elementary flows/Emission to soil/forestry,kg,elementary,,,
1502,false,9f1cc379-2486-548f-8f7a-e19e74ad56f7,Fluoxastrobin,Elementary flows/Emission to soil/agricultural,kg,elementary,,,
1503,false,05030b9e-2d09-4a54-89e6-7fdef2a9d294,Sodium methoxide,Elementary flows/Emission to water/unspecified,kg,elementary,,,
1504,false,8bd01869-7f83-4fcd-a167-af5735fa7ffd,Scandium,Elementary flows/Emission to soil/unspecified,kg,elementary,,,
1505,false,68a1d66a-2fb6-50dd-8c52-dbb68ed510da,Tembotrione,Elementary flows/Emission to soil/agricultural,kg,elementary,,,
1506,false,9783014c-4ec6-4c9c-84d7-d34c8b390a0b,Magnesium,Elementary flows/Emission to water/unspecified,kg,elementary,,,
1507,false,d718a4e6-87ff-532c-82c2-8ec16f00ddfe,Thiram,Elementary flows/Emission to water/ground water,kg,elementary,,,
1508,false,63c262e9-5fd4-4160-98aa-cb0b3d0dc2d7,Cyhalothrin,Elementary flows/Emission to soil/agricultural,kg,elementary,,,
1509,false,4573f0c9-0fdd-413f-ae74-e27290f40743,Sodium I,Elementary flows/Emission to soil/unspecified,kg,elementary,,,
1510,false,13738d15-2256-40f6-99da-d802e5f4c747,Polonium-210,Elementary flows/Emission to air/unspecified,kBq,elementary,,,
1511,false,e5f860da-0334-4be0-b6ae-969341e05a58,Thionyl chloride,Elementary flows/Emission to air/unspecified,kg,elementary,,,
1512,false,19e10755-75cf-4518-98c3-624201ac089f,Chlorosulfonic acid,Elementary flows/Emission to air/unspecified,kg,elementary,,,
1513,false,89f4d4b2-f081-5a19-bf92-0815c6c0fcde,Mesotrione,Elementary flows/Emission to water/unspecified,kg,elementary,,,
1514,false,932d7913-eb64-484c-b2ec-7aae36e29017,Cyanoacetic acid,Elementary flows/Emission to air/high population density,kg,elementary,,,
1515,false,5bf42116-d991-4688-bf12-e3a6d9330b68,"Carboxylic acids, unspecified",Elementary flows/Emission to water/ocean,kg,elementary,,,
1516,false,0a57049c-a0d8-5f51-9ee6-cf77704a2fee,Thiodicarb,Elementary flows/Emission to water/ground water,kg,elementary,,,
1517,false,0930b494-3dde-5720-9629-c614ac48cdeb,Spiroxamine,Elementary flows/Emission to soil/forestry,kg,elementary,,,
1518,false,19ca9276-e5c6-47f5-a3a4-18284d2a27c3,Oxyfluorfen,Elementary flows/Emission to soil/agricultural,kg,elementary,,,
1519,false,ec4a104f-eab5-4a06-bd0a-e1c34d888718,Acenaphthylene,Elementary flows/Emission to water/surface water,kg,elementary,,,
1520,true,7aaf1a4e-f72f-5dc6-b999-de4e99948eb8,Indium,Elementary flows/Resource/in ground,kg,elementary,,,
1521,false,79ff1e04-f069-50ed-b082-e995f38324d7,"2,4-D",Elementary flows/Emission to water/unspecified,kg,elementary,,,
1522,false,f661d53c-8731-5ac9-8b2c-c7274033d6cf,Trinexapac-ethyl,Elementary flows/Emission to air/low population density,kg,elementary,,,
1523,false,e64254e3-07d3-4330-b6de-6a858f108124,Acetylene,Elementary flows/Emission to air/low population density,kg,elementary,,,
1524,true,fe17e7c1-9574-4880-b7e6-ec09c2e3ae5d,"Transformation, to grassland, natural (non-use)",Elementary flows/Resource/land,m2,elementary,,,
1525,false,d6911d36-3fec-41fe-8ef9-540f6543a240,"1,4-Butanediol",Elementary flows/Emission to water/surface water,kg,elementary,,,
1526,false,6fa7d3e3-5c34-5c42-ba00-8b6dd3b783c3,Metalaxyl-M,Elementary flows/Emission to water/unspecified,kg,elementary,,,
1527,false,b00950bc-99cb-4ee2-bbc0-5f878ea170c3,Sulfur trioxide,Elementary flows/Emission to air/high population density,kg,elementary,,,
1528,false,8c54822e-dba7-5cbf-809f-1d7fee89bee9,Diquat,Elementary flows/Emission to water/surface water,kg,elementary,,,
1529,true,0abf9db7-b5a2-4c18-8ec6-aca3a7fb5579,"Transformation, to traffic area, rail network",Elementary flows/Resource/land,m2,elementary,,,
1530,false,b608cd1f-7ba7-5d82-88e9-2d6ecaa77a9f,Amidosulfuron,Elementary flows/Emission to water/surface water,kg,elementary,,,
1531,false,fbe48c6a-321d-44ae-8883-b6fa4e0f4e77,Aldicarb,Elementary flows/Emission to soil/agricultural,kg,elementary,,,
1532,false,33141a63-6572-5eca-9500-8f67bc664746,Cyproconazole,Elementary flows/Emission to water/unspecified,kg,elementary,,,
1533,false,fd9e2be1-a651-4c40-b0bb-e7daa4f56ad4,Chloropicrin,Elementary flows/Emission to soil/agricultural,kg,elementary,,,
1534,false,ddfec8c2-a265-58e0-8880-a94446453993,Dodecanol,Elementary flows/Emission to air/low population density,kg,elementary,,,
1535,true,176598c1-699c-5dd8-8c33-d269ff7f5edd,Lanthanum,Elementary flows/Resource/in ground,kg,elementary,,,
1536,false,237ca6bc-2f0a-4416-a0e3-bd512f038f2e,Copper ion,Elementary flows/Emission to soil/forestry,kg,elementary,,,
1537,false,36609913-7c42-457a-89cc-00e2d9f0f867,Carbon,Elementary flows/Emission to water/ground water,kg,elementary,,,
1538,false,7ab9afec-40e0-41b0-82b1-6cb15c84e949,Sulfentrazone,Elementary flows/Emission to soil/agricultural,kg,elementary,,,
1539,false,d7d7692e-3f4b-5c14-9add-4c9eff49bd1f,Cupric hydroxide,Elementary flows/Emission to air/low population density,kg,elementary,,,
1540,true,adb4b590-7fb2-47b6-84e7-d4746a94c7b5,"Volume occupied, final repository for radioactive waste",Elementary flows/Resource/in ground,m3,elementary,,,
1541,false,140821a2-66bf-5600-9934-889cbf313c1e,Phosphorus oxychloride,Elementary flows/Emission to water/unspecified,kg,elementary,,,
1542,false,1afd6f3b-1785-5093-a64d-aa7a89d752ba,Benzovindiflupyr,Elementary flows/Emission to soil/agricultural,kg,elementary,,,
1543,false,0098b967-2131-43d2-b684-254583fbadc7,Chlorosulfonic acid,Elementary flows/Emission to water/surface water,kg,elementary,,,
1544,false,8730e870-9c53-5357-a18d-8d0d9f38a5ec,Benalaxyl-M,Elementary flows/Emission to soil/forestry,kg,elementary,,,
1545,false,82688564-c9d5-43ab-876e-1eb16fd97130,Sethoxydim,Elementary flows/Emission to soil/agricultural,kg,elementary,,,
1546,true,f3380341-7f76-5423-9704-c25ccf777a39,Kieserite,Elementary flows/Resource/in ground,kg,elementary,,,
1547,false,60268f3d-468b-487e-acb1-24d7250cb6b3,"2-Chloro-1,1,1,2-tetrafluoroethane",Elementary flows/Emission to air/unspecified,kg,elementary,,,
1548,false,44230d0d-f11f-473e-8b43-75656dcac834,Thiodicarb,Elementary flows/Emission to soil/agricultural,kg,elementary,,,
1549,false,4ab2383c-7ead-5b72-91bd-ad95a2e71709,Nicosulfuron,Elementary flows/Emission to water/unspecified,kg,elementary,,,
1550,false,ef7bc7b8-f85b-4687-9cb1-eb60384650fa,"Hydrocarbons, aliphatic, unsaturated",Elementary flows/Emission to water/unspecified,kg,elementary,,,
1551,false,49cf6a32-97db-5cf4-b1d6-47ea6fd1e4c8,Azadirachtin,Elementary flows/Emission to soil/agricultural,kg,elementary,,,
1552,false,6248aeed-1ce1-49ee-be1c-3471ebf0a82e,Mesosulfuron-methyl (prop),Elementary flows/Emission to soil/agricultural,kg,elementary,,,
1553,false,d32a66d3-d6a2-1de6-f9df-b471c4bf51ff,Cyclopropene,Elementary flows/Emission to water/unspecified,kg,elementary,,,
1554,false,24752b90-cc53-4198-a442-14196853148d,"Dioxins, measured as 2,3,7,8-tetrachlorodibenzo-p-dioxin",Elementary flows/Emission to soil/unspecified,kg,elementary,,,
1555,false,8205df0a-7e09-4b14-9391-1b149368fcf5,Benzal chloride,Elementary flows/Emission to water/surface water,kg,elementary,,,
1556,false,921ddc9c-6898-4ad0-a00d-7c9add941c85,Allyl chloride,Elementary flows/Emission to water/unspecified,kg,elementary,,,
1557,false,b7a0a14a-b0b2-4aeb-923f-5c2ec1251dd5,Glufosinate,Elementary flows/Emission to soil/agricultural,kg,elementary,,,
1558,false,7db70809-e30b-4633-992e-2cfe03891907,Vinclozolin,Elementary flows/Emission to soil/agricultural,kg,elementary,,,
1559,false,8c823f73-5fc6-4334-8a96-651365e7b542,Lactofen,Elementary flows/Emission to soil/agricultural,kg,elementary,,,
1560,false,6aa8673f-f7e3-4270-93dc-e97b745fced7,Silver I,Elementary flows/Emission to water/unspecified,kg,elementary,,,
1561,true,bac875f4-75fb-4dde-841a-b07d3a41bcd1,"Wood, hard, standing",Elementary flows/Resource/biotic,m3,elementary,,,
1562,false,4cadbc9f-0472-4bb9-a942-df5b90e37878,Chloroform,Elementary flows/Emission to air/high population density,kg,elementary,,,
1563,true,8c173ca1-5f74-4a6e-89e5-dd18e0f18d1a,"Occupation, arable land, unspecified use",Elementary flows/Resource/land,m2*a,elementary,,,
1564,false,a1f19e68-e0ca-4d2b-a159-38e9036542f3,Mefentrifluconazole,Elementary flows/Emission to soil/agricultural,kg,elementary,,,
1565,false,59fd481c-471d-58af-9361-a92b57073885,Novaluron,Elementary flows/Emission to air/low population density,kg,elementary,,,
1566,true,3ed5f377-344f-423a-b5ec-9a9a1162b944,"Gas, mine, off-gas, process, coal mining",Elementary flows/Resource/in ground,m3,elementary,,,
1567,false,8beefad6-d121-5009-a1d5-55ee15aef834,Ethephon,Elementary flows/Emission to soil/forestry,kg,elementary,,,
1568,false,ad5a58d5-6ccd-4693-96f4-e56554a81269,Triphenyltin,Elementary flows/Emission to water/ocean,kg,elementary,,,
1569,false,7a63162b-4ffe-447f-ba52-782d5548b774,Sodium dichromate,Elementary flows/Emission to air/high population density,kg,elementary,,,
1570,false,42aa440b-a759-51af-beb6-6a249440025c,Amisulbrom,Elementary flows/Emission to water/surface water,kg,elementary,,,
1571,false,b50d8d03-7e88-4b29-9d10-67bbe01bdbc6,Butanol,Elementary flows/Emission to water/unspecified,kg,elementary,,,
1572,true,b053aa52-bfac-5435-a0b1-4ca374b0e991,Boron,Elementary flows/Resource/in ground,kg,elementary,,,
1573,false,c161d9b4-2237-4053-b549-9e0cfc201e0d,"Oils, non-fossil",Elementary flows/Emission to soil/unspecified,kg,elementary,,,
1574,false,c338d60e-b519-5736-905b-cb132793ffde,Metsulfuron-methyl,Elementary flows/Emission to air/unspecified,kg,elementary,,,
1575,false,728ce250-18e7-5b03-b4a6-45560b6e1b16,Benthiavalicarb,Elementary flows/Emission to water/surface water,kg,elementary,,,
1576,false,be13179a-7e8b-57f8-9852-137ce88a1525,Methylamine,Elementary flows/Emission to air/unspecified,kg,elementary,,,
1577,true,a70beb60-354d-4dcd-b6fd-8c251357fb2a,"Transformation, from annual crop, irrigated",Elementary flows/Resource/land,m2,elementary,,,
1578,false,be4835bf-5252-48c1-be48-14f59d533bbd,"Oils, non-fossil",Elementary flows/Emission to soil/industrial,kg,elementary,,,
1579,false,839c3c22-3168-4736-a3f8-e9f772ef062f,Methomyl,Elementary flows/Emission to water/surface water,kg,elementary,,,
1580,false,20722b05-fd1f-446d-b818-d0b05a520526,Fluquinconazole,Elementary flows/Emission to air/low population density,kg,elementary,,,
1581,false,6986913c-284b-4173-95fe-4a242498b1bc,"2,4-D ester",Elementary flows/Emission to soil/agricultural,kg,elementary,,,
1582,false,08f3db43-3185-4d9d-846a-404e27928eaf,Metalaxil,Elementary flows/Emission to soil/agricultural,kg,elementary,,,
1583,false,a9224ed8-bdfd-4e66-9e97-df752e2485ef,Propanil,Elementary flows/Emission to soil/agricultural,kg,elementary,,,
1584,false,26fa5bf3-0d4c-5aa3-b9c0-b4216a679893,Phosphorus pentafluoride,Elementary flows/Emission to air/unspecified,kg,elementary,,,
1585,false,4fde8c19-5560-4fc4-a416-7b244f7439ec,Metalaxyl-M,Elementary flows/Emission to soil/agricultural,kg,elementary,,,
1586,false,dd038335-2e7d-405f-ab94-16231b804f8e,Monobutyltin (III),Elementary flows/Emission to water/ocean,kg,elementary,,,
1587,false,99f78a2c-48e3-492c-aa5a-ed0c2f24a1a0,Quintozene,Elementary flows/Emission to soil/agricultural,kg,elementary,,,
1588,false,b9660786-7a4e-408f-9474-f58877b329a6,Ammonia,Elementary flows/Emission to soil/industrial,kg,elementary,,,
1589,false,6950fc3c-cdf0-5b0c-9c13-244de80e43ff,Aclonifen,Elementary flows/Emission to water/surface water,kg,elementary,,,
1590,false,1318785a-e5b1-4f42-a5b7-072333e37f91,"N,N-Dimethylformamide",Elementary flows/Emission to water/unspecified,kg,elementary,,,
1591,false,c3902f47-f633-5c7e-9031-60dcb28ae1ed,Pyroxsulam,Elementary flows/Emission to water/surface water,kg,elementary,,,
1592,false,fe123de0-755b-51f3-a665-4ef65bcc510c,Prothioconazole,Elementary flows/Emission to water/unspecified,kg,elementary,,,
1593,false,c990d84f-f86f-5a02-86c9-a8de2ba2519a,Mecoprop-P,Elementary flows/Emission to water/surface water,kg,elementary,,,
1594,false,8fc48d82-8a56-5088-80d4-4a50daf68546,Methoxyfenozide,Elementary flows/Emission to soil/forestry,kg,elementary,,,
1595,false,8c6d254d-8ef4-5057-acbd-79d5f8166a33,Fluxapyroxad,Elementary flows/Emission to water/surface water,kg,elementary,,,
1596,false,dd786e61-d387-4dc4-8314-2a5f958e7168,Beta-cyfluthrin,Elementary flows/Emission to soil/agricultural,kg,elementary,,,
1597,true,53d5ef26-66d8-4536-afa2-2f6b114189ba,Tin,Elementary flows/Resource/in ground,kg,elementary,,,
1598,false,4764f5f1-69bc-4ebb-b7c6-6b54c251056e,Sodium formate,Elementary flows/Emission to air/high population density,kg,elementary,,,
1599,false,195e0a29-e62d-47fc-b1f6-7155939e2b25,Pendimethalin,Elementary flows/Emission to water/surface water,kg,elementary,,,
1600,false,934c5e25-5370-421c-b079-07d01c49dedb,Diuron,Elementary flows/Emission to soil/agricultural,kg,elementary,,,
1601,true,d10b390c-9d0c-4f59-b31d-3d0d70e77a35,"Transformation, to dump site, inert material landfill",Elementary flows/Resource/land,m2,elementary,,,
1602,false,87559b92-4aa2-5c55-afa3-55b1d6c52a76,"Pesticides, unspecified",Elementary flows/Emission to water/unspecified,kg,elementary,,,
1603,false,e5341dca-5831-5bf1-8d1b-e7bef2b17d9b,Mancozeb,Elementary flows/Emission to water/surface water,kg,elementary,,,
1604,false,2c9a7182-37c8-4777-a37a-9a007c3edb2f,Iron ion,Elementary flows/Emission to water/ocean,kg,elementary,,,
1605,false,a6f022be-e24e-5d56-898e-98d4074c594f,Azoxystrobin,Elementary flows/Emission to water/ground water,kg,elementary,,,
1606,false,7bc38f8d-e510-5f24-8025-709281a5cda7,Fluazinam,Elementary flows/Emission to water/unspecified,kg,elementary,,,
1607,false,9bb73c31-c01d-4384-b567-15c1544ae581,Sulfuric acid,Elementary flows/Emission to soil/agricultural,kg,elementary,,,
1608,false,dc872975-def5-575c-a48d-cb04dc532fd3,Isoproturon,Elementary flows/Emission to water/surface water,kg,elementary,,,
1609,false,9f550c00-0f0f-45e7-a29c-a450752d4c7a,Monoethanolamine,Elementary flows/Emission to air/unspecified,kg,elementary,,,
1610,true,e780232c-898f-4606-8d21-f8589801ebe6,"Occupation, grassland, natural, for livestock grazing",Elementary flows/Resource/land,m2*a,elementary,,,
1611,false,9e253ace-bf5e-40f2-b9d3-104595b327e4,Fludioxonil,Elementary flows/Emission to soil/agricultural,kg,elementary,,,
1612,false,ac52a8fa-d727-454e-9769-293445220f7b,Methacrylamide sulfate,Elementary flows/Emission to water/unspecified,kg,elementary,,,
1613,false,e0401210-0377-4670-84af-12247ca20bed,Aluminium III,Elementary flows/Emission to soil/unspecified,kg,elementary,,,
1614,false,acd0f67c-741c-5754-bec2-dbc615c338a0,Carbendazim,Elementary flows/Emission to water/unspecified,kg,elementary,,,
1615,false,1f9aba5f-035c-5f16-810e-5ab05083fe1d,Emamectin benzoate,Elementary flows/Emission to water/ground water,kg,elementary,,,
1616,false,b146e45b-7291-54f3-9f8d-f920eb5cb137,Diflubenzuron,Elementary flows/Emission to water/ground water,kg,elementary,,,
1617,false,595f08d9-6304-497e-bb7d-48b6d2d8bff3,Uranium,Elementary flows/Emission to air/unspecified,kg,elementary,,,
1618,false,39849605-129d-5fa1-a0ac-88e88d743661,Carfentrazone-ethyl,Elementary flows/Emission to soil/forestry,kg,elementary,,,
1619,false,9c2e78e0-38d7-4eb7-a40f-31c7308b1dd6,Butyrolactone,Elementary flows/Emission to water/unspecified,kg,elementary,,,
1620,true,361a64cb-ab76-4a72-9ea1-c07d6a20c124,Silver,Elementary flows/Resource/in ground,kg,elementary,,,
1621,false,523fca08-fa47-5958-b869-e0a3dd345ba7,Sulcotrione,Elementary flows/Emission to air/low population density,kg,elementary,,,
1622,false,f9d36529-abde-4ed2-a82c-d365ae2c713f,Methyl isobutyl ketone,Elementary flows/Emission to water/unspecified,kg,elementary,,,
1623,false,9b77be37-3f9d-4ecf-b7b1-86e8390bcf2e,"1,1,1-Trichloroethane",Elementary flows/Emission to water/surface water,kg,elementary,,,
1624,false,8de41dc8-4edd-4183-9cf7-fffd7d38ee23,Sodium formate,Elementary flows/Emission to water/surface water,kg,elementary,,,
1625,false,7924178f-8862-5d45-b6ba-398ab1ba7e56,Fipronil,Elementary flows/Emission to soil/forestry,kg,elementary,,,
1626,true,fab932d4-0a58-491c-9d7f-294d07a7953d,Sodium,Elementary flows/Resource/in ground,kg,elementary,,,
1627,true,11a2a7b1-ab2f-47b8-9e29-6f33d5207fa6,Gypsum,Elementary flows/Resource/in ground,kg,elementary,,,
1628,false,c308f812-7e5a-483a-ac1f-1f5742a53784,"Hydrocarbons, aromatic",Elementary flows/Emission to water/surface water,kg,elementary,,,
1629,false,c91fd4bf-ed70-4e2f-a34f-159773f981b6,Manganese II,Elementary flows/Emission to water/ocean,kg,elementary,,,
1630,false,e145d4fa-5ac7-4435-8f4d-de807fbe1a31,Fluorene,Elementary flows/Emission to water/surface water,kg,elementary,,,
1631,false,4b0d68e7-37bc-4184-93b5-91b70c62e585,Tetrachloroethylene,Elementary flows/Emission to water/unspecified,kg,elementary,,,
1632,false,f3ff9c50-6401-522c-b1bf-1395ff4ad302,Florasulam,Elementary flows/Emission to air/low population density,kg,elementary,,,
1633,false,82bb882b-572f-4af0-b35b-4c846ee49dda,Rubidium,Elementary flows/Emission to water/surface water,kg,elementary,,,
1634,false,f458647c-1e92-5041-9d05-2388637f7a1f,Prochloraz,Elementary flows/Emission to water/surface water,kg,elementary,,,
1635,false,6b7fbea6-4a86-40f9-954d-3c9b3611abfd,Manganese II,Elementary flows/Emission to soil/unspecified,kg,elementary,,,
1636,false,0159ee07-35da-5a5f-93bb-ba9d8571ec55,Mandipropamid,Elementary flows/Emission to water/surface water,kg,elementary,,,
1637,false,cacfd448-6c2d-4061-9363-fd506b979f25,"1,1,2-Trichloro-1,2,2-trifluoroethane",Elementary flows/Emission to air/unspecified,kg,elementary,,,
1638,false,e7140812-ce3d-49f5-97b0-2fef538217a5,Butadiene,Elementary flows/Emission to air/high population density,kg,elementary,,,
1639,false,50fcb4b5-8c1e-5384-b5ce-a3956838f411,Bixafen,Elementary flows/Emission to air/low population density,kg,elementary,,,
1640,false,0b5c0609-3456-5935-93ae-5414b08eeaca,Spiromesifen,Elementary flows/Emission to soil/agricultural,kg,elementary,,,
1641,false,6d1eced4-e8df-510f-aa95-0c5b9686dee3,Imidacloprid,Elementary flows/Emission to water/ground water,kg,elementary,,,
1642,true,f2f53dc8-8e09-511f-8dd2-4bae3625ba27,Holmium,Elementary flows/Resource/in ground,kg,elementary,,,
1643,false,5bb8ab94-5b18-598f-9934-bedf457efcc4,Difenoconazole,Elementary flows/Emission to water/unspecified,kg,elementary,,,
1644,false,5ce634de-b810-4533-9efb-719c38fe7c09,Dissolved solids,Elementary flows/Emission to water/unspecified,kg,elementary,,,
1645,false,328fee4e-5999-503f-b601-f69a0d637e8d,Propamocarb,Elementary flows/Emission to air/low population density,kg,elementary,,,
1646,false,01248058-8a0f-40f6-8555-13ec37c7931d,Sodium I,"Elementary flows/Emission to air/low population density, long-term",kg,elementary,,,
1647,true,956c5f83-65c8-4607-9749-147cfb9c8f70,"Occupation, traffic area, rail/road embankment",Elementary flows/Resource/land,m2*a,elementary,,,
1648,false,f466775b-d475-4f5d-8b5a-0248c6b94449,Ethylene oxide,Elementary flows/Emission to water/ground water,kg,elementary,,,
1649,false,b2da11d3-1828-464f-a32a-2a00e57d2916,Nitric acid,Elementary flows/Emission to air/high population density,kg,elementary,,,
1650,false,2cea4705-5460-4f03-80ca-1aaf90f17c3a,Silicon,"Elementary flows/Emission to air/low population density, long-term",kg,elementary,,,
1651,false,0390d424-73c6-579e-8c8d-4a544f1698f4,Thiabendazole,Elementary flows/Emission to soil/forestry,kg,elementary,,,
1652,false,370bbcdd-6395-4af8-b049-fc5f7339a437,Bromoxynil,Elementary flows/Emission to water/ground water,kg,elementary,,,
1653,true,9e5823ad-9d9b-4b98-b627-e39611b6a8bd,Magnesium,Elementary flows/Resource/in ground,kg,elementary,,,
1654,false,ddecd275-57d5-5ef3-ad34-0db1150d2f79,Mesotrione,Elementary flows/Emission to water/surface water,kg,elementary,,,
1655,false,b62fbf1a-ebbb-5782-8ba4-a9dc402d49da,Dimethomorph,Elementary flows/Emission to soil/forestry,kg,elementary,,,
1656,false,3d1557e5-04b4-53e4-a30b-c227df0e1f14,Diquat,Elementary flows/Emission to air/low population density,kg,elementary,,,
1657,true,e5a3dff5-72dc-5287-893c-597dd4a19566,Molybdenum,Elementary flows/Resource/in ground,kg,elementary,,,
1658,false,55df86bd-5251-5c44-b7d5-400cc51475cd,Chlormequat chloride,Elementary flows/Emission to air/low population density,kg,elementary,,,
1659,false,f216cd2b-2a62-4d06-9efa-af12f0672936,Fluxapyroxad,Elementary flows/Emission to air/low population density,kg,elementary,,,
1660,false,6a9ef0ac-2a82-492b-90f7-7f8d09995bbc,Pentachlorobenzene,Elementary flows/Emission to air/unspecified,kg,elementary,,,
1661,false,3135755c-1082-5c68-9290-55b858fd7ff2,Octaethylene glycol monododecyl ether,Elementary flows/Emission to air/unspecified,kg,elementary,,,
1662,false,b2cf7804-89b9-5028-8c6e-d26363eda17a,Famoxadone,Elementary flows/Emission to soil/agricultural,kg,elementary,,,
1663,false,4f5a338d-a56a-417d-ae4d-cfd6f51a4729,Flumiclorac-pentyl,Elementary flows/Emission to soil/agricultural,kg,elementary,,,
1664,false,4ad388db-2b95-5407-960d-66793dfbb63b,Tritosulfuron,Elementary flows/Emission to air/low population density,kg,elementary,,,
1665,false,aba012db-c837-4d42-8679-4436e19a5944,Carbaryl,Elementary flows/Emission to water/surface water,kg,elementary,,,
1666,false,92239067-b6f3-419f-b0ff-6ae67a804deb,Pendimethalin,Elementary flows/Emission to water/ground water,kg,elementary,,,
1667,false,718a3fe1-6ad8-42b6-8869-db317e79c03d,Captan,Elementary flows/Emission to soil/agricultural,kg,elementary,,,
1668,false,8000fc7d-edfe-4970-9224-a4c05281d46b,Scandium,Elementary flows/Emission to air/unspecified,kg,elementary,,,
1669,false,f6596d20-a471-565d-bedb-e1e9b6a6c2f9,Thiophanate-methyl,Elementary flows/Emission to soil/forestry,kg,elementary,,,
1670,false,92681c17-2514-4151-aabf-baee3fd8e5f5,tau-Fluvalinate,Elementary flows/Emission to soil/agricultural,kg,elementary,,,
1671,false,f2f1a5eb-de1e-42fe-ad80-60a255185ba9,Thallium I,"Elementary flows/Emission to air/low population density, long-term",kg,elementary,,,
1672,false,737c3221-1456-4c6b-8605-6ac00dc88b2e,"Dioxins, measured as 2,3,7,8-tetrachlorodibenzo-p-dioxin",Elementary flows/Emission to water/unspecified,kg,elementary,,,
1673,false,07f719c9-3524-58f6-be3c-9ea505ef9c82,Linuron,Elementary flows/Emission to water/surface water,kg,elementary,,,
1674,false,ac4e85c6-f74e-5042-9b49-41204427d9cd,Prohexadione calcium,Elementary flows/Emission to air/low population density,kg,elementary,,,
1675,false,16410099-57c2-4ad8-928a-d8ec91f1684f,Paraffins,Elementary flows/Emission to air/low population density,kg,elementary,,,
1676,false,3ac07adf-7b44-46f7-9470-b7b1bf0ba961,Simazine,Elementary flows/Emission to soil/agricultural,kg,elementary,,,
1677,false,24d49070-45df-4627-84fa-2d8adeca255b,Phorate,Elementary flows/Emission to soil/agricultural,kg,elementary,,,
1678,false,48137a94-e1ac-53ce-80c4-d3bc2056bee6,Abamectin,Elementary flows/Emission to soil/forestry,kg,elementary,,,
1679,false,12d6029e-3801-42ee-a1bc-1ebf936884fc,Cadmium II,Elementary flows/Emission to soil/unspecified,kg,elementary,,,
1680,false,856c9aa2-c20c-49a8-9417-c71bdb5f17b0,Sulfur hexafluoride,Elementary flows/Emission to air/high population density,kg,elementary,,,
1681,false,a0d98a72-1c36-5c15-8a2f-b2f0e92c198b,Trinexapac-ethyl,Elementary flows/Emission to soil/forestry,kg,elementary,,,
1682,false,82383062-8c49-5b3c-b8f7-931dd7c5035b,Fenoxaprop-P,Elementary flows/Emission to soil/agricultural,kg,elementary,,,
1683,false,506fe866-1081-4152-a19d-b50825f99d83,Bromate,Elementary flows/Emission to water/unspecified,kg,elementary,,,
1684,false,61938fd7-5114-55a0-b68c-7d777dcdb1ff,Teflubenzuron,Elementary flows/Emission to water/surface water,kg,elementary,,,
1685,false,5896c761-4e02-4573-8747-c4bbf73162c0,Phenol,Elementary flows/Emission to air/unspecified,kg,elementary,,,
1686,false,ff672ad0-fdb3-549c-95ae-7761e52a0f8a,Thiencarbazone-methyl,Elementary flows/Emission to water/surface water,kg,elementary,,,
1687,false,393d0862-04cc-45ae-8d08-9dc2a4461b35,"1,1-Difluoroethane",Elementary flows/Emission to air/high population density,kg,elementary,,,
1688,false,3801ac00-aef4-4224-8d04-9d6734794719,Trichloroethylene,Elementary flows/Emission to water/unspecified,kg,elementary,,,
1689,false,b7feaed4-a5d3-4601-894c-e10f9dc7575b,Metosulam,Elementary flows/Emission to soil/agricultural,kg,elementary,,,
1690,false,723a8b35-613c-4dbb-91af-ed3c06e273cc,TCMTB,Elementary flows/Emission to soil/agricultural,kg,elementary,,,
1691,false,61505469-d82e-4f73-9ac6-bb6910038c26,"Discarded fish, demersal, to ocean",Elementary flows/Emission to water/ocean,kg,elementary,,,
1692,false,8a17fe0e-a5b7-5ced-9bd2-75bec6a928f0,Sulfentrazone,Elementary flows/Emission to water/unspecified,kg,elementary,,,
1693,false,e555f589-ec29-468d-a35d-346dc45cdd84,Dicamba,Elementary flows/Emission to water/ground water,kg,elementary,,,
1694,false,ba3d5340-7c78-5202-ac08-63d9c52fb417,Emamectin benzoate,Elementary flows/Emission to soil/forestry,kg,elementary,,,
1695,false,2759c5ea-c684-5b4a-94ca-9a448bd78159,Epoxiconazole,Elementary flows/Emission to water/ground water,kg,elementary,,,
1696,false,18ea247b-edc2-43fe-89bd-cedd04102bcc,Methylchloride,Elementary flows/Emission to air/unspecified,kg,elementary,,,
1697,false,531c5bca-0304-4c3f-a058-c60371df26fb,Chrysene,Elementary flows/Emission to water/surface water,kg,elementary,,,
1698,false,e5928649-f981-5fee-b84d-017dd2e3f8db,Flurochloridone,Elementary flows/Emission to soil/forestry,kg,elementary,,,
1699,false,7884265b-0b07-5097-a33c-929ac766ac68,Benalaxyl-M,Elementary flows/Emission to water/surface water,kg,elementary,,,
1700,false,9d20a094-1fe5-5325-abac-968411310403,Glufosinate,Elementary flows/Emission to soil/forestry,kg,elementary,,,
1701,false,8d0ca1a5-6a40-4eda-861a-a0fccdc81b19,Beryllium II,Elementary flows/Emission to water/unspecified,kg,elementary,,,
1702,false,76c79f4e-3cda-428e-b8f0-0ba8bbf272b6,Helium,Elementary flows/Emission to air/low population density,kg,elementary,,,
1703,false,8a970585-5ce2-4226-b60d-df1c34649a56,Butadiene,Elementary flows/Emission to air/low population density,kg,elementary,,,
1704,true,4057f8b4-f20a-59c9-9bb7-fdeaf5ad106d,Cerium,Elementary flows/Resource/in ground,kg,elementary,,,
1705,false,ddd4e6a3-a93d-57ba-b710-f87c776ef020,Clothianidin,Elementary flows/Emission to water/surface water,kg,elementary,,,
1706,false,c2e854f9-fe22-4fe7-9083-cf6d0a8c7254,Chromium VI,"Elementary flows/Emission to air/low population density, long-term",kg,elementary,,,
1707,false,73a06727-fec3-4d8d-8de5-ef1a0cc2c280,Acephate,Elementary flows/Emission to air/low population density,kg,elementary,,,
1708,false,53a12896-8a5b-40b6-81ff-24379f17a050,Cyclohexane,Elementary flows/Emission to water/unspecified,kg,elementary,,,
1709,true,8459e05b-786c-4438-b630-bf2a8fa9320f,Silicon dioxide,Elementary flows/Resource/in ground,kg,elementary,,,
1710,false,284d6491-de2c-4124-95db-7732cbb5136c,Furan,Elementary flows/Emission to air/unspecified,kg,elementary,,,
1711,false,921cde37-2059-5bd4-9623-79a46c92cf71,Chlormequat chloride,Elementary flows/Emission to water/surface water,kg,elementary,,,
1712,false,387d26ab-2af6-4f26-acf5-9f674f977896,"Indeno(1,2,3-cd)pyrene",Elementary flows/Emission to water/surface water,kg,elementary,,,
1713,false,ebb88ef4-50ab-4e3b-9251-c5fcdf6b4768,Silver I,Elementary flows/Emission to air/unspecified,kg,elementary,,,
1714,false,a71b27f2-3bcb-4bcc-a0c6-b6a123f0b42e,Methyl formate,Elementary flows/Emission to air/high population density,kg,elementary,,,
1715,false,bcbf2ad9-c338-4e11-be56-9e07113dafb3,Chloroacetyl chloride,Elementary flows/Emission to water/surface water,kg,elementary,,,
1716,true,aa784c1b-0d0b-4c69-b631-b045d6ee61af,"Transformation, to permanent crop, non-irrigated, intensive",Elementary flows/Resource/land,m2,elementary,,,
1717,false,6994b171-4ce1-4877-9c17-c206180fcea3,Methyl acrylate,Elementary flows/Emission to air/high population density,kg,elementary,,,
1718,false,cc877ab7-ba78-5354-921e-3139dc4db19d,Cypermethrin,Elementary flows/Emission to water/ground water,kg,elementary,,,
1719,true,fcb77a5a-6882-4aeb-82a9-ba57688d2224,"Transformation, from permanent crop",Elementary flows/Resource/land,m2,elementary,,,
1720,false,f4058eae-c559-5758-8960-382b3a353b27,Vinylidene chloride,Elementary flows/Emission to air/unspecified,kg,elementary,,,
1721,false,6134cc9d-f34f-5f98-88ed-42adf1028b8f,Thiabendazole,Elementary flows/Emission to air/low population density,kg,elementary,,,
1722,false,b397980f-62a4-4b0f-a05c-7c5c0e634aec,Pyrene,Elementary flows/Emission to water/surface water,kg,elementary,,,
1723,false,ee2c5c6c-ff01-4151-8332-d4bf1508c759,Methanol,Elementary flows/Emission to water/unspecified,kg,elementary,,,
1724,false,38621996-9105-57b1-a4d4-4cdd5090aeb3,Metalaxyl-M,Elementary flows/Emission to soil/forestry,kg,elementary,,,
1725,false,86a36e82-82d0-51cb-a563-6e3f7b5c1ae5,Pentachlorophenol,Elementary flows/Emission to water/unspecified,kg,elementary,,,
1726,false,1bb10fa8-d5c2-40df-87f6-e9aeec91d403,Oxyfluorfen,Elementary flows/Emission to water/surface water,kg,elementary,,,
1727,false,ad3f2ad1-7386-4725-9b33-57392b5c22ac,Benz(a)anthracene,Elementary flows/Emission to water/surface water,kg,elementary,,,
1728,false,28f19625-5e6a-4902-8c18-4b519db19d86,Dimethoate,Elementary flows/Emission to soil/agricultural,kg,elementary,,,
1729,true,c52e8414-f232-4c6a-bff2-5726189789ee,Xenon,Elementary flows/Resource/in air,kg,elementary,,,
1730,false,0097bf60-3729-40b6-94d0-06bd6146cfc2,Caesium-137,Elementary flows/Emission to water/ocean,kBq,elementary,,,
1731,true,0f1b21d0-2780-4742-87f2-28fb21a44db5,Strontium,Elementary flows/Resource/in ground,kg,elementary,,,
1732,false,4f3ee6dc-f092-429b-82bc-b9538bdb751b,Plutonium-alpha,Elementary flows/Emission to air/low population density,kBq,elementary,,,
1733,false,5cf8884f-62a7-4cc0-8d5a-efe89beac559,Iodine,"Elementary flows/Emission to air/low population density, long-term",kg,elementary,,,
1734,false,8b4f0e68-38d5-4bee-b647-680d3a117560,Rimsulfuron,Elementary flows/Emission to soil/agricultural,kg,elementary,,,
1735,false,a43757df-f03b-508c-9734-eda87afc5423,Carbendazim,Elementary flows/Emission to water/ground water,kg,elementary,,,
1736,false,9a8e2785-9175-4818-83ae-fc394e2d695a,Thiamethoxam,Elementary flows/Emission to soil/agricultural,kg,elementary,,,
1737,false,8a422b03-1055-4bc8-b439-27bf8d7eef57,Tin ion,"Elementary flows/Emission to air/low population density, long-term",kg,elementary,,,
1738,false,372c2f79-e962-5bc2-a620-b4db62c0c3a7,Beta-cyfluthrin,Elementary flows/Emission to soil/forestry,kg,elementary,,,
1739,false,0ace7678-a181-48e8-8728-d912a8b56c57,Aluminium III,Elementary flows/Emission to water/ocean,kg,elementary,,,
1740,false,686b132d-0ebf-5e4c-84f6-e525cda9a36a,Thiophanate-methyl,Elementary flows/Emission to air/low population density,kg,elementary,,,
1741,false,477dca4d-730f-5780-976a-2f92fcf55f2c,Pyraflufen-ethyl,Elementary flows/Emission to water/surface water,kg,elementary,,,
1742,false,504672ba-784f-4c87-bf3e-ede17992e4a2,Nicosulfuron,Elementary flows/Emission to soil/agricultural,kg,elementary,,,
1743,false,6b29d83a-c43c-484c-8e73-474a8a22d71e,Chromium III,"Elementary flows/Emission to air/low population density, long-term",kg,elementary,,,
1744,false,c566b667-1033-5217-8e72-c5606825c531,Alkylbenzene (c10-c15),Elementary flows/Emission to soil/forestry,kg,elementary,,,
1745,false,10507b66-45a2-4f20-ae9c-609e8b4d07c8,Imidacloprid,Elementary flows/Emission to soil/agricultural,kg,elementary,,,
1746,false,f72fe27e-d3bf-45f7-8950-542c72cb4502,Isopropylamine,Elementary flows/Emission to air/high population density,kg,elementary,,,
1747,false,69edbf6f-66cb-5e8f-8741-f34a16fed5ca,Pyrethrins,Elementary flows/Emission to soil/agricultural,kg,elementary,,,
1748,false,b0fe9b88-db33-527a-9b9b-1a5434d5bad7,Fluazinam,Elementary flows/Emission to soil/forestry,kg,elementary,,,
1749,false,de22459f-2b91-43a1-8c53-c89ddbe2c64c,Thorium-232,Elementary flows/Emission to water/unspecified,kBq,elementary,,,
1750,true,8bd1295e-4af1-4177-88a2-6f56ac8e4546,"Volume occupied, underground deposit",Elementary flows/Resource/in ground,m3,elementary,,,
1751,true,55219a64-a6ed-4675-9210-7ed14c82a05f,"Fish, demersal, in ocean",Elementary flows/Resource/biotic,kg,elementary,,,
1752,false,bb472a88-f118-4e3c-9305-3f206aaa8a41,Dichlorprop,Elementary flows/Emission to water/surface water,kg,elementary,,,
1753,false,9e4fda2d-a8ce-5b65-bf26-01805e3bdf0b,Chlorothalonil,Elementary flows/Emission to air/low population density,kg,elementary,,,
1754,true,3d73ec21-de4d-5b68-b504-4ef59e15bd0e,Europium,Elementary flows/Resource/in ground,kg,elementary,,,
1755,false,90d374f1-b739-45b2-a734-d6bdd8c8dc9c,2-Nitrobenzoic acid,Elementary flows/Emission to air/high population density,kg,elementary,,,
1756,false,4d7c44eb-4910-5a23-be35-3e78bf864d12,"2,4-D",Elementary flows/Emission to water/ground water,kg,elementary,,,
1757,false,b3701449-fe4b-4513-b4a4-065e62f03e5c,Titanium ion,"Elementary flows/Emission to air/low population density, long-term",kg,elementary,,,
1758,false,e2497d80-7c41-59ff-9cac-b1c9d6126080,Desmedipham,Elementary flows/Emission to water/surface water,kg,elementary,,,
1759,false,8ca6c84b-7f56-47e6-8d17-4f2dbc49a943,Chlorodifluoromethane,Elementary flows/Emission to air/high population density,kg,elementary,,,
1760,false,8c690557-25ce-48f2-91b9-58126e82aaf6,Bromoxynil,Elementary flows/Emission to air/low population density,kg,elementary,,,
1761,false,9f1f46bb-5629-4fd5-bed0-06f58800017a,Carfentrazone-ethyl,Elementary flows/Emission to air/low population density,kg,elementary,,,
1762,false,79240a49-80cf-4be4-b5c2-bfdd3f4aa249,Isobutanol,Elementary flows/Emission to water/surface water,kg,elementary,,,
1763,false,21b5487b-4086-490b-9f98-1f5503feee7c,Ethoprop,Elementary flows/Emission to soil/agricultural,kg,elementary,,,
1764,false,91b452dc-ddbd-40a4-9281-33303109495e,Trifluralin,Elementary flows/Emission to soil/agricultural,kg,elementary,,,
1765,false,15ac8049-37ca-58dc-b4fa-2fde7781a527,Metsulfuron-methyl,Elementary flows/Emission to soil/forestry,kg,elementary,,,
1766,false,4505f26e-3802-5f18-bb1a-0007670b41ff,Flurochloridone,Elementary flows/Emission to air/low population density,kg,elementary,,,
1767,false,1c0699e2-9be2-4c30-8328-fc0ad8caac58,Pirimicarb,Elementary flows/Emission to soil/agricultural,kg,elementary,,,
1768,false,a793710a-1990-4e65-a95e-cfbbc5332355,t-Butyl methyl ether,Elementary flows/Emission to air/high population density,kg,elementary,,,
1769,false,da4ed13f-a506-5cb9-b19c-a7fcd2e555f7,Trifluralin,Elementary flows/Emission to soil/forestry,kg,elementary,,,
1770,false,02801b46-cb56-5c8e-bdd3-00a24468d343,Sulfadiazine,Elementary flows/Emission to water/unspecified,kg,elementary,,,
1771,false,1c51a129-9696-56e5-b18a-6f59edf07270,Bicyclopyrone,Elementary flows/Emission to soil/agricultural,kg,elementary,,,
1772,false,e2d35af7-9806-46ff-9b75-b124a48fa5a1,Phosphorus,"Elementary flows/Emission to air/low population density, long-term",kg,elementary,,,
1773,true,88e8456c-dc23-4bb4-aed5-a4186a2fbf77,"Transformation, to forest, extensive",Elementary flows/Resource/land,m2,elementary,,,
1774,false,f4a9daee-4eed-50b7-85c0-b8a641536729,Thiamethoxam,Elementary flows/Emission to water/unspecified,kg,elementary,,,
1775,false,0a11b30c-b502-414a-8b73-31375233cc17,Borate,Elementary flows/Emission to water/surface water,kg,elementary,,,
1776,false,e61443a5-41b6-4407-a1cd-116bdfb38a67,Organic carbon,Elementary flows/Emission to soil/unspecified,kg,elementary,,,
1777,false,7722209c-9953-4e3d-9854-5eaf36e147f8,Tefluthrin,Elementary flows/Emission to air/low population density,kg,elementary,,,
1778,false,17b87359-36f1-4ad3-a019-73e40fc2efc7,Flufenacet,Elementary flows/Emission to air/low population density,kg,elementary,,,
1779,false,fdb29dc7-261d-4f8f-8e7d-c73899480bf8,Ethanol,Elementary flows/Emission to water/unspecified,kg,elementary,,,
1780,false,0d213eaa-6dec-4669-b75e-4afeb06ac31d,Carbonate,Elementary flows/Emission to water/ocean,kg,elementary,,,
1781,false,8b1020ea-0714-40df-8ea9-450e26963a43,Mesotrione,Elementary flows/Emission to soil/agricultural,kg,elementary,,,
1782,false,a6ad3fc7-c019-454f-a899-43be7913a598,Acenaphthene,Elementary flows/Emission to water/ocean,kg,elementary,,,
1783,false,6cd4ed76-161a-4d90-b275-dc74704ffd1d,Magnesium,Elementary flows/Emission to soil/unspecified,kg,elementary,,,
1784,false,e5dd63eb-bf47-5471-8fc8-4eb54aa108e5,Alpha-cypermethrin,Elementary flows/Emission to air/unspecified,kg,elementary,,,
1785,false,788c0461-92d9-4a39-b89b-e3c42a5c68ae,Radium-226,Elementary flows/Emission to water/ground water,kBq,elementary,,,
1786,false,543a84dd-f4b4-53e8-8d33-142909f0dc34,Isoproturon,Elementary flows/Emission to soil/forestry,kg,elementary,,,
1787,false,a259eb99-e741-49e6-8b3f-8985c018be28,Sulfate,"Elementary flows/Emission to air/low population density, long-term",kg,elementary,,,
1788,false,5457df7d-0461-407c-9f09-0338dbff77ef,Beryllium II,"Elementary flows/Emission to air/low population density, long-term",kg,elementary,,,
1789,false,2c062d6a-f9af-58b8-92b8-6144f688f54c,Laminarin,Elementary flows/Emission to soil/forestry,kg,elementary,,,
1790,false,be1f500d-30fc-5536-a21f-23eba01e1689,Maleic hydrazide,Elementary flows/Emission to soil/forestry,kg,elementary,,,
1791,false,80ef64e4-312c-485a-be3d-30856adc0c11,Methyl lactate,Elementary flows/Emission to air/high population density,kg,elementary,,,
1792,false,05136060-b6a6-4383-ae42-6ca90aeec59a,"2,4-DB",Elementary flows/Emission to water/surface water,kg,elementary,,,
1793,false,ca389e38-d086-4527-914c-9c09ea14ae4d,Aniline,Elementary flows/Emission to water/surface water,kg,elementary,,,
1794,false,b62dab3f-1136-5656-8843-814f7e537deb,Chlorotoluron,Elementary flows/Emission to air/low population density,kg,elementary,,,
1795,false,ddddaf27-9ba0-53e2-ae6b-174fd18c487a,Flupyrsulfuron-methyl sodium,Elementary flows/Emission to air/low population density,kg,elementary,,,
1796,false,8e08fef2-c770-5244-b0a1-5ed3dd8489f5,Propaquizafop,Elementary flows/Emission to water/surface water,kg,elementary,,,
1797,false,b146b352-8206-5439-ae24-9e5246a48c2b,Pinoxaden,Elementary flows/Emission to air/low population density,kg,elementary,,,
1798,false,33c162f4-1211-53c8-a2cf-b2428f096388,Thiamethoxam,Elementary flows/Emission to soil/forestry,kg,elementary,,,
1799,false,769a8734-0078-51e3-bd15-176f13bacfaf,Chloridazon,Elementary flows/Emission to soil/forestry,kg,elementary,,,
1800,false,5229d225-38a2-4ec9-a7ed-4fd906a57c76,Fenoxaprop,Elementary flows/Emission to soil/agricultural,kg,elementary,,,
1801,false,fed18945-b0e0-47a4-8fa0-6bc99c3c512a,Polychlorinated biphenyls,Elementary flows/Emission to water/unspecified,kg,elementary,,,
1802,false,56cb6c48-aa39-5a17-b555-ac1afc73a4db,Dichloroethylene,Elementary flows/Emission to air/unspecified,kg,elementary,,,
1803,false,ce0399dc-3d7c-5eed-a4da-ec310d91b624,Tetraconazole,Elementary flows/Emission to soil/agricultural,kg,elementary,,,
1804,true,c1513682-45ad-444e-afb5-27c660714e88,"Transformation, from dump site, inert material landfill",Elementary flows/Resource/land,m2,elementary,,,
1805,false,e300ab62-a6ad-57ab-9395-46d773695d92,Fenoxaprop-P,Elementary flows/Emission to water/surface water,kg,elementary,,,
1806,false,db0bac33-49e5-4888-89bd-15f4bfe11e51,Bifenox,Elementary flows/Emission to soil/agricultural,kg,elementary,,,
1807,false,fc3c75dc-e39c-463b-8b26-96cfc0ed4b47,MCPA,Elementary flows/Emission to water/surface water,kg,elementary,,,
1808,false,42ebce6e-222e-442b-be25-3d8f711ce5cf,Ethanol,Elementary flows/Emission to water/surface water,kg,elementary,,,
1809,true,70c4c6d8-ed81-4763-ae6d-39e54ef0b1fa,"Occupation, seabed, drilling and mining",Elementary flows/Resource/land,m2*a,elementary,,,
1810,false,bc0a4d1f-3ada-4dd8-8ab4-97dc45db3295,Carbendazim,Elementary flows/Emission to soil/agricultural,kg,elementary,,,
1811,false,aa2f15ce-fc50-4252-89d8-89e06b4f588a,Molinate,Elementary flows/Emission to soil/agricultural,kg,elementary,,,
1812,false,b028ffea-ecff-4f0e-a2b0-a84eb647cdae,Ethalfluralin,Elementary flows/Emission to soil/agricultural,kg,elementary,,,
1813,false,5abdcd75-1d26-4e52-a9c6-5fe0e52baa8c,Acetic anhydride,Elementary flows/Emission to water/unspecified,kg,elementary,,,
1814,false,b45f25fe-a5bb-42ac-9859-304bf6ccfd83,Cyprodinil,Elementary flows/Emission to soil/agricultural,kg,elementary,,,
1815,false,d3e6b192-7dc3-58d2-a8e0-4db6c1df1ba1,Bentazone,Elementary flows/Emission to soil/forestry,kg,elementary,,,
1816,true,91a067cc-543a-4d73-a0c0-feb1f8935756,"Transformation, to annual crop, non-irrigated, extensive",Elementary flows/Resource/land,m2,elementary,,,
1817,false,b7cd268b-1b52-45f1-91fe-cd51bf59d21d,Fipronil,Elementary flows/Emission to soil/agricultural,kg,elementary,,,
1818,false,f2e74872-f56d-4e49-8dfd-1428c6fbd59c,Helium,Elementary flows/Emission to air/unspecified,kg,elementary,,,
1819,false,03b40051-311b-5e37-aad1-ea811907cc90,Zoxamide,Elementary flows/Emission to soil/agricultural,kg,elementary,,,
1820,false,b6b4201e-0561-5992-912f-e729fbf04e41,"2,4-D dimethylamine salt",Elementary flows/Emission to air/low population density,kg,elementary,,,
1821,true,54b82481-32a3-4e82-bac7-1df475dbc80c,"Transformation, to cropland fallow (non-use)",Elementary flows/Resource/land,m2,elementary,,,
1822,false,c495230c-cfe7-518a-82b9-cd492227143d,Cupric hydroxide,Elementary flows/Emission to water/surface water,kg,elementary,,,
1823,false,85e00608-dcad-549e-bcd1-c086e556fdfe,Fluxapyroxad,Elementary flows/Emission to soil/forestry,kg,elementary,,,
1824,false,888c2385-49d6-58f0-a1f6-db0e0f4a1c7f,Sulcotrione,Elementary flows/Emission to soil/forestry,kg,elementary,,,
1825,false,6ba443e3-9361-47c9-a2cd-c9f4957217b7,Ethylene diamine,Elementary flows/Emission to water/surface water,kg,elementary,,,
1826,false,5b1187fe-ac55-5dcf-831e-484f277962e2,Pyraflufen-ethyl,Elementary flows/Emission to air/low population density,kg,elementary,,,
1827,false,9d05228e-b328-5d79-b9eb-2463780485b1,Carfentrazone-ethyl,Elementary flows/Emission to water/unspecified,kg,elementary,,,
1828,false,2bbffe32-86bd-485c-95a2-844bbfd42840,"Radioactive species, Nuclides, unspecified",Elementary flows/Emission to water/ocean,kBq,elementary,,,
1829,true,ac3a8914-35f0-4c34-a956-f26b3a053e4a,Basalt,Elementary flows/Resource/in ground,kg,elementary,,,
1830,false,30d74b5c-a7a1-5666-9582-a48aae195c75,Thiamethoxam,Elementary flows/Emission to air/low population density,kg,elementary,,,
1831,false,dfe1da1e-7756-4f7e-a393-6d5e2342a962,Tetrafluoromethane,Elementary flows/Emission to air/high population density,kg,elementary,,,
1832,true,2b8a0f87-bd2a-4b10-8dd9-714487f59fc9,"Occupation, grassland, natural (non-use)",Elementary flows/Resource/land,m2*a,elementary,,,
1833,false,af99a064-3ca7-43cd-9c72-cf20d245b0a8,Chlorimuron-ethyl,Elementary flows/Emission to soil/agricultural,kg,elementary,,,
1834,false,b2208d0f-61a7-4813-9861-af03bf496a05,Bromine,Elementary flows/Emission to water/ocean,kg,elementary,,,
1835,false,48adac6a-94d3-4a65-901b-e60824c01a65,Anthranilic acid,Elementary flows/Emission to air/high population density,kg,elementary,,,
1836,false,b918120c-5dd9-4a28-86ee-9b05a42bdd01,Diflubenzuron,Elementary flows/Emission to soil/agricultural,kg,elementary,,,
1837,false,79def65c-bd77-4fb2-a1df-f4dba98ada8f,Aniline,Elementary flows/Emission to air/high population density,kg,elementary,,,
1838,false,732654a0-46e1-5bd0-a5c0-119d3cf9e3af,Lenacil,Elementary flows/Emission to water/surface water,kg,elementary,,,
1839,false,e98b9661-2844-49dc-9ae4-855b9912c700,Silicon,Elementary flows/Emission to air/unspecified,kg,elementary,,,
1840,false,836493d4-5c50-4713-b2a8-7979b830c1a5,Strontium II,Elementary flows/Emission to water/ocean,kg,elementary,,,
1841,false,a0544534-e298-46a9-bbd2-949902ac1487,Flurochloridone,Elementary flows/Emission to soil/agricultural,kg,elementary,,,
1842,false,5baed830-f676-4031-a036-8a9599bd7237,Boron,Elementary flows/Emission to water/ocean,kg,elementary,,,
1843,false,602604be-f24c-41f0-8d02-f05d0e005fb0,Lactic acid,Elementary flows/Emission to water/surface water,kg,elementary,,,
1844,false,7695f845-0375-4e80-baf4-1f4887d2706a,Acetone cyanohydrin,Elementary flows/Emission to air/unspecified,kg,elementary,,,
1845,false,c89708f7-cb6c-4691-b8cc-cf2cb03b14a6,Acifluorfen,Elementary flows/Emission to soil/agricultural,kg,elementary,,,
1846,false,5fa3d4bb-dbf7-5892-822e-20cc512775ec,Lufenuron,Elementary flows/Emission to soil/forestry,kg,elementary,,,
1847,false,d0431945-ea71-4257-9be6-78a849cd5440,Cloransulam-methyl,Elementary flows/Emission to soil/agricultural,kg,elementary,,,
1848,false,ce567bdc-76ec-4ca0-be79-8bb796e448b3,Iron ion,Elementary flows/Emission to soil/unspecified,kg,elementary,,,
1849,false,f13b60bd-4185-4a76-ba54-fc25ce180de4,Propanal,Elementary flows/Emission to water/surface water,kg,elementary,,,
1850,false,1cd8762b-d985-4206-b57e-f321e9b52399,Prothioconazole,Elementary flows/Emission to water/ground water,kg,elementary,,,
1851,false,04d125eb-7a9a-52f1-97b2-b9ac16f627b9,Sulfosulfuron,Elementary flows/Emission to water/surface water,kg,elementary,,,
1852,false,92ee2fc1-238c-465d-9887-418af42db9c7,Acetochlor,Elementary flows/Emission to soil/agricultural,kg,elementary,,,
1853,false,009f3374-e604-4e24-88f5-d785cd93aac7,Diclofop,Elementary flows/Emission to soil/agricultural,kg,elementary,,,
1854,false,8844a749-f21f-4968-bff9-c4d970efe790,Lead-210,Elementary flows/Emission to water/ocean,kBq,elementary,,,
1855,false,99cd88f6-16b7-4b28-895c-2f42101f634b,Barium II,Elementary flows/Emission to soil/unspecified,kg,elementary,,,
1856,false,59497991-195c-472f-b796-3fcc2dc901da,Chrysene,Elementary flows/Emission to air/low population density,kg,elementary,,,
1857,true,bbcdd18c-4d16-4c28-b031-d988884030a7,"Transformation, from seabed, infrastructure",Elementary flows/Resource/land,m2,elementary,,,
1858,false,b9f74a13-1d9c-444e-ba61-1ea1abac70b7,Monoethanolamine,Elementary flows/Emission to air/high population density,kg,elementary,,,
1859,false,d626c878-28b4-40f7-b59b-5fcc171f601a,Phenoxy compounds,Elementary flows/Emission to water/surface water,kg,elementary,,,
1860,false,4fe87334-f0d5-5fa1-a989-b5c80446c666,Copper oxide,Elementary flows/Emission to water/surface water,kg,elementary,,,
1861,false,91d68678-7ed7-417a-86a7-a486c7b8a973,Carfentrazone-ethyl,Elementary flows/Emission to soil/agricultural,kg,elementary,,,
1862,false,0433c021-b9a5-5a16-85cd-9c7f1fd0a9a2,Flupyrsulfuron-methyl sodium,Elementary flows/Emission to soil/forestry,kg,elementary,,,
1863,false,2fee2825-acaa-562e-8611-e607b8f94fcc,Pyraflufen-ethyl,Elementary flows/Emission to soil/agricultural,kg,elementary,,,
1864,false,dbf49708-ee0c-44f2-8662-5edd89ad472b,Beryllium II,Elementary flows/Emission to soil/unspecified,kg,elementary,,,
1865,false,4557be4d-eaa3-4081-8e8b-c01fac155e43,Metsulfuron-methyl,Elementary flows/Emission to water/surface water,kg,elementary,,,
1866,false,d98f0ec0-bf19-4c90-a457-a8593dec497f,Chromium III,Elementary flows/Emission to water/ocean,kg,elementary,,,
1867,false,6aaca508-da74-55ec-9b6b-38f5ea5f1d14,Chlorantraniliprole,Elementary flows/Emission to soil/agricultural,kg,elementary,,,
1868,false,11eb55f5-7de5-59fa-90fe-a6821476dedb,Quizalofop-p-ethyl,Elementary flows/Emission to water/unspecified,kg,elementary,,,
1869,false,fed759dd-dac7-4d8a-abd1-886fd858b654,Atrazine,Elementary flows/Emission to water/surface water,kg,elementary,,,
1870,false,4dbacf72-5a37-407e-9f02-1e618e58075a,Chlorsulfuron,Elementary flows/Emission to soil/agricultural,kg,elementary,,,
1871,false,1db03c4f-9724-4ea9-9d8d-10825f97da44,Benzo(k)fluoranthene,Elementary flows/Emission to air/low population density,kg,elementary,,,
1872,false,4bf1c333-419b-4278-ac14-247c8bf563d6,Bromomethane,Elementary flows/Emission to air/high population density,kg,elementary,,,
1873,false,b2663551-c9e2-446c-88e1-0a87435667dc,Pyrimethanil,Elementary flows/Emission to soil/agricultural,kg,elementary,,,
1874,false,fa93cd6a-29e2-5527-beb2-759a73f6bebf,Fludioxonil,Elementary flows/Emission to water/unspecified,kg,elementary,,,
1875,false,4abbbc48-a8d0-4c3a-9dea-4e67f1505230,Ethyl benzene,Elementary flows/Emission to water/surface water,kg,elementary,,,
1876,false,6f1a4695-eef7-5474-827b-033045e48c56,Cupric hydroxide,Elementary flows/Emission to soil/forestry,kg,elementary,,,
1877,false,7ad7644f-8796-438e-a15b-86345622886b,Lactic acid,Elementary flows/Emission to air/high population density,kg,elementary,,,
1878,false,df5dd437-2e12-4af6-8f7a-9c8224857dc5,Hexafluoroethane,Elementary flows/Emission to air/high population density,kg,elementary,,,
1879,false,08439a5d-5036-4e9f-89df-08239a6dbc33,Barium-140,Elementary flows/Emission to water/surface water,kBq,elementary,,,
1880,false,ff814cb5-3ea2-5101-8fdc-5e023ba60580,Triflusulfuron-methyl,Elementary flows/Emission to water/surface water,kg,elementary,,,
1881,false,e185d5f5-d66c-545c-971e-7964f621754e,MCPB,Elementary flows/Emission to soil/forestry,kg,elementary,,,
1882,false,9bebedc1-d722-4dcd-bf4a-0f25da82eaa6,Propiconazole,Elementary flows/Emission to water/surface water,kg,elementary,,,
1883,true,d9a2f8e5-f04a-5ffa-8c75-8133ac7f525c,Lutetium,Elementary flows/Resource/in ground,kg,elementary,,,
1884,false,796d4439-8221-41ad-8732-19033339e66e,Fluoranthene,Elementary flows/Emission to water/surface water,kg,elementary,,,
1885,false,4fdfe72b-e003-505b-a7c2-c86cf877acf7,Epoxiconazole,Elementary flows/Emission to water/unspecified,kg,elementary,,,
1886,false,b9456396-7621-56b2-b192-0751108fe2d8,Tritosulfuron,Elementary flows/Emission to soil/forestry,kg,elementary,,,
1887,false,acfeda73-2eee-4ca2-ad41-e8c564e75cec,Dimethyl ether,Elementary flows/Emission to air/unspecified,kg,elementary,,,
1888,false,bef7c90d-9f65-483c-b6b6-4b5d1086c878,Mecoprop,Elementary flows/Emission to soil/agricultural,kg,elementary,,,
1889,false,7dd051f1-c653-44d9-90e4-828f144253c3,Hydrochloric acid,Elementary flows/Emission to water/unspecified,kg,elementary,,,
1890,false,69bb7dd8-43bc-49ff-a67c-0eb8e82558d0,"2,4-D ester",Elementary flows/Emission to water/ground water,kg,elementary,,,
1891,false,b748f6f1-7061-4243-89c7-3f2d01dcec07,Nitrogen,Elementary flows/Emission to soil/unspecified,kg,elementary,,,
1892,false,93aee31e-c6e1-5ea0-9d85-048ee2cc57ed,Chlorimuron-ethyl,Elementary flows/Emission to soil/forestry,kg,elementary,,,
1893,false,dd7748c9-be28-4c89-b8b1-ed5ac14599a2,Malathion,Elementary flows/Emission to soil/agricultural,kg,elementary,,,
1894,false,af77f4cf-debd-5d89-827e-16b387bd3e01,Propiconazole,Elementary flows/Emission to soil/forestry,kg,elementary,,,
1895,true,98b723d4-3362-4b38-8b1e-1bedacfd5e27,"Occupation, pasture, man made, intensive",Elementary flows/Resource/land,m2*a,elementary,,,
1896,false,35b4d818-1019-413b-b99d-d351d8a67ac4,Molybdenum VI,"Elementary flows/Emission to air/low population density, long-term",kg,elementary,,,
1897,false,09073fb9-ffae-579d-acfd-aebecb8b05ca,Imidacloprid,Elementary flows/Emission to water/unspecified,kg,elementary,,,
1898,false,8892f038-c4cf-4166-adeb-df61c4e32af0,Diphenyltin,Elementary flows/Emission to water/ocean,kg,elementary,,,
1899,false,04f9be83-433e-4564-af72-98e463e5b616,Isoproturon,Elementary flows/Emission to soil/agricultural,kg,elementary,,,
1900,false,fa68e7a6-a70c-4ed7-814c-b388273eefe2,Dimethenamide,Elementary flows/Emission to water/ground water,kg,elementary,,,
1901,false,56a0215f-7e71-5e39-a497-f90a264454d8,Tebuthiuron,Elementary flows/Emission to soil/agricultural,kg,elementary,,,
1902,false,9115356e-a534-4329-9ec6-d9208720241b,Nitrogen oxides,"Elementary flows/Emission to air/low population density, long-term",kg,elementary,,,
1903,false,2354e2f3-5a4e-4d54-8183-4027fb64c4eb,Nitric acid,Elementary flows/Emission to soil/industrial,kg,elementary,,,
1904,false,2b50f643-216a-412b-a0e5-5946867aa2ed,Ammonia,"Elementary flows/Emission to air/low population density, long-term",kg,elementary,,,
1905,false,b103e144-f4d7-5170-a66f-a6942d3ab246,Diflufenican,Elementary flows/Emission to soil/forestry,kg,elementary,,,
1906,false,02dd7309-b7c2-47bb-82c8-09345be9c2bb,Dichlorprop-P,Elementary flows/Emission to soil/agricultural,kg,elementary,,,
1907,false,41a4e1fe-34ee-54d9-b049-3a60ada1ae3e,"2,4-D dimethylamine salt",Elementary flows/Emission to soil/agricultural,kg,elementary,,,
1908,true,7b6da1f2-e191-5a77-ae06-af96201f5803,Tellurium,Elementary flows/Resource/in ground,kg,elementary,,,
1909,false,d317b7de-adc0-478c-8c7f-9d6d0f476e97,Fenpiclonil,Elementary flows/Emission to soil/agricultural,kg,elementary,,,
1910,false,2a46d676-6d14-4541-8cbf-e29d9996c76d,Tefluthrin,Elementary flows/Emission to water/ground water,kg,elementary,,,
1911,false,22524a35-32c0-482a-82f7-49724ad1c595,Diethyl ether,Elementary flows/Emission to air/unspecified,kg,elementary,,,
1912,false,e2afdc42-58a6-58c0-9fd8-9e6a824042f3,Acephate,Elementary flows/Emission to soil/forestry,kg,elementary,,,
1913,false,42620169-5cc9-519b-a737-0f0d7a2083b2,Chlorothalonil,Elementary flows/Emission to water/surface water,kg,elementary,,,
1914,false,3e9ae2e9-9cf0-508a-90ca-ce341b68aa1b,Thiencarbazone-methyl,Elementary flows/Emission to air/low population density,kg,elementary,,,
1915,true,8de8befc-efa2-5d07-a58b-b29ea97a3f41,Niobium,Elementary flows/Resource/in ground,kg,elementary,,,
1916,false,91f6386a-af2e-4bbb-a05c-62e4483b1bcf,Butene,Elementary flows/Emission to air/unspecified,kg,elementary,,,
1917,false,7ffda147-f556-5470-8db7-5be5c15472c2,Lufenuron,Elementary flows/Emission to soil/agricultural,kg,elementary,,,
1918,false,48e16ea8-128c-4d96-a4f4-668f12249434,Flurtamone,Elementary flows/Emission to soil/agricultural,kg,elementary,,,
1919,true,c7cb5880-4219-4051-9357-10fdd08c6f2b,"Occupation, unspecified",Elementary flows/Resource/land,m2*a,elementary,,,
1920,false,7427c8ff-5f18-4e0e-9633-64c088b69fd8,Cymoxanil,Elementary flows/Emission to soil/agricultural,kg,elementary,,,
1921,false,53fc7ec9-1b3f-4d89-ade6-8ca2934c1695,Butene,Elementary flows/Emission to air/high population density,kg,elementary,,,
1922,true,18636f13-f552-4136-a353-3b5a8e5f87d1,"Occupation, permanent crop, non-irrigated",Elementary flows/Resource/land,m2*a,elementary,,,
1923,false,4f6390e3-bca5-4d3b-aead-7d63f2534440,Mancozeb,Elementary flows/Emission to soil/agricultural,kg,elementary,,,
1924,false,cf2cfb56-f662-45cc-b124-3917573c37c0,Benzo(k)fluoranthene,Elementary flows/Emission to water/surface water,kg,elementary,,,
1925,false,b90c9726-20b9-4d44-b169-368273e9a3d4,Metolachlor,Elementary flows/Emission to air/low population density,kg,elementary,,,
1926,false,4239278c-5559-4b0d-80fc-702f6d8de310,Naphthalene,Elementary flows/Emission to air/low population density,kg,elementary,,,
1927,false,b001715e-60e4-4f1d-949d-1acfab65bd8f,"Particulate Matter, > 10 um","Elementary flows/Emission to air/low population density, long-term",kg,elementary,,,
1928,false,a74f6771-955e-4343-b796-4775067d51f5,Bitertanol,Elementary flows/Emission to soil/agricultural,kg,elementary,,,
1929,false,e4f58170-4339-44d0-bec7-bdf6445b45ee,Styrene,Elementary flows/Emission to water/unspecified,kg,elementary,,,
1930,false,b0d2b7b9-c76d-50d4-b776-b9419ae83abe,Lauric acid,Elementary flows/Emission to air/unspecified,kg,elementary,,,
1931,false,171aebab-b5e0-493f-8776-43e1a694666f,Metribuzin,Elementary flows/Emission to soil/agricultural,kg,elementary,,,
1932,false,23eaa36d-add4-4219-961e-ca7104dc0de9,Cadmium II,"Elementary flows/Emission to air/low population density, long-term",kg,elementary,,,
1933,false,6bd1ea0d-0fbb-46cd-a6b4-e699febbf4e8,Ethyl cellulose,Elementary flows/Emission to air/high population density,kg,elementary,,,
1934,false,90f7c1f9-e57e-4806-a154-5be9a6e1ac2e,Isoxaflutole,Elementary flows/Emission to soil/agricultural,kg,elementary,,,
1935,false,e6360e00-79a2-455e-ac9d-2e3159736771,Iodide,Elementary flows/Emission to water/surface water,kg,elementary,,,
1936,false,79b3f708-dd3f-4ccb-9121-a4cdd46e0dc4,o-Dichlorobenzene,Elementary flows/Emission to water/surface water,kg,elementary,,,
1937,false,432a3326-73f8-4752-bc4d-06b7b4b1243c,Dichloromethane,Elementary flows/Emission to air/unspecified,kg,elementary,,,
1938,false,17f7e776-7934-54af-8c3c-ed0247cb697b,Nitric oxide,Elementary flows/Emission to air/unspecified,kg,elementary,,,
1939,false,c93b5919-6b01-46c9-8510-cc94d1712168,Thorium,Elementary flows/Emission to air/unspecified,kg,elementary,,,
1940,false,9ae11925-3df9-5fde-b7af-1627c0818347,Quizalofop-ethyl,Elementary flows/Emission to soil/agricultural,kg,elementary,,,
1941,false,a3436836-e2fe-4c30-b9a7-0098b489374f,Phenol,Elementary flows/Emission to water/ocean,kg,elementary,,,
1942,true,cd2932c5-a486-4bf1-99b8-815d8a7ce11a,Zirconium,Elementary flows/Resource/in ground,kg,elementary,,,
1943,false,08151735-9d1b-4b1c-a8b1-f341ade54f2f,Calcium II,Elementary flows/Emission to water/unspecified,kg,elementary,,,
1944,false,78e7a811-78d1-5614-993c-4c2ef4587e70,Fluopicolide,Elementary flows/Emission to soil/forestry,kg,elementary,,,
1945,false,4c234c08-0fa0-5bc6-bac2-205fc8d5fa32,Benzovindiflupyr,Elementary flows/Emission to water/unspecified,kg,elementary,,,
1946,false,6ce302db-96b8-4a21-9237-050ecde39aee,Butene,Elementary flows/Emission to water/surface water,kg,elementary,,,
1947,false,66288ede-0d82-4069-886a-d8b2f38f0128,Imazethapyr,Elementary flows/Emission to air/low population density,kg,elementary,,,
1948,false,31dbf521-4c6c-510b-b036-679d9cfd01bb,Dodecanol,Elementary flows/Emission to water/surface water,kg,elementary,,,
1949,false,2317d0e5-c868-50a5-a511-dbe8aa02fe55,Lenacil,Elementary flows/Emission to air/low population density,kg,elementary,,,
1950,false,d255161b-252c-5289-914d-bb8f776e1f55,Emamectin benzoate,Elementary flows/Emission to soil/agricultural,kg,elementary,,,
1951,true,5d615a38-6d0a-4f3a-8973-69b333b6e814,"Occupation, cropland fallow (non-use)",Elementary flows/Resource/land,m2*a,elementary,,,
1952,false,b81c5c51-5ec9-4b6b-b8c0-6b4d385b1439,Chlormequat chloride,Elementary flows/Emission to soil/agricultural,kg,elementary,,,
1953,false,4f4d47ee-b7ca-5f76-949c-f0d4b738edb3,Gibberellic acid,Elementary flows/Emission to air/low population density,kg,elementary,,,
1954,false,f33f573a-bf4f-5c8b-8191-583ce4f7ad62,Triflusulfuron-methyl,Elementary flows/Emission to air/low population density,kg,elementary,,,
1955,false,3d5051b0-08d6-40ef-8d0c-de90edb39c39,Chloroform,Elementary flows/Emission to water/unspecified,kg,elementary,,,
1956,false,63965114-82ca-4aea-be4d-19e8b6374040,Pyraclostrobin,Elementary flows/Emission to water/ground water,kg,elementary,,,
1957,false,f2d5f01a-3e16-4a6c-a3dc-f6ee9a728957,Toluene,Elementary flows/Emission to water/ocean,kg,elementary,,,
1958,false,8812d57e-ae84-497e-a778-e5c318120205,Radium-224,Elementary flows/Emission to water/surface water,kBq,elementary,,,
1959,false,0ec92f76-932f-4407-bd4f-eb9aa426e099,Gamma-cyhalothrin,Elementary flows/Emission to soil/agricultural,kg,elementary,,,
1960,false,25468a1a-688a-5e17-941c-bba695ec828e,Flumioxazin,Elementary flows/Emission to soil/forestry,kg,elementary,,,
1961,false,f7eca11f-546f-4712-ad80-724254685596,Mercury II,Elementary flows/Emission to soil/unspecified,kg,elementary,,,
1962,false,d1812c3b-7f5e-4ce3-80b2-e599642168cf,Fluquinconazole,Elementary flows/Emission to soil/agricultural,kg,elementary,,,
1963,true,c4a82f46-381f-474c-a362-3363064b9c33,"Occupation, annual crop, irrigated",Elementary flows/Resource/land,m2*a,elementary,,,
1964,false,521f6650-daec-4724-b40b-bf7fea17ceb2,Fluosilicic acid,Elementary flows/Emission to air/high population density,kg,elementary,,,
1965,false,970cdaab-7e1b-5314-85cb-29f0fcf95d04,Chlormequat chloride,Elementary flows/Emission to soil/forestry,kg,elementary,,,
1966,false,eea43ddf-5722-5aa4-afa2-a25376a0bc21,Kresoxim-methyl,Elementary flows/Emission to soil/forestry,kg,elementary,,,
1967,false,63e44a83-eb3d-44b6-9e2f-41b1b088d93d,Buprofezin,Elementary flows/Emission to soil/agricultural,kg,elementary,,,
1968,false,80059f17-e3f9-4041-9fdc-31658ce27288,Quinoxyfen,Elementary flows/Emission to soil/agricultural,kg,elementary,,,
1969,false,f331fe07-edfd-5277-93a1-21f06efb1da4,Iodosulfuron-methyl-sodium,Elementary flows/Emission to air/low population density,kg,elementary,,,
1970,false,18fb2184-d78e-467f-9eac-116bd534739f,"Pesticides, unspecified",Elementary flows/Emission to soil/agricultural,kg,elementary,,,
1971,false,d2e75006-81ab-5ee8-b4ec-37030c289c0d,Foramsulfuron,Elementary flows/Emission to water/surface water,kg,elementary,,,
1972,false,185ad067-02f3-4e37-a2d0-43a8735d9f43,Butatriene,Elementary flows/Emission to air/unspecified,kg,elementary,,,
1973,false,e98084d6-88a2-48cf-9ad5-6462fe9cf857,Lithium I,Elementary flows/Emission to water/surface water,kg,elementary,,,
1974,false,edd13644-5212-4e83-9fee-9358521a6b42,Ethyl acetate,Elementary flows/Emission to water/surface water,kg,elementary,,,
1975,false,c0df9a55-5aa9-5d85-99f4-f08fc82a2c2e,Cyazofamid,Elementary flows/Emission to soil/forestry,kg,elementary,,,
1976,false,68b9b577-90cf-49e4-88bb-a55d80f3ac5d,"Carbon monoxide, from soil or biomass stock",Elementary flows/Emission to air/low population density,kg,elementary,,,
1977,false,6ec8c964-83df-42f3-a1ae-35c1f905cfba,Sulfuric acid,Elementary flows/Emission to water/surface water,kg,elementary,,,
1978,false,a9f16b03-02bb-5f30-aa21-2516e6365b67,Thiodicarb,Elementary flows/Emission to soil/forestry,kg,elementary,,,
1979,false,f7c6455a-51e5-4aba-8361-99b98d47c47b,Propiconazole,Elementary flows/Emission to soil/agricultural,kg,elementary,,,
1980,true,7d2c1cdd-a64a-5936-a577-5b82db0c0d1b,Lithium,Elementary flows/Resource/in ground,kg,elementary,,,
1981,false,fb353f43-7c91-4877-999a-b40db6cb7a8e,Trimethylamine,Elementary flows/Emission to water/surface water,kg,elementary,,,
1982,true,775fdf03-b0bb-5c25-b14d-107231d5b2f0,Tantalum,Elementary flows/Resource/in ground,kg,elementary,,,
1983,false,76824d1e-b1a9-52ba-b463-23f69359e44c,Ametoctradin,Elementary flows/Emission to water/surface water,kg,elementary,,,
1984,false,36b918a7-5b52-4853-812a-1f49c2366d89,Benzal chloride,Elementary flows/Emission to air/high population density,kg,elementary,,,
1985,false,02eb30a8-ed7c-456b-a1fe-2cdffea4fb8d,Carbaryl,Elementary flows/Emission to air/low population density,kg,elementary,,,
1986,false,627967dd-1a33-4965-a05b-84d5131a21a8,Isophorondiamine,Elementary flows/Emission to water/unspecified,kg,elementary,,,
1987,false,00012c0a-9bff-4787-a7eb-56c3d2f43692,Metolachlor,Elementary flows/Emission to water/ground water,kg,elementary,,,
1988,false,ced740ea-3cda-55e5-83cd-61b54fbd3eea,Fenpropimorph,Elementary flows/Emission to air/low population density,kg,elementary,,,
1989,true,2caa889e-8187-459d-963a-fa47a79c5378,"Water, unspecified natural origin",Elementary flows/Resource/fossil well,m3,elementary,,,
1990,false,16ecf636-ebcd-59e3-bd2d-0306622aa375,Spirotetramat,Elementary flows/Emission to soil/forestry,kg,elementary,,,
1991,false,0e20b8fa-3f9a-41f2-b9aa-2b4e32c62264,MCPB,Elementary flows/Emission to air/low population density,kg,elementary,,,
1992,false,2cfcbe85-0dfd-4414-8683-ecc74392346c,"PAH, polycyclic aromatic hydrocarbons",Elementary flows/Emission to water/ground water,kg,elementary,,,
1993,false,9e5974ca-3a85-5be7-875a-0ce3f296cdd9,Benalaxyl-M,Elementary flows/Emission to air/low population density,kg,elementary,,,
1994,false,6dec3953-7373-4eef-81d1-bb93936f64c1,Cloquintocet-mexyl,Elementary flows/Emission to water/surface water,kg,elementary,,,
1995,false,4649902d-edc5-4d34-ae55-59993fe732d9,Iodine-129,Elementary flows/Emission to air/low population density,kBq,elementary,,,
1996,false,42ac7dee-8152-4874-a742-c1c432792a3a,Chlorine,Elementary flows/Emission to soil/unspecified,kg,elementary,,,
1997,false,e337ca1f-1e08-53d3-bf48-49b621ffaaa3,Ioxynil,Elementary flows/Emission to water/surface water,kg,elementary,,,
1998,false,08c9d29a-ba22-54a0-a500-b9a4709e35cf,Copper oxychloride,Elementary flows/Emission to water/unspecified,kg,elementary,,,
1999,false,d18838bc-54cd-5d6f-a8f3-9b94cfc8472d,Dimethyl carbonate,Elementary flows/Emission to air/unspecified,kg,elementary,,,
2000,false,3abbb8dd-226b-5c6b-a1ea-b3a993664263,Clethodim,Elementary flows/Emission to water/unspecified,kg,elementary,,,
2001,false,02156abf-3839-5778-897a-4c06444701d4,Zineb,Elementary flows/Emission to soil/agricultural,kg,elementary,,,
2002,false,9645e02f-855a-4b9f-8baf-f34a08fa80c4,o-Dichlorobenzene,Elementary flows/Emission to air/high population density,kg,elementary,,,
2003,false,e69dfe04-4b45-4e87-a6ce-08b1af61ca22,"Dioxins, measured as 2,3,7,8-tetrachlorodibenzo-p-dioxin","Elementary flows/Emission to air/low population density, long-term",kg,elementary,,,
2004,false,81305cda-63f1-4c1a-99c6-2c2568550ec4,Dinitrogen monoxide,"Elementary flows/Emission to air/low population density, long-term",kg,elementary,,,
2005,false,41f51057-8951-5be7-9b2f-bdcd014dd5eb,Mesosulfuron,Elementary flows/Emission to water/surface water,kg,elementary,,,
2006,false,43092350-7599-5ed4-8766-bbc0b31318a5,Fluxapyroxad,Elementary flows/Emission to water/ground water,kg,elementary,,,
2007,false,83cc3810-ac58-40a3-97af-04a855d4c809,Oxydemeton-methyl,Elementary flows/Emission to soil/agricultural,kg,elementary,,,
2008,false,485165cd-8858-47a9-8dd8-a1590a98b296,"1,4-Diisopropylbenzene",Elementary flows/Emission to air/unspecified,kg,elementary,,,
2009,false,8244db98-b33f-4f4e-98e5-39dd130a1713,"Oils, non-fossil",Elementary flows/Emission to water/surface water,kg,elementary,,,
2010,true,1a1d0d4b-6b95-4815-ad06-2ec5fe333c43,"Transformation, from unspecified, natural (non-use)",Elementary flows/Resource/land,m2,elementary,,,
2011,false,61c6920c-89ff-5928-9bea-012bd1fc5bec,Mancozeb,Elementary flows/Emission to air/low population density,kg,elementary,,,
2012,false,0d9f52b2-f2d5-46a3-90a3-e22ef252cc37,Strontium II,Elementary flows/Emission to air/unspecified,kg,elementary,,,
2013,false,a1a48215-7434-555d-95e6-b81a677a756c,Pyriproxyfen,Elementary flows/Emission to air/low population density,kg,elementary,,,
2014,false,0ebdb68a-f50d-4b0c-ad4b-3a1104d8b454,Methanol,Elementary flows/Emission to air/unspecified,kg,elementary,,,
2015,false,d3f5d0b9-0155-4800-9dbb-b0583948c8c6,Ethanol,Elementary flows/Emission to air/unspecified,kg,elementary,,,
2016,false,2f2450fa-6720-4b59-9876-10a9ee843958,Propionic acid,Elementary flows/Emission to water/unspecified,kg,elementary,,,
2017,false,5d9dd2bc-8142-5d8e-a28f-840b8c5a095c,Fluazinam,Elementary flows/Emission to water/surface water,kg,elementary,,,
2018,false,7e7039a1-6186-4ef6-a7e6-d135b7fe5601,Diethylamine,Elementary flows/Emission to air/high population density,kg,elementary,,,
2019,false,80f5619c-57f9-5d9f-8214-651a4d9ce805,Diquat dibromide,Elementary flows/Emission to water/ground water,kg,elementary,,,
2020,false,d03809fd-dae9-4771-aec0-934a40bbb7e5,Boric acid,Elementary flows/Emission to air/high population density,kg,elementary,,,
2021,false,e0318024-49f3-5d18-ad47-fd212b380bde,Laminarin,Elementary flows/Emission to water/surface water,kg,elementary,,,
2022,false,3aa9471c-359f-40b4-b0c7-266123f2623e,Propoxycarbazone-sodium (prop),Elementary flows/Emission to soil/agricultural,kg,elementary,,,
2023,false,d3ac53b1-17d5-40e7-b51d-422e16316404,Methylamine,Elementary flows/Emission to water/unspecified,kg,elementary,,,
2024,false,bb6d97ec-cfaa-49e1-8105-89abf4319656,Iodide,Elementary flows/Emission to soil/industrial,kg,elementary,,,
2025,false,ed9d969e-f77b-5f66-aa23-1b43ec0e9fa1,Iodine,Elementary flows/Emission to water/surface water,kg,elementary,,,
2026,true,a34e010c-6f68-5c79-8b45-2955b91f7dc2,Thulium,Elementary flows/Resource/in ground,kg,elementary,,,
2027,false,5512f026-b3a9-419a-b787-c0be0b39be1c,Cyclohexane,Elementary flows/Emission to air/high population density,kg,elementary,,,
2028,false,5c049e3f-9246-47d0-ad60-7caaad814b2e,Bromuconazole,Elementary flows/Emission to soil/agricultural,kg,elementary,,,
2029,false,24145938-f9e3-40ea-ab06-409187ca5d26,Sulfite,Elementary flows/Emission to water/unspecified,kg,elementary,,,
2030,false,56d00bcd-9da1-4486-bfe6-10dc0f1d4575,Dimethylamine,Elementary flows/Emission to air/unspecified,kg,elementary,,,
2031,false,0ed1b1a1-e56d-4860-bac7-d76a39bde930,Silver I,"Elementary flows/Emission to air/low population density, long-term",kg,elementary,,,
2032,false,2e3da68d-e404-4377-bce9-b35244980811,Chloridazon,Elementary flows/Emission to soil/agricultural,kg,elementary,,,
2033,true,1b0a8570-eab4-46c2-9b67-c9b918e75676,"Occupation, annual crop, non-irrigated, extensive",Elementary flows/Resource/land,m2*a,elementary,,,
2034,false,6fa8a7df-bd00-4b65-82bd-23b6a4cffe6a,Thallium I,Elementary flows/Emission to soil/unspecified,kg,elementary,,,
2035,false,7b58789b-0164-5c36-a052-c4ed278ddb01,Aclonifen,Elementary flows/Emission to air/low population density,kg,elementary,,,
2036,false,071efe89-12e0-4ff8-80d1-4e6cf1e37233,Monoethanolamine,Elementary flows/Emission to water/unspecified,kg,elementary,,,
2037,false,41fca7d2-1e0e-58ae-99df-2aaa94536cba,Benthiavalicarb,Elementary flows/Emission to soil/forestry,kg,elementary,,,
2038,true,d22719d0-8afd-45d3-b9eb-222112f84cc7,"Fish, pelagic, in ocean",Elementary flows/Resource/biotic,kg,elementary,,,
2039,false,e4e9febc-07c1-403d-8d3a-6707bb4d96e6,"Carbon dioxide, from soil or biomass stock",Elementary flows/Emission to air/unspecified,kg,elementary,,,
2040,false,b066708e-5bab-45ee-9244-e1be2fa5b5f3,"Hydrocarbons, aliphatic, unsaturated",Elementary flows/Emission to water/ocean,kg,elementary,,,
2041,false,1d8ba55c-e60b-45ef-8e66-d947d8e7a01f,Formamide,Elementary flows/Emission to air/unspecified,kg,elementary,,,
2042,true,93ac2969-a4e9-49b5-8b97-5cbc6b9b2601,"Transformation, to permanent crop, irrigated, intensive",Elementary flows/Resource/land,m2,elementary,,,
2043,false,7ee1a767-185e-444b-913d-6acbfdbab3bd,Dimethyl malonate,Elementary flows/Emission to air/high population density,kg,elementary,,,
2044,false,f3cf9958-739f-41c1-a679-f550cf0e9b6c,1-Pentene,Elementary flows/Emission to water/surface water,kg,elementary,,,
2045,false,20834550-2d87-47d0-9d3c-fd65c108c72b,Fluroxypyr,Elementary flows/Emission to soil/agricultural,kg,elementary,,,
2046,false,e9637f64-0187-5362-99d2-3e0d2ccebf56,Metalaxyl-M,Elementary flows/Emission to air/low population density,kg,elementary,,,
2047,false,5a4f1f3d-6dda-4f61-b7ee-88ed61f2152a,Benz(a)anthracene,Elementary flows/Emission to air/low population density,kg,elementary,,,
2048,false,62859da4-f3c5-417b-a575-8b00d8d658b1,Carbon,Elementary flows/Emission to soil/agricultural,kg,elementary,,,
2049,false,d05f3321-5794-5b5e-b05e-831412c615f9,Chlorpyrifos,Elementary flows/Emission to water/unspecified,kg,elementary,,,
2050,false,31913320-21f3-4cc2-b09a-a15ac9b65f5e,Dithianon,Elementary flows/Emission to soil/agricultural,kg,elementary,,,
2051,false,b3fd01ce-4eb3-461f-8639-4c7aa166f40e,Xenon-135m,Elementary flows/Emission to air/low population density,kBq,elementary,,,
2052,false,c2cc0ba3-a0c4-4bb4-9b85-3ff9dae2061f,Sulfur,Elementary flows/Emission to water/ground water,kg,elementary,,,
2053,false,a9eec410-bec1-5c48-a443-120c8188785c,Mesotrione,Elementary flows/Emission to soil/forestry,kg,elementary,,,
2054,false,c31f1bdd-58b7-5d42-bcb9-7a3e486b0216,Thiophanate-methyl,Elementary flows/Emission to water/surface water,kg,elementary,,,
2055,false,22798ed2-c8bb-42d5-8d7c-8e3b14d3bc3e,Ruthenium-103,Elementary flows/Emission to air/low population density,kBq,elementary,,,
2056,false,a192f5ac-fb5d-4e14-ac11-3c38283da9d0,Cumene,Elementary flows/Emission to air/unspecified,kg,elementary,,,
2057,false,d94a5a1a-bc06-48fd-b6d9-7477ea65cacd,Carbon disulfide,Elementary flows/Emission to air/unspecified,kg,elementary,,,
2058,false,959ec191-a65b-5915-b915-9af3729942a6,Spiroxamine,Elementary flows/Emission to water/surface water,kg,elementary,,,
2059,false,2c79c4ee-6e76-5c59-a4c1-4dbdb674bc56,Simazine,Elementary flows/Emission to water/unspecified,kg,elementary,,,
2060,false,22fbf3b0-06cf-53c7-b38b-64dfcdef37f8,Propamocarb,Elementary flows/Emission to soil/agricultural,kg,elementary,,,
2061,true,bf377e4f-3a95-4ce2-a9ba-66ee31f00f60,Cadmium,Elementary flows/Resource/in ground,kg,elementary,,,
2062,false,50eebfd4-1b99-45d6-a149-68a6d4568cb4,Cloquintocet-mexyl,Elementary flows/Emission to soil/agricultural,kg,elementary,,,
2063,false,5de1943f-b011-45a0-97d4-ed15eea6a382,Nickel II,Elementary flows/Emission to soil/forestry,kg,elementary,,,
2064,false,6322e750-aed5-589b-a3ae-667600cee0c4,Dichlorvos,Elementary flows/Emission to soil/agricultural,kg,elementary,,,
2065,false,1c8533e3-3781-5756-bd31-f3c32e820758,Fludioxonil,Elementary flows/Emission to soil/forestry,kg,elementary,,,
2066,false,e1327ebe-ac90-4d12-8787-09649213ce63,Ametryn,Elementary flows/Emission to soil/agricultural,kg,elementary,,,
2067,false,163926e2-b4cc-42bb-ba7d-401028140985,Molybdenum VI,Elementary flows/Emission to water/ocean,kg,elementary,,,
2068,false,591de726-f2c7-43ba-8e22-15fd08acc8dc,Chromium III,Elementary flows/Emission to soil/forestry,kg,elementary,,,
2069,false,a321be47-24ba-45b0-8676-eec5636c9cdb,Pyrene,Elementary flows/Emission to air/low population density,kg,elementary,,,
2070,false,113746e5-66a9-4d8c-b72b-4a99e7fcd052,"VOC, volatile organic compounds",Elementary flows/Emission to water/ocean,kg,elementary,,,
2071,false,41c97929-4fc4-4c35-bdf8-f999e4b492fd,MCPA,Elementary flows/Emission to air/low population density,kg,elementary,,,
2072,false,b4f381ed-345e-48eb-b85a-c8b3f4730af1,Prosulfocarb,Elementary flows/Emission to soil/agricultural,kg,elementary,,,
2073,false,b4baeb93-7e5e-5a9c-bdc7-196960b0cd12,Cymoxanil,Elementary flows/Emission to water/surface water,kg,elementary,,,
2074,false,6575edf4-826c-4e99-a21a-08a1afec1396,Silicon,Elementary flows/Emission to soil/unspecified,kg,elementary,,,
2075,false,876d4bb6-badc-4d04-a193-71b68e908737,Ethephon,Elementary flows/Emission to air/low population density,kg,elementary,,,
2076,false,4ccf69ef-e377-4cac-b188-5c9c58cefa56,Carbonate,Elementary flows/Emission to water/unspecified,kg,elementary,,,
2077,false,f0fece60-5d43-53c5-8ef7-86e6d4745759,Chlorantraniliprole,Elementary flows/Emission to soil/forestry,kg,elementary,,,
2078,false,cd08eddd-d946-40cf-b0b5-87f6dbd7eb21,Carbaryl,Elementary flows/Emission to soil/agricultural,kg,elementary,,,
2079,false,45acd8c0-657f-46d3-8026-4b3c9fadaeb6,Selenium IV,Elementary flows/Emission to soil/unspecified,kg,elementary,,,
2080,false,12051b95-831a-49c0-9a70-fbc0e8fb9af9,Cobalt II,Elementary flows/Emission to soil/unspecified,kg,elementary,,,
2081,false,4f84f70a-bb6f-5533-9411-1e9a59864116,Tribenuron,Elementary flows/Emission to water/surface water,kg,elementary,,,
2082,false,158ce58f-9053-5b23-9db3-65fbb0b9106b,Tebuthiuron,Elementary flows/Emission to air/low population density,kg,elementary,,,
2083,true,5f47f918-1c32-5870-b992-db91f843ff34,Selenium,Elementary flows/Resource/in ground,kg,elementary,,,
2084,true,9877ce00-65f8-4c0c-9fcf-92aa53a2c9c0,Diatomite,Elementary flows/Resource/in ground,kg,elementary,,,
2085,true,7fdc928c-f347-45e7-82d7-046acdf878ae,"Transformation, from dump site, residual material landfill",Elementary flows/Resource/land,m2,elementary,,,
2086,false,797b19e5-faa5-54a9-a15a-5a9870529750,Pyroxsulam,Elementary flows/Emission to soil/agricultural,kg,elementary,,,
2087,false,2b178c09-89d4-49be-afbb-ec21bc158d9c,Isopropylamine,Elementary flows/Emission to water/surface water,kg,elementary,,,
2088,false,e66d495d-aaf6-5709-9777-0da8ee74ca77,Carbosulfan,Elementary flows/Emission to soil/agricultural,kg,elementary,,,
2089,false,300bed66-a3c8-46cf-92c2-92d28dff9f91,"PAH, polycyclic aromatic hydrocarbons",Elementary flows/Emission to water/ocean,kg,elementary,,,
2090,false,5ef46470-8c5e-52ef-ab79-9886444db2c4,Fenoxaprop-P,Elementary flows/Emission to soil/forestry,kg,elementary,,,
2091,false,fe133079-2245-5a45-bd19-44c311aeb7ad,Imazethapyr,Elementary flows/Emission to water/unspecified,kg,elementary,,,
2092,false,6a9afa4e-3b29-4695-b742-56c893060dd3,Sulfosulfuron,Elementary flows/Emission to soil/agricultural,kg,elementary,,,
2093,false,2a791f06-6a52-54e3-87af-8dec4d03198c,Triflumuron,Elementary flows/Emission to water/ground water,kg,elementary,,,
2094,false,4b51a9d0-4100-49c1-8d47-ec47eb51c58a,Acetaldehyde,Elementary flows/Emission to water/unspecified,kg,elementary,,,
2095,false,6ada5a85-1e6e-518c-928b-54fb4e89b414,Abamectin,Elementary flows/Emission to water/ground water,kg,elementary,,,
2096,false,63b71b3f-363f-5dfe-94e7-23d733e6adc1,Fenamidone,Elementary flows/Emission to air/low population density,kg,elementary,,,
2097,false,eb2bfdf1-1881-40e8-bebb-d674b2a79149,Lithium I,Elementary flows/Emission to water/unspecified,kg,elementary,,,
2098,false,ca785a6d-0c2a-59e4-9926-2b35cba7bf2d,Pyriproxyfen,Elementary flows/Emission to soil/forestry,kg,elementary,,,
2099,false,4b09c2cb-937f-43a5-a3f8-b20ff8f047d3,Iodide,Elementary flows/Emission to water/ocean,kg,elementary,,,
2100,false,d2312bc4-af11-445f-aa07-20d95b2794bd,Radium-228,Elementary flows/Emission to water/surface water,kBq,elementary,,,
2101,false,43f39008-3cd3-5083-804e-ca1104961fdc,Pirimicarb,Elementary flows/Emission to soil/forestry,kg,elementary,,,
2102,false,e6212e0b-968a-5d69-a86c-1d474179fb3a,Metolachlor,Elementary flows/Emission to water/unspecified,kg,elementary,,,
2103,false,b11d2f9f-1fee-49ca-aef6-de238b8f98c9,Foramsulfuron,Elementary flows/Emission to soil/agricultural,kg,elementary,,,
2104,true,f55e2203-ef91-50bf-8f5a-119bb210522c,Gadolinium,Elementary flows/Resource/in ground,kg,elementary,,,
2105,false,56b7d3b6-83d7-42b0-a65b-5ad23e29db47,Chlorodifluoromethane,Elementary flows/Emission to air/low population density,kg,elementary,,,
2106,true,c7d2cf2d-0d21-45f7-9769-b07f3e53b76a,"Transformation, to seabed, infrastructure",Elementary flows/Resource/land,m2,elementary,,,
2107,false,5debbf40-9fc7-4115-b276-9dcae25f4cdd,Benzo(a)pyrene,Elementary flows/Emission to water/surface water,kg,elementary,,,
2108,false,ffd4a2ad-2e43-59e8-a575-71dc22e8cca1,Flupyrsulfuron-methyl sodium,Elementary flows/Emission to soil/agricultural,kg,elementary,,,
2109,false,cff46201-bfb0-486c-8f70-277a413c58a1,Phenyltin,Elementary flows/Emission to water/ocean,kg,elementary,,,
2110,false,51bd4b1f-729d-5d65-bd19-b20b6ebf13ab,Sulfosulfuron,Elementary flows/Emission to soil/forestry,kg,elementary,,,
2111,false,19108dfd-9b70-4fca-bac5-d523f8b5d3c0,Benzene,Elementary flows/Emission to water/ocean,kg,elementary,,,
2112,false,43a76088-d768-4807-b70b-049019c9b3f7,Paraquat,Elementary flows/Emission to water/surface water,kg,elementary,,,
2113,false,043119d3-015e-5002-afd6-eb20923f499b,Metalaxyl-M,Elementary flows/Emission to water/surface water,kg,elementary,,,
2114,false,5c9ec415-12f1-4390-bcff-3ff0fcd7ba73,"Hydrocarbons, aliphatic, alkanes, cyclic",Elementary flows/Emission to air/unspecified,kg,elementary,,,
2115,false,0d9f3c92-e80d-482f-b26a-403958eb21ac,Diflufenican,Elementary flows/Emission to water/surface water,kg,elementary,,,
2116,false,7f5146b2-c36d-5e4f-93ad-9fdacf06c65c,Thiodicarb,Elementary flows/Emission to water/unspecified,kg,elementary,,,
2117,true,ce132b7d-ab1c-4df3-9656-8fe37ede77b1,"Transformation, to grassland, natural, for livestock grazing",Elementary flows/Resource/land,m2,elementary,,,
2118,false,e8bd2edd-f937-49f6-9e8b-9f445278775e,Iron ion,"Elementary flows/Emission to air/low population density, long-term",kg,elementary,,,
2119,true,d5b20a8b-48ac-4dcf-9f6e-dd5da5248c05,Steatite,Elementary flows/Resource/in ground,kg,elementary,,,
2120,false,f6f088a7-6d63-5aa3-bc2b-374040cb4e49,Phenmedipham,Elementary flows/Emission to soil/forestry,kg,elementary,,,
2121,false,2f5879fc-2fe8-56e6-beb0-01ee8b53bcab,Copper oxide,Elementary flows/Emission to soil/forestry,kg,elementary,,,
2122,false,ee7b9d2a-a8d7-4df3-ad61-7dd51a39480d,Silicon tetrafluoride,Elementary flows/Emission to air/low population density,kg,elementary,,,
2123,false,7f029e44-eb18-52e0-849d-9a90aaa26972,Benalaxyl-M,Elementary flows/Emission to soil/agricultural,kg,elementary,,,
2124,false,e24da787-41ae-4aa3-b13b-36862b5fd10e,Bromoxynil,Elementary flows/Emission to soil/agricultural,kg,elementary,,,
2125,false,c7328f5c-abaa-4786-a9ef-6706a9108382,Pyraclostrobin,Elementary flows/Emission to soil/agricultural,kg,elementary,,,
2126,false,ae8a126c-b807-4e88-88e8-e7f46d098301,"Oils, non-fossil",Elementary flows/Emission to water/ocean,kg,elementary,,,
2127,false,cb3265f8-49a0-4b09-9bd9-c374370c4cc4,Radon-222,Elementary flows/Emission to air/unspecified,kBq,elementary,,,
2128,true,8842042d-7f07-45f8-bf43-fa83833d75de,"Energy, gross calorific value, in biomass, primary forest",Elementary flows/Resource/biotic,MJ,elementary,,,
2129,false,04d176d3-1aa9-5b93-aa2c-cb810c85d762,Zoxamide,Elementary flows/Emission to air/low population density,kg,elementary,,,
2130,false,04abe114-7939-4935-9281-49e5d89cc1bc,"Hydrocarbons, aromatic",Elementary flows/Emission to water/unspecified,kg,elementary,,,
2131,false,92f2b1f7-389c-5e44-8224-8b1f2ed4e8a4,Butadiene,Elementary flows/Emission to water/unspecified,kg,elementary,,,
2132,false,1541559e-1e25-5d7b-9d0b-dc45386e7c1c,Clothianidin,Elementary flows/Emission to soil/agricultural,kg,elementary,,,
2133,false,7805afa2-d93b-40bb-b841-325b98aec824,Antimony ion,Elementary flows/Emission to water/ocean,kg,elementary,,,
2134,false,7bccfb66-5ece-53e5-9a8a-912a6a335e64,Simazine,Elementary flows/Emission to soil/forestry,kg,elementary,,,
2135,false,151212b4-079b-43a2-96d5-a6eef59166ac,Difluoromethane,Elementary flows/Emission to air/unspecified,kg,elementary,,,
2136,false,b37294bd-947d-4f35-b9e6-3eb259c05ff5,"Acidity, unspecified",Elementary flows/Emission to water/unspecified,kg,elementary,,,
2137,false,051aaf7a-6c1a-4e86-999f-85d5f0830df6,"Particulate Matter, < 2.5 um","Elementary flows/Emission to air/low population density, long-term",kg,elementary,,,
2138,false,499aad47-153d-5fe7-a057-29a35a549070,Gibberellic acid,Elementary flows/Emission to soil/agricultural,kg,elementary,,,
2139,false,5b1bd939-79af-4513-af34-5f532295744f,2-Chlorophenol,Elementary flows/Emission to water/unspecified,kg,elementary,,,
2140,false,3bf44c34-e91e-449a-878c-9a6e8220cb63,Imazethapyr,Elementary flows/Emission to soil/agricultural,kg,elementary,,,
2141,false,66f240b9-a2f4-5abc-a972-5cf5b25a96ca,Nitric acid,Elementary flows/Emission to air/unspecified,kg,elementary,,,
2142,false,7a054a96-8d84-50fc-9809-d8f522285ed0,Tribenuron,Elementary flows/Emission to soil/forestry,kg,elementary,,,
2143,true,4803f22f-6950-489b-914d-fa953a8081f6,Rhodium,Elementary flows/Resource/in ground,kg,elementary,,,
2144,false,d4f71fc2-2fb6-4d80-b3cd-6e4f197a114f,Ozone,Elementary flows/Emission to air/high population density,kg,elementary,,,
2145,false,5692db8a-661c-5244-807a-801090ed73e7,Metribuzin,Elementary flows/Emission to water/surface water,kg,elementary,,,
2146,false,eaebc656-c709-4f1a-ac00-52175d4adc96,Diflufenican,Elementary flows/Emission to air/low population density,kg,elementary,,,
2147,true,0878c1c6-4c1d-4f90-a2de-a9383855d5c6,Gallium,Elementary flows/Resource/in ground,kg,elementary,,,
2148,true,3048af84-1d72-5e3f-a739-b2d7fa7d4773,Fluorine,Elementary flows/Resource/in ground,kg,elementary,,,
2149,false,c89a0749-40a5-4c9c-8770-c4295ea34977,Phosphorus,Elementary flows/Emission to soil/agricultural,kg,elementary,,,
2150,false,e758fb1c-85dc-452c-b805-f3ec7e56b90d,"Indeno(1,2,3-cd)pyrene",Elementary flows/Emission to air/low population density,kg,elementary,,,
2151,false,9b55e30a-2217-5459-8adf-d0ad8b0dfb7f,Propamocarb,Elementary flows/Emission to soil/forestry,kg,elementary,,,
2152,false,e44fd74a-5967-4e79-bad0-08e7363b630c,Triclopyr,Elementary flows/Emission to soil/agricultural,kg,elementary,,,
2153,false,5dcb4eee-0c35-5ff5-9fb4-972129adf94d,Cyazofamid,Elementary flows/Emission to air/low population density,kg,elementary,,,
2154,false,a0950325-06dc-5ca0-84b6-983c9e6ccf74,Trichloroethylene,Elementary flows/Emission to air/unspecified,kg,elementary,,,
2155,false,ba781ac6-cdf1-4a09-86b5-76b19ed3438b,"1-Chloro-1,1-difluoroethane",Elementary flows/Emission to air/unspecified,kg,elementary,,,
2156,false,f329d7f7-0880-5080-89b9-c1570e595bfa,Diflubenzuron,Elementary flows/Emission to water/unspecified,kg,elementary,,,
2157,false,42411268-27a7-4276-9896-e47900fa0606,Formate,Elementary flows/Emission to water/surface water,kg,elementary,,,
2158,false,0fbca534-f355-4477-b29f-7b5fc2fbce64,Boron,"Elementary flows/Emission to air/low population density, long-term",kg,elementary,,,
2159,false,6afedf46-5851-5214-bc75-b021a6254782,Fludioxonil,Elementary flows/Emission to water/surface water,kg,elementary,,,
2160,false,3cc4f378-fae9-56b2-bf2f-efe04be856be,Foramsulfuron,Elementary flows/Emission to air/low population density,kg,elementary,,,
2161,false,3dd549fd-825c-4ceb-a5f9-2988d322dc5d,Ethyl benzene,Elementary flows/Emission to water/unspecified,kg,elementary,,,
2162,false,4569028c-d2d9-4937-bd92-44a6c72e2b1b,Ethylamine,Elementary flows/Emission to air/high population density,kg,elementary,,,
2163,false,09257283-72d9-4d13-838b-ee7f28e6d146,Radium-228,Elementary flows/Emission to water/ocean,kBq,elementary,,,
2164,false,caae5c9b-66bf-4e1a-aa73-f84d11a41753,Thorium-228,Elementary flows/Emission to water/ground water,kBq,elementary,,,
2165,false,d9977222-46f1-447f-8d65-f34f060b1087,Dimethylamine,Elementary flows/Emission to water/surface water,kg,elementary,,,
2166,true,247ddc2a-c861-43be-97f0-0183e3d12f99,"Transformation, to annual crop, irrigated",Elementary flows/Resource/land,m2,elementary,,,
2167,false,834ffc71-e8a1-4b2d-b960-8a924c708954,Dichlorprop,Elementary flows/Emission to air/low population density,kg,elementary,,,
2168,false,d493b514-f36d-482f-a978-63b5a1889bc2,Borate,Elementary flows/Emission to water/unspecified,kg,elementary,,,
2169,false,0bb38d46-04e7-52f2-99de-5861a8220a49,Bisphenol A,Elementary flows/Emission to water/unspecified,kg,elementary,,,
2170,false,7238734e-18ef-4759-914d-61e9ed11bd4e,Methylamine,Elementary flows/Emission to air/high population density,kg,elementary,,,
2171,false,515dc663-8890-51c6-86f9-bee8b927728f,Fenpropimorph,Elementary flows/Emission to soil/forestry,kg,elementary,,,
2172,false,5c238e5f-97c8-4837-8d67-48899ddd43be,Acenaphthene,Elementary flows/Emission to water/surface water,kg,elementary,,,
2173,false,96bb333d-dbc1-5b2a-a85c-cda2c89f0765,Flusilazole,Elementary flows/Emission to air/low population density,kg,elementary,,,
2174,false,fac8675e-9db7-5441-9011-582eada1876a,Abamectin,Elementary flows/Emission to air/low population density,kg,elementary,,,
2175,false,e0336c9b-a0ff-4ae3-b8bb-ca1e46bbbc11,Chromium III,Elementary flows/Emission to soil/unspecified,kg,elementary,,,
2176,true,36a3d172-7373-507f-85bd-12b8ba31a6d4,Iodine,Elementary flows/Resource/in water,kg,elementary,,,
2177,false,62fcd384-906d-474f-a84b-9f944b78f804,Cadmium II,Elementary flows/Emission to water/ocean,kg,elementary,,,
2178,false,cd5898ca-96ad-4038-b7ac-edf544d2800a,Barium II,"Elementary flows/Emission to air/low population density, long-term",kg,elementary,,,
2179,false,e658c385-2df5-575e-aa56-773c85bc6821,Aclonifen,Elementary flows/Emission to soil/forestry,kg,elementary,,,
2180,false,c407952d-43b2-49c4-a756-26e5e76bfbbf,Uranium-238,Elementary flows/Emission to water/ocean,kBq,elementary,,,
2181,false,d9224532-4d6d-4400-8a78-83fca1649548,Hydroxide,Elementary flows/Emission to water/unspecified,kg,elementary,,,
2182,false,017be306-b88a-4d3a-a906-b8734b72b6fb,"Carboxylic acids, unspecified",Elementary flows/Emission to water/unspecified,kg,elementary,,,
2183,false,d6e18bd1-8810-5530-a6e1-280017f7e836,Saflufenacil,Elementary flows/Emission to soil/agricultural,kg,elementary,,,
2184,false,2bcad3b3-5305-481c-a166-ad5e6eac2675,Nickel II,Elementary flows/Emission to soil/unspecified,kg,elementary,,,
2185,false,4877b7b5-0ac1-47f7-96bd-677179544c9f,Methyl formate,Elementary flows/Emission to air/unspecified,kg,elementary,,,
2186,false,8ebbd256-8114-4438-98c9-bbed994c140b,Mefenpyr,Elementary flows/Emission to soil/agricultural,kg,elementary,,,
2187,false,9bc66656-9f37-44bc-ae0b-5d5243b8137e,Tetrachloroethylene,Elementary flows/Emission to air/unspecified,kg,elementary,,,
2188,false,c5cd9e97-8986-4cb5-b3a5-adac2cc40d1a,Krypton-87,Elementary flows/Emission to air/low population density,kBq,elementary,,,
2189,false,863a6a9c-aa57-555d-91ff-47ef71c190b2,Zoxamide,Elementary flows/Emission to water/surface water,kg,elementary,,,
2190,false,4569494e-085e-413a-8fef-63a3c419e0cf,Lithium I,Elementary flows/Emission to water/ground water,kg,elementary,,,
2191,false,2260379b-c49f-553a-823c-565a71a797ec,Chlorimuron-ethyl,Elementary flows/Emission to water/ground water,kg,elementary,,,
2192,false,c1bcea7e-26d9-4714-950b-c425d78179fa,Flumioxazin,Elementary flows/Emission to air/low population density,kg,elementary,,,
2193,false,2beb46d1-2d1d-48ca-bf95-f0668fed29bf,Titanium ion,Elementary flows/Emission to water/ocean,kg,elementary,,,
2194,false,2becddd1-aa5a-4c35-be0e-aefb9bd469f8,Formamide,Elementary flows/Emission to air/high population density,kg,elementary,,,
2195,false,b5c3cd73-25b3-58f9-b2f5-88de7e8c5624,Methoxyfenozide,Elementary flows/Emission to water/ground water,kg,elementary,,,
2196,false,ef9b69aa-8bc8-5f56-913d-e01b4834b8b1,Pyrimethanil,Elementary flows/Emission to water/surface water,kg,elementary,,,
2197,false,39c49db2-409a-4d5d-93f5-454535398965,Methyl acrylate,Elementary flows/Emission to air/unspecified,kg,elementary,,,
2198,false,0330280f-f67a-52a5-b0e9-53f31261d59f,Pirimicarb,Elementary flows/Emission to air/low population density,kg,elementary,,,
2199,false,16cd83f0-c5c0-4b6f-8dd0-26d4e3b9a017,Uranium-238,Elementary flows/Emission to water/ground water,kBq,elementary,,,
2200,false,cb385d3f-7e5a-597e-bc3b-209325bbeb04,Ethofumesate,Elementary flows/Emission to air/low population density,kg,elementary,,,
2201,false,ebc5f04e-ae40-49b1-b07b-495f67e26c28,Rubidium,Elementary flows/Emission to water/ocean,kg,elementary,,,
2202,false,5e7cf95c-9cc3-4479-89af-55377b3db99c,Nitrate,Elementary flows/Emission to air/unspecified,kg,elementary,,,
2203,false,8b531ec0-ca7a-49cd-bef0-56f110112f34,Molybdenum VI,Elementary flows/Emission to soil/unspecified,kg,elementary,,,
2204,true,d585d599-05f1-47ff-8c41-790f51830b9b,"Transformation, from permanent crop, irrigated, intensive",Elementary flows/Resource/land,m2,elementary,,,
2205,false,7bddbf65-6f39-4ae1-bddf-d8d4632c8efe,Quizalofop-p-ethyl,Elementary flows/Emission to soil/agricultural,kg,elementary,,,
2206,false,5676c9be-e0ae-5e3c-b768-e54c580c4911,Sulfentrazone,Elementary flows/Emission to water/ground water,kg,elementary,,,
2207,false,17436446-14d2-50ac-bbc7-627e948f8fad,Metamitron,Elementary flows/Emission to water/surface water,kg,elementary,,,
2208,false,caeb15fa-9711-4d37-99a2-d12c7823b8bc,Isopropanol,Elementary flows/Emission to water/surface water,kg,elementary,,,
2209,false,ed833edc-cec9-54c1-9bd8-1579ff25ff75,Sulcotrione,Elementary flows/Emission to soil/agricultural,kg,elementary,,,
2210,false,4870313f-52a4-4c41-8a08-a25745f2fce9,Sulfide,Elementary flows/Emission to water/ocean,kg,elementary,,,
2211,false,8b4bc248-8065-5b74-b946-e6f5aed2c5ec,Imidacloprid,Elementary flows/Emission to air/low population density,kg,elementary,,,
2212,false,299f371a-61c1-4ea2-8c38-901aa74acf7d,Iprodione,Elementary flows/Emission to soil/agricultural,kg,elementary,,,
2213,true,c8fc4197-7410-42f2-aeb4-c08c6a693992,Calcium,Elementary flows/Resource/in ground,kg,elementary,,,
2214,false,35ed0615-4e8b-556f-988a-a3c42f630421,Methiocarb,Elementary flows/Emission to air/low population density,kg,elementary,,,
2215,false,51c7daf4-14e1-45e9-aa67-051c4ddcd9da,Trinexapac-ethyl,Elementary flows/Emission to soil/agricultural,kg,elementary,,,
2216,false,3be06df6-ea07-58e2-ba45-33758ddc7f24,Pyraclostrobin,Elementary flows/Emission to soil/forestry,kg,elementary,,,
2217,false,cf88e72e-13bc-416c-ac41-7d4b24bda86a,Lithium I,Elementary flows/Emission to water/ocean,kg,elementary,,,
2218,false,e1785dee-a0ad-44dd-a647-11665a0947dd,Succinic acid,Elementary flows/Emission to water/unspecified,kg,elementary,,,
2219,false,93ab9ad5-b4eb-5e01-b9e1-1128c146a5d4,Thiabendazole,Elementary flows/Emission to water/unspecified,kg,elementary,,,
2220,true,994d61de-fbb0-4187-a4d4-b11c3c2b9102,"Transformation, to forest, intensive",Elementary flows/Resource/land,m2,elementary,,,
2221,false,65741fb7-292c-530e-8a2d-78b8cf319147,Pencycuron,Elementary flows/Emission to water/surface water,kg,elementary,,,
2222,false,08e2dc43-788c-5dc2-9d38-37b2d802f60d,Metsulfuron-methyl,Elementary flows/Emission to water/ground water,kg,elementary,,,
2223,false,e7f7fd97-a1c8-4be9-8a21-68ef06437d20,Formic acid,Elementary flows/Emission to air/low population density,kg,elementary,,,
2224,false,9a891f6c-937c-4226-9702-4a552973ae3f,Organic carbon,Elementary flows/Emission to water/ground water,kg,elementary,,,
2225,false,a1693936-2774-4f31-8e5b-c513a5870015,Flumioxazin,Elementary flows/Emission to soil/agricultural,kg,elementary,,,
2226,false,65afe4af-60ea-5a94-b4fe-b4865ff02131,Tembotrione,Elementary flows/Emission to water/surface water,kg,elementary,,,
2227,false,56ce80e5-9a77-4a80-ad65-6208db560be5,Krypton-88,Elementary flows/Emission to air/low population density,kBq,elementary,,,
2228,false,28be1d65-6b09-4ebd-8599-4366c3c2abab,Krypton-85,Elementary flows/Emission to air/low population density,kBq,elementary,,,
2229,false,42a2f3e7-5393-4a69-9b0b-f70a9139ee24,Acetylene,Elementary flows/Emission to air/unspecified,kg,elementary,,,
2230,false,dd2de267-04ee-40e1-99e0-19e5ddf722ca,Sodium hydroxide,Elementary flows/Emission to water/unspecified,kg,elementary,,,
2231,false,6d8d7abc-7128-5f98-af70-19199e720215,Fluopicolide,Elementary flows/Emission to air/low population density,kg,elementary,,,
2232,true,3f8e24d7-3d44-4a47-870f-9e3e74decca4,"Transformation, to permanent crop, non-irrigated",Elementary flows/Resource/land,m2,elementary,,,
2233,false,8e037b16-1a38-4220-996e-9f11e89ff194,Ethylene oxide,Elementary flows/Emission to water/unspecified,kg,elementary,,,
2234,false,8f92325c-4d46-5658-8db0-f88e734c5be1,Fipronil,Elementary flows/Emission to water/unspecified,kg,elementary,,,
2235,false,33456751-d78b-465d-8635-52d71e77cf54,Monocrotophos,Elementary flows/Emission to soil/agricultural,kg,elementary,,,
2236,false,b32061b1-8d24-4663-b10d-0a1c705f2937,"1,1,2-Trichloroethane",Elementary flows/Emission to air/unspecified,kg,elementary,,,
2237,false,66729b69-c76f-43b2-bd9a-4a03c4983afd,Formaldehyde,Elementary flows/Emission to water/unspecified,kg,elementary,,,
2238,false,904546ce-acb5-4cc3-9dda-950c7dc54328,"Dibenz(a,h)anthracene",Elementary flows/Emission to water/surface water,kg,elementary,,,
2239,false,7b311ec6-13a2-5fb9-94f0-20bded731c0b,Pyrimethanil,Elementary flows/Emission to air/low population density,kg,elementary,,,
2240,false,81be176b-9cb5-4d98-8d12-533246c4ade8,Hexamethylene diisocyanate,Elementary flows/Emission to water/unspecified,kg,elementary,,,
2241,false,4dc5b593-5953-57de-b908-c3c34a558f40,Lauric acid,Elementary flows/Emission to water/unspecified,kg,elementary,,,
2242,false,c4cb99f9-ed0e-4543-8596-da56a8de8e40,Flusilazole,Elementary flows/Emission to soil/agricultural,kg,elementary,,,
2243,false,7cb3dbd0-833d-50ea-83bc-3c052a9ec133,Amidosulfuron,Elementary flows/Emission to soil/forestry,kg,elementary,,,
2244,false,9d6fa7be-304e-5e1f-8efd-30f13ca61230,Cymoxanil,Elementary flows/Emission to air/low population density,kg,elementary,,,
2245,false,5e69f88e-d89c-5a08-aff2-e2c5d2e7ea3c,Ethofumesate,Elementary flows/Emission to water/surface water,kg,elementary,,,
2246,false,0ba582f8-3360-441a-a93c-ea15e87f7b0c,Ethephon,Elementary flows/Emission to soil/agricultural,kg,elementary,,,
2247,false,0e0554ad-f6aa-472e-88e0-489f19bec2bb,Diquat dibromide,Elementary flows/Emission to soil/agricultural,kg,elementary,,,
2248,false,3c054a6e-2f9c-4e5e-9231-c61bc85a250a,Carbofuran,Elementary flows/Emission to soil/agricultural,kg,elementary,,,
2249,false,74d50d9e-c5e7-5ed7-883b-2e3fcd2f62e2,Fluopicolide,Elementary flows/Emission to water/surface water,kg,elementary,,,
2250,false,9c8c0e5d-5315-44b9-81e6-e447e5cb869c,Carbon disulfide,Elementary flows/Emission to water/surface water,kg,elementary,,,
2251,true,d73b27a2-81bd-4264-baa5-ce4aca3545be,"Transformation, to dump site, slag compartment",Elementary flows/Resource/land,m2,elementary,,,
2252,false,dcedc211-8daa-49ac-82a9-ce60a22d9b43,Phosphorus trichloride,Elementary flows/Emission to air/unspecified,kg,elementary,,,
2253,true,09a68c14-01f6-4dee-ba29-8b7f400b72b5,Perlite,Elementary flows/Resource/in ground,kg,elementary,,,
2254,false,205617ae-ebc5-4245-8df6-8710d5d40615,Nitrate,"Elementary flows/Emission to air/low population density, long-term",kg,elementary,,,
2255,false,852118b9-043d-4db7-8b71-e3670fb280d2,Thorium-232,Elementary flows/Emission to water/ocean,kBq,elementary,,,
2256,false,e4f501bb-02e2-4562-be3c-5a047b6d2581,"2,4-Dichlorophenol",Elementary flows/Emission to air/high population density,kg,elementary,,,
2257,false,39498369-2c82-52f1-a09c-35176f5c1230,Thiencarbazone-methyl,Elementary flows/Emission to soil/forestry,kg,elementary,,,
2258,false,707ed70e-55ad-5787-af1e-94cd9a438954,Copper oxychloride,Elementary flows/Emission to water/surface water,kg,elementary,,,
2259,false,ae2978fb-d07c-58aa-b9d9-6a2ad653742a,Ethofumesate,Elementary flows/Emission to soil/forestry,kg,elementary,,,
2260,false,a1935676-3d13-4a3a-af42-a151c725ed77,Ammonium bisulfate,Elementary flows/Emission to water/unspecified,kg,elementary,,,
2261,true,d0696f95-6cb3-453b-b849-c99ba9c90c28,Ulexite,Elementary flows/Resource/in ground,kg,elementary,,,
2262,false,0439006b-56aa-5976-9ea9-71303cdf0f3d,Phenmedipham,Elementary flows/Emission to water/surface water,kg,elementary,,,
2263,false,e3d35475-3f5c-5099-9506-8cc81a188fb1,"2,4-di-tert-butylphenol",Elementary flows/Emission to water/unspecified,kg,elementary,,,
2264,false,541a823c-0aad-4dc4-9123-d4af4647d942,1-Pentanol,Elementary flows/Emission to air/high population density,kg,elementary,,,
2265,false,e898ea74-a3a1-5b26-a61e-384bffaf2bd6,Diethanolamine,Elementary flows/Emission to water/unspecified,kg,elementary,,,
2266,false,e8641a14-fd07-4090-8daf-2cce2a557a81,Chlorine,Elementary flows/Emission to water/unspecified,kg,elementary,,,
2267,true,10ebc72c-2c4b-45ea-abd8-cb7fe0805883,"Transformation, from annual crop, irrigated, intensive",Elementary flows/Resource/land,m2,elementary,,,
2268,false,297cc04f-e215-433c-ae3b-d1e34464c785,Potassium I,Elementary flows/Emission to water/ocean,kg,elementary,,,
2269,false,27d03876-622e-4951-8547-ce331b7d3521,Sulfentrazone,Elementary flows/Emission to air/low population density,kg,elementary,,,
2270,false,130bbacf-e7c7-4ffd-b109-4d576f1d02c1,Potassium I,Elementary flows/Emission to water/unspecified,kg,elementary,,,
2271,false,18c582fe-7336-4138-8797-2db8b7a754c7,Chlorodifluoromethane,Elementary flows/Emission to air/unspecified,kg,elementary,,,
2272,false,50b259fd-5e2d-5380-a2e7-b9eb6ba2c457,Prochloraz,Elementary flows/Emission to air/low population density,kg,elementary,,,
2273,false,5eafb840-6f50-418d-98bd-27b86f75613c,Chloro-fluoromethane,Elementary flows/Emission to air/unspecified,kg,elementary,,,
2274,false,40018f22-3bae-5e4e-a987-41b1a85ee1eb,Benthiavalicarb,Elementary flows/Emission to soil/agricultural,kg,elementary,,,
2275,true,9db06277-b6d9-4c48-8cfb-de342e928a50,"Occupation, seabed, infrastructure",Elementary flows/Resource/land,m2*a,elementary,,,
2276,false,3b8a6f65-384b-4086-a817-b0c77555b78a,Dichromate,Elementary flows/Emission to water/unspecified,kg,elementary,,,
2277,false,158011ab-894a-5bdd-9449-f25c57f1f5aa,Imazethapyr,Elementary flows/Emission to soil/forestry,kg,elementary,,,
2278,false,cbf12f2b-2e5e-5945-9407-be3d1adeeaab,Imidacloprid,Elementary flows/Emission to soil/forestry,kg,elementary,,,
2279,false,b8fc2875-a1ce-4a7c-a73d-6ba5b26319d3,Boron,Elementary flows/Emission to air/unspecified,kg,elementary,,,
2280,false,9bdbbff0-c8d6-4acb-9d8e-f833efb8261e,Fluorene,Elementary flows/Emission to air/low population density,kg,elementary,,,
2281,false,34550110-0552-46d2-b07d-6b9599892278,"Actinides, radioactive, unspecified",Elementary flows/Emission to water/ocean,kBq,elementary,,,
2282,false,8570c45a-8c78-4709-9b8f-fb88314d9e9d,Ammonium sulfate,Elementary flows/Emission to water/unspecified,kg,elementary,,,
2283,false,7e9e8ee0-f326-5d20-ad69-b209d2877a0d,Florasulam,Elementary flows/Emission to water/surface water,kg,elementary,,,
2284,true,3afbc2d8-1b51-4d43-87a7-e68291c1e999,"Occupation, permanent crop, irrigated, intensive",Elementary flows/Resource/land,m2*a,elementary,,,
2285,false,e1bafb83-fc58-59e2-9a5c-600f03d3dd5a,Fenamidone,Elementary flows/Emission to soil/forestry,kg,elementary,,,
2286,false,6d74bab2-969f-419c-a2dc-4dde50cf2553,"PAH, polycyclic aromatic hydrocarbons",Elementary flows/Emission to soil/unspecified,kg,elementary,,,
2287,false,a5634f8a-d2f3-4e9a-8ee5-6f11234b9b1e,Ethyl benzene,Elementary flows/Emission to water/ocean,kg,elementary,,,
2288,false,e5fa0589-d03f-5179-bc91-5c4b69f79bac,Triallate,Elementary flows/Emission to soil/agricultural,kg,elementary,,,
2289,true,14de323f-9e2d-4beb-b28e-6b93bae98da8,"Transformation, to inland waterbody, unspecified",Elementary flows/Resource/land,m2,elementary,,,
2290,true,e717f3cc-ac70-4c9b-be56-1614239b917e,"Transformation, from forest, intensive",Elementary flows/Resource/land,m2,elementary,,,
2291,false,0f8ac5f0-eece-5ad6-8fd5-ac22290eb4f3,Thifensulfuron,Elementary flows/Emission to soil/forestry,kg,elementary,,,
2292,false,4407dc37-09ec-4d52-b65a-9c3f0a88306d,Ethylene oxide,Elementary flows/Emission to air/unspecified,kg,elementary,,,
2293,false,15ca802b-f541-44aa-bd33-35560a053193,Nitrate,Elementary flows/Emission to air/high population density,kg,elementary,,,
2294,false,5a405a78-45bb-49de-8ecc-48a5d9cf9721,Mineral oil,Elementary flows/Emission to soil/agricultural,kg,elementary,,,
2295,false,2e718246-b4f2-44e3-bcc5-2ce3496d2db6,Prohexadione calcium,Elementary flows/Emission to soil/agricultural,kg,elementary,,,
2296,false,3c8af80d-7ff8-43f4-b1a7-cef73b1b4682,Dichlorofluoromethane,Elementary flows/Emission to air/high population density,kg,elementary,,,
2297,false,67799e83-54c8-4c89-90dc-1a7fa7780d2b,"Hydrocarbons, aromatic",Elementary flows/Emission to water/ocean,kg,elementary,,,
2298,true,46cfaeaf-f124-409f-998d-47b159051cec,"Transformation, to unspecified, natural (non-use)",Elementary flows/Resource/land,m2,elementary,,,
2299,false,1591e09e-283f-4000-8b28-978122005557,Ferrocyanide,Elementary flows/Emission to water/unspecified,kg,elementary,,,
2300,false,718aae06-8453-591a-9aba-133e521b4370,Fluazinam,Elementary flows/Emission to air/low population density,kg,elementary,,,
2301,false,37a75284-eff5-5ba0-bb65-61ad156149e3,Mesotrione,Elementary flows/Emission to air/low population density,kg,elementary,,,
2302,false,69ca2cc6-7dbf-5ad6-b90f-48236659dbfc,Thiencarbazone-methyl,Elementary flows/Emission to soil/agricultural,kg,elementary,,,
2303,false,e5492922-eaf5-4409-aa49-7f2a35cd0336,MCPA,Elementary flows/Emission to soil/agricultural,kg,elementary,,,
2304,false,5b7d620e-2238-5ec9-888a-6999218b6974,Ethylene carbonate,Elementary flows/Emission to water/unspecified,kg,elementary,,,
2305,false,1b10a3a6-1168-5609-8d98-ed3252861869,Acephate,Elementary flows/Emission to water/unspecified,kg,elementary,,,
2306,true,5666353e-2db2-41d3-8414-404709151422,Graphite,Elementary flows/Resource/in ground,kg,elementary,,,
2307,false,1cc0be91-3df0-5d9b-ba9e-c0bb9ce30b0d,Chlorpyrifos,Elementary flows/Emission to water/ground water,kg,elementary,,,
2308,false,1f6a3d27-41ee-5035-ad61-285b33a32f11,Desmedipham,Elementary flows/Emission to soil/forestry,kg,elementary,,,
2309,false,c7842230-e5ef-4ca8-9cb1-244dee3fe548,"Fungicides, unspecified",Elementary flows/Emission to water/surface water,kg,elementary,,,
2310,false,caf066cf-40ce-47a8-ba4c-969fcd6019c7,Cobalt II,Elementary flows/Emission to water/ocean,kg,elementary,,,
2311,false,52268daa-77f1-5cbb-bf18-2b2d174f0fdb,Thifensulfuron,Elementary flows/Emission to water/surface water,kg,elementary,,,
2312,false,6dac5d3e-e287-5a8d-a390-7115877e3a3e,Difenoconazole,Elementary flows/Emission to water/ground water,kg,elementary,,,
2313,false,e2f205c4-2146-4578-8cd4-e6f309521ef4,Sulfate,Elementary flows/Emission to soil/unspecified,kg,elementary,,,
2314,false,b4847b04-f3be-567a-92f0-7fbbdc5467de,Fenpropidin,Elementary flows/Emission to air/low population density,kg,elementary,,,
2315,false,e006b18b-99aa-4e8e-a9ca-8a5269cfc005,Phenanthrene,Elementary flows/Emission to air/low population density,kg,elementary,,,
2316,false,7cab31a5-46b7-5629-8c1e-3d61e33f3885,Copper oxide,Elementary flows/Emission to soil/agricultural,kg,elementary,,,
2317,true,56ec994a-eb96-42e8-93eb-4970e30e6362,"Occupation, urban, discontinuously built",Elementary flows/Resource/land,m2*a,elementary,,,
2318,false,3eef1ae3-fd54-5b85-88dc-60db205e300a,Flumioxazin,Elementary flows/Emission to water/unspecified,kg,elementary,,,
2319,false,3a285c11-632b-4106-8e15-3ac4a0da78de,Formic acid,Elementary flows/Emission to water/surface water,kg,elementary,,,
2320,false,b6e1f836-2b5c-4bd5-bc8c-af065ee7c230,Zeta-cypermethrin,Elementary flows/Emission to soil/agricultural,kg,elementary,,,
2321,false,22ec3c70-33f4-5049-a378-debb9742bc0e,Prohexadione calcium,Elementary flows/Emission to soil/forestry,kg,elementary,,,
2322,false,eb23cf3a-b866-458d-94b3-9aee4145fcc9,Acetamide,Elementary flows/Emission to soil/agricultural,kg,elementary,,,
2323,false,bedc1f3e-71d2-4bb9-9699-c77603031f81,Diflubenzuron,Elementary flows/Emission to air/low population density,kg,elementary,,,
2324,false,3aaf9017-0d8a-42aa-9a60-cbc39e994e73,Phosphate,Elementary flows/Emission to water/ocean,kg,elementary,,,
2325,false,4ae8bf78-12c3-51f9-8d2a-65d7c30bdc66,Isoproturon,Elementary flows/Emission to air/low population density,kg,elementary,,,
2326,true,b073ec00-a5bf-4b64-bda0-ef366a3ac9bb,"Wood, soft, standing",Elementary flows/Resource/biotic,m3,elementary,,,
2327,false,b465eb7f-dfe9-4057-ad17-c451d58fd753,Isocyanic acid,Elementary flows/Emission to air/high population density,kg,elementary,,,
2328,false,496f5423-c2fa-5a19-9f2c-6b0a4f010dd4,Diquat dibromide,Elementary flows/Emission to air/low population density,kg,elementary,,,
2329,false,51e8811b-04e2-4801-987c-fb0015535965,Trichlorfon,Elementary flows/Emission to soil/agricultural,kg,elementary,,,
2330,false,a22eb638-a8e7-50fc-a2a6-c13da880621c,Flumioxazin,Elementary flows/Emission to water/ground water,kg,elementary,,,
2331,false,b9a9b2ad-5db3-47aa-81de-3a48ae9ad4ec,Butanol,Elementary flows/Emission to air/unspecified,kg,elementary,,,
2332,false,2235015a-278d-52c8-b575-7a5f2931b5fd,Metamitron,Elementary flows/Emission to soil/forestry,kg,elementary,,,
2333,false,cdf99498-1489-4226-97ad-94fa85b0528b,t-Butyl amine,Elementary flows/Emission to air/high population density,kg,elementary,,,
2334,false,dc08e010-0bf9-4a36-a1dd-779684c84b3b,"Suspended solids, unspecified",Elementary flows/Emission to water/ocean,kg,elementary,,,
2335,false,aa87ecd1-b103-4f43-b8dc-d44785c43fd4,Anthracene,Elementary flows/Emission to water/surface water,kg,elementary,,,
2336,false,0bbfb967-a8bb-5e82-966e-e93d758af154,Flusilazole,Elementary flows/Emission to soil/forestry,kg,elementary,,,
2337,false,e38eb567-b080-4f80-894c-f6984eec5119,Monochlorobenzene,Elementary flows/Emission to water/surface water,kg,elementary,,,
2338,false,493d1ae0-4f36-4279-9c5e-0c40fb029950,Urea,Elementary flows/Emission to water/surface water,kg,elementary,,,
2339,false,7d2d9695-c9c2-57e9-b833-dcaff0697246,Lenacil,Elementary flows/Emission to soil/forestry,kg,elementary,,,
2340,false,31d6cf74-5677-5e76-830d-02d214cbdb2d,Acetamiprid,Elementary flows/Emission to water/unspecified,kg,elementary,,,
2341,false,b61b560b-4fbb-51f8-a9f9-8c05de27115f,Pentachlorobenzene,Elementary flows/Emission to water/unspecified,kg,elementary,,,
2342,false,96f0a692-ddb9-4a4c-8236-7c943929653d,Caesium I,Elementary flows/Emission to water/surface water,kg,elementary,,,
2343,false,f0f42d28-0c71-58a6-a8b6-bdc524561b8b,Fluxapyroxad,Elementary flows/Emission to soil/agricultural,kg,elementary,,,
2344,false,2e552919-50d8-56e7-a928-b7f83d460fd2,Propamocarb,Elementary flows/Emission to water/surface water,kg,elementary,,,
2345,false,774c181d-18a7-4096-aa99-56801ef6b909,Nitrate,Elementary flows/Emission to soil/unspecified,kg,elementary,,,
2346,false,1fdc280a-34d3-4513-b110-3f526b17c443,Nitrogen fluoride,Elementary flows/Emission to air/high population density,kg,elementary,,,
2347,false,6b7d2362-f1a8-5f1c-af65-6dd17354c66c,Bromoxynil,Elementary flows/Emission to soil/forestry,kg,elementary,,,
2348,false,c4ab841c-b243-45fe-b5f9-258a00016fc9,Iodosulfuron-methyl-sodium,Elementary flows/Emission to soil/agricultural,kg,elementary,,,
2349,false,bce77a75-c399-4fa6-94ab-90d0e704ebde,Monochloroethane,Elementary flows/Emission to air/unspecified,kg,elementary,,,
2350,true,04eb0695-e67b-46e5-9516-da6bde119822,"Transformation, to traffic area, rail/road embankment",Elementary flows/Resource/land,m2,elementary,,,
2351,false,7e7dafac-5f96-495c-8a34-11fdc6e9f4e8,Triadimenol,Elementary flows/Emission to soil/agricultural,kg,elementary,,,
2352,false,e4ad89a2-c1d3-4d0b-ad44-2a7ff00b1f39,Platinum,Elementary flows/Emission to air/high population density,kg,elementary,,,
2353,false,399b496b-b590-4c48-ba34-0e8f18b5baff,Nitrogen dioxide,Elementary flows/Emission to water/surface water,kg,elementary,,,
2354,false,29fba89c-b900-4160-a5f1-129916933bca,Clodinafop-propargyl,Elementary flows/Emission to soil/agricultural,kg,elementary,,,
2355,false,3ef8d99c-6595-46bf-9fe4-2335252eae15,Fluroxypyr,Elementary flows/Emission to air/low population density,kg,elementary,,,
2356,false,9607fc7e-f6c3-52d5-8983-e178dbf88c85,Mandipropamid,Elementary flows/Emission to air/low population density,kg,elementary,,,
2357,false,27b0b1f4-8cd4-4277-bfdd-1cab2f9c5e1c,Fenbuconazole,Elementary flows/Emission to soil/agricultural,kg,elementary,,,
2358,false,55b24735-f967-4cdd-8620-db67af975992,Acenaphthylene,Elementary flows/Emission to air/low population density,kg,elementary,,,
2359,false,9d490af9-9c5b-5656-bbf4-f2f487acd596,Ioxynil,Elementary flows/Emission to soil/forestry,kg,elementary,,,
2360,false,4ac6979b-55f2-42ae-8d7e-37846e92506c,Radon-222,"Elementary flows/Emission to air/low population density, long-term",kBq,elementary,,,
2361,false,cc667a3d-e88b-42f7-b265-461b7d66837f,Diflufenzopyr-sodium,Elementary flows/Emission to soil/agricultural,kg,elementary,,,
2362,false,b613b3b0-a98d-4b7a-a908-999ccfe1452d,Radon-220,Elementary flows/Emission to air/unspecified,kBq,elementary,,,
2363,false,14ea575b-5caa-4958-acf7-0bcc47f9cadf,Carbon,Elementary flows/Emission to soil/unspecified,kg,elementary,,,
2364,false,6d9e9a11-4d99-4489-a0ab-4cd1b6b8eaef,"Xylenes, unspecified",Elementary flows/Emission to water/ocean,kg,elementary,,,
2365,false,d90a3903-d98e-4750-9dc4-647f2c6af3ec,Thiodicarb,Elementary flows/Emission to air/low population density,kg,elementary,,,
2366,true,c5f5aeb8-7558-4a0c-9594-27621b9cfbc5,Chrysotile,Elementary flows/Resource/in ground,kg,elementary,,,
2367,false,2813518d-c4a8-4a8d-9542-f1882ec27c1c,Benzaldehyde,Elementary flows/Emission to air/low population density,kg,elementary,,,
2368,false,06699be8-f522-427e-89b5-8ad948a39ecb,Propiconazole,Elementary flows/Emission to air/low population density,kg,elementary,,,
2369,false,46928122-6f48-5c32-a54d-c855391ae85c,Cinidon-ethyl,Elementary flows/Emission to soil/forestry,kg,elementary,,,
2370,false,37f69770-85d0-4af3-a612-41e9d314f5bb,Acrylate,Elementary flows/Emission to water/unspecified,kg,elementary,,,
2371,true,55beee8d-d04e-4307-bb0e-4e113dc07ee7,"Transformation, to urban, discontinuously built",Elementary flows/Resource/land,m2,elementary,,,
2372,false,58fabee9-b4b6-48ee-857a-e16ed31bb354,Tritium,Elementary flows/Emission to water/ocean,kBq,elementary,,,
2373,false,4f81c179-0050-52dd-9d01-60e2f8873b9c,Bixafen,Elementary flows/Emission to water/surface water,kg,elementary,,,
2374,false,fd950a9b-db9f-41c9-a8b0-d61f152f6ef2,EPTC,Elementary flows/Emission to soil/agricultural,kg,elementary,,,
2375,false,27d2b49d-9ecb-4b0a-80dc-9c6598464c6a,Thorium-228,Elementary flows/Emission to water/ocean,kBq,elementary,,,
2376,true,7af0b1a6-2e8f-407a-8ac7-b02a2023155b,"Occupation, seabed, unspecified",Elementary flows/Resource/land,m2*a,elementary,,,
2377,false,4bafafca-ff89-46aa-9aaf-c93667df13a4,Thifensulfuron-methyl,Elementary flows/Emission to soil/agricultural,kg,elementary,,,
2378,false,165e28f3-4377-573c-9d2f-52c664f43d42,Triflumuron,Elementary flows/Emission to soil/agricultural,kg,elementary,,,
2379,false,a7b0be6a-a0a7-5fb6-8b82-dd6bab209577,Fenamidone,Elementary flows/Emission to water/surface water,kg,elementary,,,
2380,false,8edb9269-70e8-5515-8c08-8777ef680a15,Phenmedipham,Elementary flows/Emission to air/low population density,kg,elementary,,,
2381,false,33a69662-583b-45b8-8cb9-94f59fca9133,Trichlorofluoromethane,Elementary flows/Emission to air/high population density,kg,elementary,,,
2382,false,abfb59c9-c245-5de7-8303-62ad8bf3f480,Fenpropidin,Elementary flows/Emission to soil/forestry,kg,elementary,,,
2383,false,62f3d964-9b53-4d01-9ee0-04112dcfc6d2,Phosphorus,Elementary flows/Emission to water/ocean,kg,elementary,,,
2384,false,57af157e-2054-407d-949b-8cc9c2aa4655,Carbon,Elementary flows/Emission to air/high population density,kg,elementary,,,
2385,false,4518a791-f5dd-4ee2-ab87-2f8ffca6b230,Sulfosate,Elementary flows/Emission to soil/agricultural,kg,elementary,,,
2386,false,86d12e70-0c64-4ecf-ba52-114fa0c5d402,Carbon tetrachloride,Elementary flows/Emission to air/unspecified,kg,elementary,,,
2387,false,8d575910-c5af-5993-b71d-24a7f9270750,Chlorotoluron,Elementary flows/Emission to water/surface water,kg,elementary,,,
2388,false,c6d0e9b0-aadb-407b-9f39-8fbab93ffa55,Ethylene diamine,Elementary flows/Emission to air/high population density,kg,elementary,,,
2389,false,5fefa2d0-133d-444f-b1fe-596d15f4673e,Silicon,Elementary flows/Emission to water/ocean,kg,elementary,,,
2390,false,189bfd0c-3c62-53f0-8327-851c86e905b6,Glufosinate,Elementary flows/Emission to air/low population density,kg,elementary,,,
2391,false,16addd86-288b-419a-8217-75e4197c5f9d,Phosphorus trichloride,Elementary flows/Emission to air/high population density,kg,elementary,,,
2392,false,27fbdcf1-7eed-561b-b328-38b8f2427fc8,Pyriproxyfen,Elementary flows/Emission to water/ground water,kg,elementary,,,
2393,false,9b84ef84-a567-48de-8dd5-24726bc6688d,Dibutyltin,Elementary flows/Emission to water/ocean,kg,elementary,,,
2394,false,e4ddfc9a-9761-5606-a391-8e7fb4bae762,Pencycuron,Elementary flows/Emission to air/low population density,kg,elementary,,,
2395,false,19b55ff9-4964-45d1-95b6-e24d7f4ffbd3,"Hydrocarbons, aliphatic, unsaturated",Elementary flows/Emission to water/surface water,kg,elementary,,,
2396,true,1836d8db-abda-5275-8445-4904f7a8f91d,Hafnium,Elementary flows/Resource/in ground,kg,elementary,,,
2397,false,594fdc19-25cd-4c22-b3f3-58b1f2f42965,Aldrin,Elementary flows/Emission to soil/agricultural,kg,elementary,,,
2398,false,b902d333-ded6-4c87-be52-8fc03fe6dfd4,"Hydrocarbons, aliphatic, alkanes, unspecified",Elementary flows/Emission to water/surface water,kg,elementary,,,
2399,false,feb606a8-c259-4169-9652-6b38467739f7,Amidosulfuron,Elementary flows/Emission to soil/agricultural,kg,elementary,,,
2400,false,d689f35b-5ebf-4b87-bb12-c4e316219275,Maneb,Elementary flows/Emission to soil/agricultural,kg,elementary,,,
2401,false,37bc6f19-4179-53c0-867a-b93d779778cf,Cyazofamid,Elementary flows/Emission to water/surface water,kg,elementary,,,
2402,false,ae0d4a92-45f4-4293-9fdd-2bbe078bc75f,"Solids, inorganic",Elementary flows/Emission to water/surface water,kg,elementary,,,
2403,false,b1b1fd04-fad3-4e5d-a8ae-e15ff7fdcca5,Propylene oxide,Elementary flows/Emission to water/surface water,kg,elementary,,,
2404,false,e6367875-dd2b-4d12-8d03-94cf2e607815,"2,4-D ester",Elementary flows/Emission to water/surface water,kg,elementary,,,
2405,false,ad66ad26-6fee-4457-b99b-ad8476062ca1,"Carboxylic acids, unspecified",Elementary flows/Emission to water/surface water,kg,elementary,,,
2406,false,04b5664e-7ad4-5b04-a859-ba1ae903d310,Mancozeb,Elementary flows/Emission to water/unspecified,kg,elementary,,,
2407,false,059816e0-4831-5fab-bea7-31008da7df59,Metrafenone,Elementary flows/Emission to soil/forestry,kg,elementary,,,
2408,false,af8667a5-c017-5f8b-a4f2-79a08080d06d,Flonicamid,Elementary flows/Emission to soil/agricultural,kg,elementary,,,
2409,false,ef06f2a4-4b8c-4740-9e06-0c2126d1839a,Methyl acetate,Elementary flows/Emission to air/high population density,kg,elementary,,,
2410,false,e8bc4c9e-c34f-4983-aea0-2433f3397a3a,Chlorotoluron,Elementary flows/Emission to soil/agricultural,kg,elementary,,,
2411,false,206b98e7-9df1-4aa1-896e-dc5aa93e9844,Dimethenamide,Elementary flows/Emission to air/low population density,kg,elementary,,,
2412,false,4122276a-89a6-4e31-ad7d-19568cecf9ce,Vanadium V,Elementary flows/Emission to soil/unspecified,kg,elementary,,,
2413,false,edefd55b-e2c4-59eb-9716-b1a2fe435953,Methoxyfenozide,Elementary flows/Emission to air/low population density,kg,elementary,,,
2414,false,d5ca33b3-f101-4371-b684-c720463ae2ab,Radium-228,Elementary flows/Emission to air/unspecified,kBq,elementary,,,
2415,false,811e5fae-807b-4ba1-8fbe-67e0b088c73c,Methyl ethyl ketone,Elementary flows/Emission to water/surface water,kg,elementary,,,
2416,false,8fe1115a-bc68-5ae6-a63d-3556d1178542,Methylchloride,Elementary flows/Emission to water/unspecified,kg,elementary,,,
2417,false,0b94989b-2551-4069-bb11-4f9f48988cad,"VOC, volatile organic compounds",Elementary flows/Emission to water/surface water,kg,elementary,,,
2418,false,cf324a50-c79e-5cc6-bfe4-6e8ae9674568,Tribenuron,Elementary flows/Emission to air/low population density,kg,elementary,,,
2419,false,446e7a93-6ac4-4bdf-b97d-03f683c7488c,Isobutanol,Elementary flows/Emission to water/unspecified,kg,elementary,,,
2420,false,f81d8b52-b588-45d6-ba49-e7d53ade5bb5,Polonium-210,Elementary flows/Emission to water/surface water,kBq,elementary,,,
2421,false,d6c18bde-c28f-58e5-9c83-1e02b8be30ed,Cinidon-ethyl,Elementary flows/Emission to water/surface water,kg,elementary,,,
2422,false,b59aad72-50dd-4938-93bd-9ed99ab720af,Halosulfuron-methyl,Elementary flows/Emission to soil/agricultural,kg,elementary,,,
2423,false,029af65d-7b19-4189-9c92-81fc03909665,Bentazone,Elementary flows/Emission to water/ground water,kg,elementary,,,
2424,false,2f298808-c928-5f94-af08-c405cd38901a,Fipronil,Elementary flows/Emission to air/low population density,kg,elementary,,,
2425,false,d12347c3-71b1-5900-9386-39df6d0004dc,Cypermethrin,Elementary flows/Emission to water/unspecified,kg,elementary,,,
2426,false,ffaaffd3-5deb-4508-9e5f-e47f551ac2b8,Beta-cyfluthrin,Elementary flows/Emission to air/low population density,kg,elementary,,,
2427,false,95ad40ec-c34b-49fc-a7dc-0e13172ac105,Barium II,Elementary flows/Emission to water/ocean,kg,elementary,,,
2428,false,8995fe87-451e-57fb-83bb-fa0b0c52284e,Foramsulfuron,Elementary flows/Emission to soil/forestry,kg,elementary,,,
2429,false,79a87f98-0b00-4e7e-86f8-70667307f696,2-Methyl-2-butene,Elementary flows/Emission to air/high population density,kg,elementary,,,
2430,false,2208ba07-373b-56a5-a2e3-8e770a4bc9a8,Fluxapyroxad,Elementary flows/Emission to water/unspecified,kg,elementary,,,
2431,false,258d63df-d925-4461-8b00-a54d10f41b22,Isophorondiisocyanate,Elementary flows/Emission to water/unspecified,kg,elementary,,,
2432,false,59e05e46-aeee-4b33-8878-746810c16cbf,Methyl acrylate,Elementary flows/Emission to water/surface water,kg,elementary,,,
2433,false,99e1284e-58fc-4652-bc24-b796b858b24e,"2,4-D ester",Elementary flows/Emission to air/low population density,kg,elementary,,,
2434,false,d22d803d-a281-4821-8a6c-e79b75641eae,Dichlorprop,Elementary flows/Emission to water/ground water,kg,elementary,,,
2435,false,ad35d595-b239-52f1-a5fa-f190f1e4457d,Clodinafop-propargyl,Elementary flows/Emission to soil/forestry,kg,elementary,,,
2436,false,c36056d2-5101-4198-b13b-fdc0a8cf27ee,Uranium-238,Elementary flows/Emission to air/unspecified,kBq,elementary,,,
2437,false,d976062e-565d-4d61-933e-545c9d020f0a,Fluorine,"Elementary flows/Emission to air/low population density, long-term",kg,elementary,,,
2438,false,1f448f00-fea0-589f-acc7-537ccfeecbb1,Fluoxastrobin,Elementary flows/Emission to soil/forestry,kg,elementary,,,
2439,false,e863adf6-88ba-54ab-b4a6-947aa3e0e237,"Pesticides, unspecified",Elementary flows/Emission to soil/unspecified,kg,elementary,,,
2440,false,b4604f84-4a09-412e-86ed-078533d9da5d,Acetonitrile,Elementary flows/Emission to water/surface water,kg,elementary,,,
2441,false,23f4021a-5b2d-4e16-ba87-76e871b32392,Dimethomorph,Elementary flows/Emission to soil/agricultural,kg,elementary,,,
2442,false,15274dcf-e831-521a-b26b-c6592186d613,Pirimicarb,Elementary flows/Emission to water/surface water,kg,elementary,,,
2443,false,fd153f15-1d16-410a-91fa-04d205e36c43,Copper ion,"Elementary flows/Emission to air/low population density, long-term",kg,elementary,,,
2444,false,9cf9bf0e-86fe-42c0-90cc-bfed96fbdc8f,"1,1-Difluoroethane",Elementary flows/Emission to air/unspecified,kg,elementary,,,
2445,false,92274545-05d8-5529-babc-fdbe2cb5ee33,Tebuthiuron,Elementary flows/Emission to soil/forestry,kg,elementary,,,
2446,false,41f1c775-e6f1-56fb-960f-47761720a7d0,Metribuzin,Elementary flows/Emission to soil/forestry,kg,elementary,,,
2447,false,bb9d7313-0d70-553e-81b7-5d75335456de,Iodosulfuron-methyl-sodium,Elementary flows/Emission to water/surface water,kg,elementary,,,
2448,false,f9f2a3f1-619c-5c9f-8fde-b05625e8baeb,Topramezone,Elementary flows/Emission to soil/agricultural,kg,elementary,,,
2449,false,7344d479-593d-459a-8eab-b3686ba8d6cd,Benzo(b)fluoranthene,Elementary flows/Emission to air/low population density,kg,elementary,,,
2450,false,8c799c70-11a8-58f0-8281-8d6e99f52042,Amisulbrom,Elementary flows/Emission to soil/agricultural,kg,elementary,,,
2451,false,85466e0f-e5b5-4084-9338-59e317f7cb09,Lithium I,Elementary flows/Emission to air/high population density,kg,elementary,,,
2452,false,658441e6-f7a0-4ce5-bbe7-329a2a9e31c8,Quinclorac,Elementary flows/Emission to soil/agricultural,kg,elementary,,,
2453,false,7ae387da-8a0f-4931-97d4-49e93c0f5482,Thallium I,Elementary flows/Emission to water/ocean,kg,elementary,,,
2454,false,c10f1360-e1dc-44fa-8c2d-00bdd8524724,Azinphos-methyl,Elementary flows/Emission to soil/agricultural,kg,elementary,,,
2455,false,fa39136e-1ef6-43c1-af68-104da104568d,Antimony ion,"Elementary flows/Emission to air/low population density, long-term",kg,elementary,,,
2456,false,9dc481e4-e4cd-4cb1-a03e-d539f774e958,Acenaphthylene,Elementary flows/Emission to water/ocean,kg,elementary,,,
2457,false,16ab4f8f-e8d0-5b7c-9827-41e70d5fe6c5,Tebuthiuron,Elementary flows/Emission to water/ground water,kg,elementary,,,
2458,false,3a3489d9-0d1f-4fb1-910a-1fdc7f1e4f71,Scandium,"Elementary flows/Emission to air/low population density, long-term",kg,elementary,,,
2459,false,10b69d7a-018d-44c6-9a5e-e67fc9475b86,Terpenes,Elementary flows/Emission to air/low population density,kg,elementary,,,
2460,false,3556f83e-5767-41f9-b29a-5b2e7d59a95b,Butyl acrylate,Elementary flows/Emission to water/unspecified,kg,elementary,,,
2461,false,b0c3054b-6d71-42b1-8575-704c4d049180,Phosphoric acid,Elementary flows/Emission to air/low population density,kg,elementary,,,
2462,false,4af69e93-b74b-4094-ab4f-4c24897f1e77,Triclopyr,Elementary flows/Emission to water/surface water,kg,elementary,,,
2463,false,e3b7b5aa-514e-430e-9544-07d8f5b8d494,Boron,Elementary flows/Emission to soil/unspecified,kg,elementary,,,
2464,true,7d5b5802-3698-4be8-98f8-ab7c1a2e9328,"Transformation, from dump site, slag compartment",Elementary flows/Resource/land,m2,elementary,,,
2465,false,d4d4c6e2-5dad-55dc-b3f6-4b99d35d49d4,Pyrimethanil,Elementary flows/Emission to soil/forestry,kg,elementary,,,
2466,false,ec2c6f72-1ca3-428b-90e5-e9feb4b58381,Chloroform,Elementary flows/Emission to water/surface water,kg,elementary,,,
2467,false,8a0f9d4c-cf90-5c89-a79d-2926cc516521,Copper oxychloride,Elementary flows/Emission to soil/agricultural,kg,elementary,,,
2468,false,06b8a67f-5044-4060-be71-04e1dfc31e24,Chlorothalonil,Elementary flows/Emission to soil/agricultural,kg,elementary,,,
2469,false,0cdaaa7e-3c23-419d-8ad5-12dc93c2e1e3,Tritium,Elementary flows/Emission to air/low population density,kBq,elementary,,,
2470,false,b700cb75-eeff-444c-aabc-ea4dbd7a630e,Fenoxaprop ethyl ester,Elementary flows/Emission to soil/agricultural,kg,elementary,,,
2471,false,091d8157-f865-4858-8ceb-0a49ac84614b,Argon-41,Elementary flows/Emission to air/low population density,kBq,elementary,,,
2472,false,714732d3-61e1-4bad-a4e3-a4f3573d8bc6,Thorium-228,Elementary flows/Emission to water/surface water,kBq,elementary,,,
2473,false,a84148b4-4ca4-50bf-b4d4-32de99ee1a56,Prosulfocarb,Elementary flows/Emission to air/low population density,kg,elementary,,,
2474,false,8638150a-6413-4a26-9a97-c9fc2bbef19b,Triflusulfuron-methyl,Elementary flows/Emission to soil/agricultural,kg,elementary,,,
2475,false,476ff60f-c2a2-43d6-bbe7-b4c4eea6960a,Carbonyl sulfide,Elementary flows/Emission to air/unspecified,kg,elementary,,,
2476,false,abcbc5ab-2f85-4da1-9bf0-5db48390a6ea,Pyriproxyfen,Elementary flows/Emission to soil/agricultural,kg,elementary,,,
2477,false,4ca972c9-abdf-5ab6-b97e-7f701a41fde1,Clothianidin,Elementary flows/Emission to soil/forestry,kg,elementary,,,
2478,true,0782d8ff-80e5-47a7-a2ba-3ba40ab60b60,"Transformation, from wetland, inland (non-use)",Elementary flows/Resource/land,m2,elementary,,,
2479,false,282eeb45-e6b8-5bf1-9010-316fb20b87d9,Pyroxasulfone,Elementary flows/Emission to soil/agricultural,kg,elementary,,,
2480,false,2213b951-1c93-5ae4-85b4-f4555a2dcd66,Cupric chloride dihydrate,Elementary flows/Emission to soil/agricultural,kg,elementary,,,
2481,false,1a217018-e3e5-499c-9eb5-5aacb9e6ae9a,Magnesium,Elementary flows/Emission to water/ocean,kg,elementary,,,
2482,true,59ded913-17fe-4b3e-80cb-79b97cdbef9a,"Occupation, pasture, man made",Elementary flows/Resource/land,m2*a,elementary,,,
2483,false,1e2cb293-9e74-5f9f-844f-dec19054e37a,Desmedipham,Elementary flows/Emission to air/low population density,kg,elementary,,,
2484,false,b1945566-c8ad-4d48-9135-c39eedde1e63,Methylamine,Elementary flows/Emission to water/surface water,kg,elementary,,,
2485,false,d768eeb6-a47a-5651-90ba-a27cd61f9bf0,Fludioxonil,Elementary flows/Emission to air/low population density,kg,elementary,,,
2486,false,747c9e06-8268-50d3-bc58-81a9dc4fbb87,Zoxamide,Elementary flows/Emission to soil/forestry,kg,elementary,,,
2487,false,4b4530b5-89d5-4127-b8a5-96fc50972e26,Cu-HDO,Elementary flows/Emission to water/unspecified,kg,elementary,,,
2488,false,da3b34bf-c5dc-5281-935e-0670f1b5fd28,Fluoxastrobin,Elementary flows/Emission to water/surface water,kg,elementary,,,
2489,false,e7d1072e-68ab-4fb4-b141-feb865e3082d,Parathion,Elementary flows/Emission to soil/agricultural,kg,elementary,,,
2490,false,c9125373-0841-4515-9eaf-1bf9a49d51f8,Fluazinam,Elementary flows/Emission to soil/agricultural,kg,elementary,,,
2491,false,e40fb8b9-a290-44df-9d22-71a164f0c2d9,m-Xylene,Elementary flows/Emission to water/surface water,kg,elementary,,,
2492,false,4c1ecb5f-c2b7-59fe-91ff-732f37002767,Mesosulfuron,Elementary flows/Emission to soil/forestry,kg,elementary,,,
2493,false,125cffa2-ba58-5995-8645-24e7789cdccc,Haloxyfop-ethoxyethyl,Elementary flows/Emission to water/ground water,kg,elementary,,,
2494,true,928ba839-d6e5-4d1e-b5fd-122998a9bbe2,"Transformation, from seabed, unspecified",Elementary flows/Resource/land,m2,elementary,,,
2495,false,7a35cc5e-9093-4ef6-bf78-37221ebcb1bb,Potassium-40,Elementary flows/Emission to water/surface water,kBq,elementary,,,
2496,true,e9007a6f-7244-44d4-a561-91ae1b6c6cfc,"Occupation, permanent crop",Elementary flows/Resource/land,m2*a,elementary,,,
2497,false,b9fe0ddd-a0e6-5970-9384-da4d2ac1f4f4,Chloridazon,Elementary flows/Emission to water/surface water,kg,elementary,,,
2498,false,365010c0-d4dd-4281-a1a7-7e2302c4105f,Orbencarb,Elementary flows/Emission to soil/agricultural,kg,elementary,,,
2499,true,eead2933-c2be-4a53-a0bd-bd33b67e4145,Borax,Elementary flows/Resource/in ground,kg,elementary,,,
2500,false,e4526360-b2a1-4e77-9f00-57dbfe228bde,1-Pentanol,Elementary flows/Emission to water/surface water,kg,elementary,,,
2501,false,377e0c47-28cc-4280-b790-0b4601340748,"1,4-Diethylbenzene",Elementary flows/Emission to water/unspecified,kg,elementary,,,
2502,false,52a00fec-4289-485c-a56e-380de43e1b97,Trifloxystrobin,Elementary flows/Emission to water/surface water,kg,elementary,,,
2503,false,6b3026ac-76b1-493d-bbcc-1281ac24905e,Propargite,Elementary flows/Emission to soil/agricultural,kg,elementary,,,
2504,false,13be989f-9a8e-420d-b27d-47c3565eb77c,Piperonyl butoxide,Elementary flows/Emission to soil/agricultural,kg,elementary,,,
2505,false,822671bf-a774-41bb-a0ff-681e6a1adca3,Imidacloprid,Elementary flows/Emission to water/surface water,kg,elementary,,,
2506,false,373c3829-2b94-5cf4-8104-1cf516c20361,Hexachlorobenzene,Elementary flows/Emission to water/unspecified,kg,elementary,,,
2507,false,03b575db-f3ec-587b-bb22-5b20f3949902,Pyraflufen-ethyl,Elementary flows/Emission to soil/forestry,kg,elementary,,,
2508,false,9d95796e-84c7-4a73-aaba-8ad4f664e58f,Xenon-133m,Elementary flows/Emission to air/low population density,kBq,elementary,,,
2509,false,2c43033a-5567-5a95-aa61-fd637d38dd2a,Simazine,Elementary flows/Emission to water/ground water,kg,elementary,,,
2510,false,7294c36c-23c3-5213-a742-71ed9340e16d,Monopotassium phosphite,Elementary flows/Emission to soil/agricultural,kg,elementary,,,
2511,false,da294b11-7bb3-50be-bd68-0f0cb0834565,Amidosulfuron,Elementary flows/Emission to air/low population density,kg,elementary,,,
2512,false,ded0a94e-7416-59e1-9d56-36a67e24ce39,Pendimethalin,Elementary flows/Emission to soil/forestry,kg,elementary,,,
2513,false,10a891e7-350a-4cba-a8c0-6742db7f3777,Phenoxy compounds,Elementary flows/Emission to air/low population density,kg,elementary,,,
2514,false,1e085a38-e9b4-56b7-9bf3-e0efa3399013,Florasulam,Elementary flows/Emission to soil/forestry,kg,elementary,,,
2515,false,3ef181ac-f85b-5e37-a385-e7f0108cc968,Prosulfocarb,Elementary flows/Emission to soil/forestry,kg,elementary,,,
2516,false,ea5d46c7-81dc-53a3-92c1-7a266f6d4a35,Flupyrsulfuron-methyl sodium,Elementary flows/Emission to water/surface water,kg,elementary,,,
2517,false,c89873de-cd23-4323-a948-f5cfeebd2fc9,Nickel II,"Elementary flows/Emission to air/low population density, long-term",kg,elementary,,,
2518,false,c8791f3c-3c4a-4278-91c0-483797d14da2,Phosphate,Elementary flows/Emission to water/unspecified,kg,elementary,,,
2519,false,865f863b-8d32-47fa-94db-ee56dc6bb923,Tefluthrin,Elementary flows/Emission to water/surface water,kg,elementary,,,
2520,false,d2d4b344-3c58-4b0c-868a-ac0bdb2027dc,Tetrachloroethylene,Elementary flows/Emission to air/high population density,kg,elementary,,,
2521,false,7f145d32-3ea5-5274-9938-be6a28433aa1,Benthiavalicarb,Elementary flows/Emission to air/low population density,kg,elementary,,,
2522,false,583d89a5-4f69-5e5d-b3fe-4e5a7e00f321,Thiamethoxam,Elementary flows/Emission to water/ground water,kg,elementary,,,
2523,false,2cbe35d9-052c-4fe8-8eb2-08769f10b2c7,Formic acid,Elementary flows/Emission to air/high population density,kg,elementary,,,
2524,false,c0f2ec91-162c-4706-b08c-9aa212fbe176,Cinidon-ethyl,Elementary flows/Emission to soil/agricultural,kg,elementary,,,
2525,false,3d7e26d4-d1a8-5681-8e99-a7bbf25f0e97,"Pesticides, unspecified",Elementary flows/Emission to water/ground water,kg,elementary,,,
2526,false,4291a171-306d-5436-bb5c-6d128908611c,Flufenacet,Elementary flows/Emission to water/surface water,kg,elementary,,,
2527,false,8812d43d-8302-4adc-95da-8338976e56a6,Bicarbonate,Elementary flows/Emission to water/ocean,kg,elementary,,,
2528,false,024e919d-91ee-47c7-9f0b-ebe851cc61fb,Chlorate,Elementary flows/Emission to water/unspecified,kg,elementary,,,
2529,false,35c3be63-5050-4adb-a379-ac429c12082e,Clodinafop-propargyl,Elementary flows/Emission to water/surface water,kg,elementary,,,
2530,false,fd9a5a38-992d-4c53-9b0f-16a69d37fb54,Arsine,Elementary flows/Emission to air/high population density,kg,elementary,,,
2531,false,b03642f4-8fa3-44df-ba91-7bcf5677d9a7,Cadmium II,Elementary flows/Emission to soil/forestry,kg,elementary,,,
2532,true,ebb16be1-8db3-42a2-8123-418787422cfe,"Transformation, to seabed, unspecified",Elementary flows/Resource/land,m2,elementary,,,
2533,false,15742e1a-1434-5cce-8912-72bac6e7b60a,Carbendazim,Elementary flows/Emission to air/low population density,kg,elementary,,,
2534,false,958f4c12-7cfb-5662-afda-75ac755de94e,Cyazofamid,Elementary flows/Emission to soil/agricultural,kg,elementary,,,
2535,false,b912f4b4-34ac-4ec1-aba1-01b9c83683e5,Radium-226,Elementary flows/Emission to air/unspecified,kBq,elementary,,,
2536,false,a4c31e2a-915e-4ab2-accd-d3ae93d2e01e,Titanium ion,Elementary flows/Emission to water/unspecified,kg,elementary,,,
2537,false,42a0a7a8-15a5-58d6-b9c6-ea7d56d1d089,Tritosulfuron,Elementary flows/Emission to soil/agricultural,kg,elementary,,,
2538,false,5c97dd6c-aaa5-4477-aaf8-dbd0674499c4,Carbon tetrachloride,Elementary flows/Emission to air/high population density,kg,elementary,,,
2539,false,c3da8456-e466-5995-afe8-38c47a500d0d,Novaluron,Elementary flows/Emission to soil/forestry,kg,elementary,,,
2540,false,04857dfb-d393-5fd5-a9a1-bd30391982c0,Methiocarb,Elementary flows/Emission to soil/forestry,kg,elementary,,,
2541,false,5253e322-7de5-42aa-9167-daf22ff44031,"1,1,1-Trifluoroethane",Elementary flows/Emission to air/low population density,kg,elementary,,,
2542,false,ce6294f5-2ed7-46ee-a967-33e265e34455,"1,1,1-Trichloroethane",Elementary flows/Emission to air/unspecified,kg,elementary,,,
2543,true,d13b2665-505d-49e2-8edd-dc966b0342af,Platinum,Elementary flows/Resource/in ground,kg,elementary,,,
2544,false,148e1b9b-8c43-5022-a5d8-f7fc434ab2f7,Clothianidin,Elementary flows/Emission to air/low population density,kg,elementary,,,
2545,false,2b6c2cee-deb2-49f1-a552-a666a41fc14e,"Fungicides, unspecified",Elementary flows/Emission to soil/agricultural,kg,elementary,,,
2546,false,f065a444-e094-5636-a91b-676e42c82944,Bifenthrin,Elementary flows/Emission to water/ground water,kg,elementary,,,
2547,false,0367c22a-f1f5-48bc-8dea-95e784d19df2,Boron trifluoride,Elementary flows/Emission to air/high population density,kg,elementary,,,
2548,true,e16fd15c-0ebc-55ba-8d3b-9704f13663cb,Arsenic,Elementary flows/Resource/in ground,kg,elementary,,,
2549,false,fbf6ab3a-74e3-4cbe-b61d-959728bdce46,Chloroform,Elementary flows/Emission to air/unspecified,kg,elementary,,,
2550,false,97818104-9cc2-4323-97d5-c896ce171f86,Chloride,Elementary flows/Emission to water/ocean,kg,elementary,,,
2551,false,78ef06c6-9fd3-4237-b077-48c932547412,"Solids, inorganic",Elementary flows/Emission to water/ocean,kg,elementary,,,
2552,false,47a8b1b4-d9f3-4dee-b47a-dac7e75cccbc,"Radioactive species, Nuclides, unspecified",Elementary flows/Emission to water/surface water,kBq,elementary,,,
2553,false,78bf32b7-da66-5c6d-a3de-81965a6ae10a,Beta-cyfluthrin,Elementary flows/Emission to water/ground water,kg,elementary,,,
2554,false,cbd70647-6237-462a-9d01-d197a8b08506,Nitrate,Elementary flows/Emission to air/low population density,kg,elementary,,,
2555,false,12e2fffe-08cd-451c-ad46-0b0a5db3c9ba,Mandipropamid,Elementary flows/Emission to soil/agricultural,kg,elementary,,,
2556,false,dbdc3ea8-cc2b-4dbe-82b9-e954e333281d,Vanadium V,Elementary flows/Emission to water/ocean,kg,elementary,,,
2557,false,047dd1b5-69c2-542a-bd2d-8fb88d196e24,Abamectin,Elementary flows/Emission to water/unspecified,kg,elementary,,,
2558,false,e01a738b-b58e-528d-8d7e-7bc2bd0e0ad1,Alkylbenzene (c10-c15),Elementary flows/Emission to air/low population density,kg,elementary,,,
2559,false,a8c90ad9-5319-54b5-abfc-bec0dbe94b7e,Fenoxaprop-P,Elementary flows/Emission to air/low population density,kg,elementary,,,
2560,false,ea348137-f175-4ec7-a6a8-a4854260659a,Carbaryl,Elementary flows/Emission to water/ground water,kg,elementary,,,
2561,false,53d671b5-3a77-5be7-9ae1-c0284e93027f,Propaquizafop,Elementary flows/Emission to soil/forestry,kg,elementary,,,
2562,false,f6f5933a-5119-41aa-a5ec-7919706c59f2,"Chlorinated solvents, unspecified",Elementary flows/Emission to water/unspecified,kg,elementary,,,
2563,false,e732d6dc-d502-4e03-8a5e-6c2644136b5f,Ethephon,Elementary flows/Emission to water/surface water,kg,elementary,,,
2564,false,4a786a72-4967-453c-b752-2cb1eaf73a0b,Flucarbazone sodium salt,Elementary flows/Emission to soil/agricultural,kg,elementary,,,
2565,false,fea6831b-cc85-58f4-8936-7c61fd4c0054,Maleic hydrazide,Elementary flows/Emission to air/low population density,kg,elementary,,,
2566,false,57f006f6-e406-404f-8afe-2eb891f713ad,Hypochlorite,Elementary flows/Emission to water/unspecified,kg,elementary,,,
2567,false,a3ca67e9-6231-55a0-9028-328aa7d5091f,Rimsulfuron,Elementary flows/Emission to water/surface water,kg,elementary,,,
2568,true,31417daa-cd7a-4920-9c73-708b68d494ad,"Water, in air",Elementary flows/Resource/in air,m3,elementary,,,
2569,false,35ef9eb3-94a1-461d-bba6-db939f22e0be,Bromoxynil,Elementary flows/Emission to water/surface water,kg,elementary,,,
2570,false,68f64fd1-01f5-43b4-b191-0aebfffcf293,"2,4-DB",Elementary flows/Emission to water/ground water,kg,elementary,,,
2571,false,27804c78-5eee-47f9-9a91-1f6126ccfe45,Formic acid,Elementary flows/Emission to air/unspecified,kg,elementary,,,
2572,false,f096dfa7-dbfe-51f1-a47e-99e725c1ce4c,Isoxaflutole,Elementary flows/Emission to water/surface water,kg,elementary,,,
2573,false,0017ce28-9f7a-404b-ad55-d3f43ad13cae,Benzo(ghi)perylene,Elementary flows/Emission to water/surface water,kg,elementary,,,
2574,false,59542265-cf1b-4ad9-8477-699179fe2b2b,Magnesium,"Elementary flows/Emission to air/low population density, long-term",kg,elementary,,,
2575,false,08ebf986-d40a-4538-8aa7-21da2f99edf7,Thorium-232,Elementary flows/Emission to air/unspecified,kBq,elementary,,,
2576,false,73b26c10-3c57-4732-8a36-6d1d98d6c925,Potassium I,Elementary flows/Emission to soil/unspecified,kg,elementary,,,
2577,true,86fb18d4-a425-407a-94bc-194254e4d7d7,Laterite,Elementary flows/Resource/in ground,kg,elementary,,,
2578,false,0872c80f-7a8d-5ca8-b5b0-9dab8d12e361,Fluoxastrobin,Elementary flows/Emission to air/low population density,kg,elementary,,,
2579,false,df1cc3ea-7a3c-40ca-8349-42b89ff59063,Iodosulfuron,Elementary flows/Emission to soil/agricultural,kg,elementary,,,
2580,true,31e4e26b-a997-4969-963d-243699aca3a8,"Transformation, from permanent crop, non-irrigated",Elementary flows/Resource/land,m2,elementary,,,
2581,false,cf5e52c1-b1fc-46c8-b6f9-8e085657632e,Zinc-65,Elementary flows/Emission to air/low population density,kBq,elementary,,,
2582,false,185d4f1e-6d28-551b-8951-672805c4d8e5,Decanoic acid,Elementary flows/Emission to water/unspecified,kg,elementary,,,
2583,false,aaa7a82f-7d09-48ed-8f08-8eb3c7eeb928,Oxamyl,Elementary flows/Emission to soil/agricultural,kg,elementary,,,
2584,false,98b0b2a5-8c73-4cf0-be04-a6a4e8889bb1,Methyl acetate,Elementary flows/Emission to water/surface water,kg,elementary,,,
2585,false,97afe0e8-be32-431e-94ea-a1fa5d156c76,Endothall,Elementary flows/Emission to soil/agricultural,kg,elementary,,,
2586,false,b8de5961-4e83-4731-bac1-77a4d01234a4,Vanadium V,"Elementary flows/Emission to air/low population density, long-term",kg,elementary,,,
2587,false,f7553ef8-e4f3-4b9c-98be-81fa36315648,Acetonitrile,Elementary flows/Emission to air/low population density,kg,elementary,,,
2588,false,e681e6ba-2d66-4f17-8812-e8c74bdcf7e8,Calcium II,Elementary flows/Emission to soil/unspecified,kg,elementary,,,
2589,true,35da65ff-7287-571d-b859-13d398ac5182,Praseodymium,Elementary flows/Resource/in ground,kg,elementary,,,
2590,false,debba640-3cef-5f5d-9c72-d6fc355b7afd,Spirotetramat,Elementary flows/Emission to water/surface water,kg,elementary,,,
2591,false,87f683ed-44ae-41a6-b4bc-230622f8cfef,Ethylene,Elementary flows/Emission to air/low population density,kg,elementary,,,
2592,false,30a6dd59-5d2b-5c4c-a6a3-9a3bd8ded2c9,Thiabendazole,Elementary flows/Emission to water/ground water,kg,elementary,,,
2593,false,6a767708-ccaa-461f-a81c-bb81333bd32a,Anthracene,Elementary flows/Emission to air/low population density,kg,elementary,,,
2594,false,f2e1d560-eba7-5359-8f0a-c6e429882c9a,Nicosulfuron,Elementary flows/Emission to water/surface water,kg,elementary,,,
2595,false,fc84887d-158e-4067-80dc-9743165bd70d,Arsenic ion,Elementary flows/Emission to soil/unspecified,kg,elementary,,,
2596,false,66bd4d01-8f25-52d4-87a5-206a938442ca,Fluazinam,Elementary flows/Emission to water/ground water,kg,elementary,,,
2597,false,a794b444-2b77-4449-8592-0efda101b0c2,Paraquat,Elementary flows/Emission to air/low population density,kg,elementary,,,
2598,false,a0d6d395-21b7-53ab-9340-2c89b7feb7ff,Chlorantraniliprole,Elementary flows/Emission to water/ground water,kg,elementary,,,
2599,false,a72e7983-329f-4fb7-9b05-77efe97717e4,Imazapyr,Elementary flows/Emission to soil/agricultural,kg,elementary,,,
2600,false,383570f4-fd89-5fcf-958d-d2aedb4bbd0e,Acephate,Elementary flows/Emission to water/ground water,kg,elementary,,,
2601,false,8cc320a2-800f-5512-82c3-53ab5ef1030f,Fenamidone,Elementary flows/Emission to soil/agricultural,kg,elementary,,,
2602,false,f970ac84-3896-4168-a701-c73bf475edbb,Potassium-40,Elementary flows/Emission to water/ground water,kBq,elementary,,,
2603,false,e5e6f6b7-659f-5059-931c-234d3f232036,Spirotetramat,Elementary flows/Emission to air/low population density,kg,elementary,,,
2604,true,db0c855c-e9ef-58d9-97cc-960e646fc882,Neodymium,Elementary flows/Resource/in ground,kg,elementary,,,
2605,true,6ec6a8a8-4c94-5bc5-93c5-62928fcf3935,Terbium,Elementary flows/Resource/in ground,kg,elementary,,,
2606,false,39ec593c-6c45-571f-8a6b-b76472bb4824,Maleic anhydride,Elementary flows/Emission to water/unspecified,kg,elementary,,,
2607,false,9ddac363-fb5c-5915-a074-2b9f7152fa53,Prosulfocarb,Elementary flows/Emission to water/surface water,kg,elementary,,,
2608,false,31f72435-fdbb-5dac-9887-c3ae1d92dd4b,Acetamiprid,Elementary flows/Emission to water/ground water,kg,elementary,,,
2609,false,ed751c30-a896-44f3-9a83-2a5328dde94d,Arsenic ion,"Elementary flows/Emission to air/low population density, long-term",kg,elementary,,,
2610,false,a5133000-2985-5e76-98eb-96b3903cafb3,Trinexapac-ethyl,Elementary flows/Emission to water/surface water,kg,elementary,,,
2611,false,12dde31e-f8d1-4300-be3e-859b918972ea,2-Methyl-2-butanol,Elementary flows/Emission to water/unspecified,kg,elementary,,,
2612,false,bc069d24-fbbd-4c05-8b6e-4089dc8249ae,Ammonium,Elementary flows/Emission to water/ocean,kg,elementary,,,
2613,false,d94872fb-5e1d-508f-ab8e-ac43dd1cd13d,Sulfosulfuron,Elementary flows/Emission to air/low population density,kg,elementary,,,
2614,false,93e71b71-05d4-4a44-a85a-592a6f21cf0c,Selenium IV,"Elementary flows/Emission to air/low population density, long-term",kg,elementary,,,
2615,true,5324b57a-96f1-4dc3-9dc5-544881960f4f,Spodumene,Elementary flows/Resource/in ground,kg,elementary,,,
2616,false,b0112233-dbe2-56a2-8e3a-5a81bf9be95f,Nicosulfuron,Elementary flows/Emission to air/low population density,kg,elementary,,,
2617,false,c7be600c-e8ef-4e50-b092-1f9a3aa47706,Hydrogen peroxide,Elementary flows/Emission to water/unspecified,kg,elementary,,,
2618,false,3c2c7db5-9b80-41c0-a608-737ac4f85e8d,Acetone cyanohydrin,Elementary flows/Emission to water/unspecified,kg,elementary,,,
2619,false,e36c124e-64b2-450d-b55d-f2cabf73eeff,"2,4-D dimethylamine salt",Elementary flows/Emission to water/ground water,kg,elementary,,,
2620,false,da2f6f64-5027-4bb7-95fd-e77b8cb3759b,Triethylammonium,Elementary flows/Emission to water/unspecified,kg,elementary,,,
2621,false,a6f5d736-864f-52ad-8298-1006f30ef7cf,Spiroxamine,Elementary flows/Emission to air/low population density,kg,elementary,,,
2622,false,63efc54a-c59d-452b-b7de-d52b5c8deb7e,Fluoranthene,Elementary flows/Emission to air/low population density,kg,elementary,,,
2623,false,2bcc6314-e259-5505-9fec-28476d802e4d,Triflusulfuron-methyl,Elementary flows/Emission to soil/forestry,kg,elementary,,,
2624,false,653bc242-da02-59f7-bbb2-2f36ecea4f62,Tembotrione,Elementary flows/Emission to air/low population density,kg,elementary,,,
2625,false,531edab9-d121-51db-b613-af59901258c5,Bifenthrin,Elementary flows/Emission to water/unspecified,kg,elementary,,,
2626,false,1febb3ea-a4ee-4b7d-a6e7-0c4b6da28188,Cyanide,Elementary flows/Emission to water/ocean,kg,elementary,,,
2627,true,ec242c43-095c-4b42-8907-e0f13573f0a4,"Transformation, to pasture, man made, intensive",Elementary flows/Resource/land,m2,elementary,,,
2628,true,7f9f9b59-35a0-584d-ad5e-07da01dde768,Scandium,Elementary flows/Resource/in ground,kg,elementary,,,
2629,false,6c97741f-8760-4a39-9e90-b534ca137a36,Chloride,Elementary flows/Emission to soil/unspecified,kg,elementary,,,
2630,false,979e644a-5b00-4232-a774-6ea6d70d17e5,Phenoxy compounds,Elementary flows/Emission to soil/agricultural,kg,elementary,,,
2631,false,e7505014-f2fe-4c77-b3ec-02cf5e5b6e4a,Peracetic acid,Elementary flows/Emission to water/unspecified,kg,elementary,,,
2632,false,a5562ec3-69ea-52e6-94bf-312d3f022a50,Fludioxonil,Elementary flows/Emission to water/ground water,kg,elementary,,,
2633,true,46b8b2fd-eb2a-413d-bc39-e7dc18a420ef,"Transformation, from traffic area, rail/road embankment",Elementary flows/Resource/land,m2,elementary,,,
2634,false,e87f039d-d9ce-4242-ac18-c9284cc80f3d,"1,1,1,2-Tetrafluoroethane",Elementary flows/Emission to air/unspecified,kg,elementary,,,
2635,false,d545a52e-d1b0-550d-9cfc-c55757629357,Methoxyfenozide,Elementary flows/Emission to water/unspecified,kg,elementary,,,
2636,true,061259d7-7bcc-4298-af3a-63d084191988,"Occupation, unspecified, natural (non-use)",Elementary flows/Resource/land,m2*a,elementary,,,
2637,false,f6b617b4-6ebd-5cc2-b2ea-6f91268468ff,Mecoprop-P,Elementary flows/Emission to air/low population density,kg,elementary,,,
2638,false,d17f1c53-ff95-4005-9f1b-131ca9791cdb,Chlorine,Elementary flows/Emission to water/ground water,kg,elementary,,,
2639,false,8c283de2-50d3-40c8-8bff-1e172c3398f8,Bromomethane,Elementary flows/Emission to air/unspecified,kg,elementary,,,
2640,false,4b682e57-1ec6-52c7-b95b-0faadac57ec1,Phosphorous acid,Elementary flows/Emission to soil/agricultural,kg,elementary,,,
2641,true,c7869c43-266c-429d-bfd5-6b578ed32ce8,"Transformation, from annual crop, non-irrigated, extensive",Elementary flows/Resource/land,m2,elementary,,,
2642,false,97178ead-47ba-406f-bd68-27d5fc6aa6f8,Hydrochloric acid,"Elementary flows/Emission to air/low population density, long-term",kg,elementary,,,
2643,false,a1ecc854-a399-4b01-bae2-3a88b12ed44f,Propionic acid,Elementary flows/Emission to air/unspecified,kg,elementary,,,
2644,false,84610a45-cf9d-5468-ad98-67a2fd11573f,Mesosulfuron,Elementary flows/Emission to air/low population density,kg,elementary,,,
2645,false,e9889638-ea4c-45b8-90fa-3201b43191e3,Flufenacet,Elementary flows/Emission to soil/agricultural,kg,elementary,,,
2646,false,57d8084d-08e2-4212-9abf-3f051bee142e,Tebupirimfos,Elementary flows/Emission to soil/agricultural,kg,elementary,,,
2647,false,6744b13d-2908-4725-88a3-1afd6696c899,Ioxynil,Elementary flows/Emission to soil/agricultural,kg,elementary,,,
2648,false,728a0443-2ccd-5cac-bfcc-2d542b7ebdd9,Pencycuron,Elementary flows/Emission to soil/forestry,kg,elementary,,,
2649,false,d41ee922-fa80-45e3-a317-3e9b72ee385d,"Oils, non-fossil",Elementary flows/Emission to soil/forestry,kg,elementary,,,
2650,false,18ddd879-5496-4419-8ab7-e0d3864d977d,Bromotrifluoromethane,Elementary flows/Emission to air/high population density,kg,elementary,,,
2651,false,58eea1e4-bf8e-409c-9d92-4b3d90d85ae0,Triethylene glycol,Elementary flows/Emission to water/unspecified,kg,elementary,,,
2652,false,45afb543-bc53-471e-8fc9-6ed3a5775071,Bromine,Elementary flows/Emission to soil/unspecified,kg,elementary,,,
2653,false,0f901f59-84bd-42a5-9a4c-04bd8cac7fb9,Mecoprop-P,Elementary flows/Emission to soil/agricultural,kg,elementary,,,
2654,false,25755c25-615b-546b-af93-257e82ba2f5a,Fipronil,Elementary flows/Emission to water/ground water,kg,elementary,,,
2655,true,47262180-8308-5d4c-9332-c77617e032ef,Antimony,Elementary flows/Resource/in ground,kg,elementary,,,
2656,false,9288c80d-c5b0-485d-9b12-1f4122363db4,Bentazone,Elementary flows/Emission to water/surface water,kg,elementary,,,
2657,false,594ff306-18c2-5f16-ad9b-a321ce2f9df7,Flurochloridone,Elementary flows/Emission to water/surface water,kg,elementary,,,
2658,false,a66484c5-a010-44a2-b970-fdb63919b614,Phenoxy compounds,Elementary flows/Emission to soil/forestry,kg,elementary,,,
2659,false,c22bb3fa-7792-5b06-9d66-f130b158bda6,Benzovindiflupyr,Elementary flows/Emission to soil/forestry,kg,elementary,,,
2660,false,f1f81e82-ad22-5510-9fa5-aa1c0d1b3c80,Ametoctradin,Elementary flows/Emission to soil/agricultural,kg,elementary,,,
2661,false,84386543-b148-465b-9265-ad638c12e263,Pentafluoroethane,Elementary flows/Emission to air/low population density,kg,elementary,,,
2662,false,0802edba-bea7-52d3-aad4-9c1b925cafdb,Benzovindiflupyr,Elementary flows/Emission to air/low population density,kg,elementary,,,
2663,false,80c84d04-44ae-5618-b6c8-8c3896455ecb,Fluquinconazole,Elementary flows/Emission to soil/forestry,kg,elementary,,,
2664,false,89107893-d6a6-4b60-b17e-7f4542461dfd,Propaquizafop,Elementary flows/Emission to soil/agricultural,kg,elementary,,,
2665,false,1fd12487-3082-4e34-b211-8ba77d1f51f6,Cyclohexane,Elementary flows/Emission to water/surface water,kg,elementary,,,
2666,false,618492db-c197-56f9-9b25-fcde7ba50921,Diuron,Elementary flows/Emission to water/unspecified,kg,elementary,,,
2667,false,164bfe09-3beb-5f41-801c-c868e6f64c6e,Fenpropimorph,Elementary flows/Emission to water/surface water,kg,elementary,,,
2668,false,a9870af8-ee86-51a8-8068-9d2250dea9cf,Epoxiconazole,Elementary flows/Emission to water/surface water,kg,elementary,,,
2669,false,47c12d99-c2dc-41cf-bad1-cd31c2fe0421,"1,1,2-Trichloro-1,2,2-trifluoroethane",Elementary flows/Emission to air/low population density,kg,elementary,,,
2670,false,032b609f-bee9-54e9-88b1-4502d98b22ef,Chlorimuron-ethyl,Elementary flows/Emission to water/unspecified,kg,elementary,,,
2671,false,a25e7873-b0fd-46eb-81da-e49d84c2ac25,Benomyl,Elementary flows/Emission to soil/agricultural,kg,elementary,,,
2672,false,289bb9d2-e074-5961-bca8-6ca26bc7257c,Cyprodinil,Elementary flows/Emission to soil/forestry,kg,elementary,,,
2673,false,1fe1cd2c-946d-5b0d-91af-3ed779fe42b3,Gibberellic acid,Elementary flows/Emission to soil/forestry,kg,elementary,,,
2674,false,d02904aa-dc1a-43f2-86ce-b41aa9cab47c,Benzo(a)pyrene,Elementary flows/Emission to water/unspecified,kg,elementary,,,
2675,false,b2dc8668-86de-4207-b20e-dc81dea63c98,Antimony ion,Elementary flows/Emission to water/unspecified,kg,elementary,,,
2676,false,d65a94b4-0479-42cc-8274-2db66e1e6aeb,Radium-226,Elementary flows/Emission to water/unspecified,kBq,elementary,,,
2677,false,89951b1a-9b6b-4bc7-82fc-6fc263e91936,Diethyl ether,Elementary flows/Emission to air/high population density,kg,elementary,,,
2678,false,0b2a8601-aa6e-42e9-8091-21cba87c0f0c,"2,4-DB",Elementary flows/Emission to air/low population density,kg,elementary,,,
2679,false,a9b22f5c-b3c4-5934-adf0-3514302c61d9,Flusilazole,Elementary flows/Emission to water/surface water,kg,elementary,,,
2680,false,7edf2b3a-762e-40ce-85e3-6716d8222e47,MCPB,Elementary flows/Emission to water/surface water,kg,elementary,,,
2681,false,00e73fdb-98df-4a03-8290-79931cddfd12,Lead-210,Elementary flows/Emission to air/unspecified,kBq,elementary,,,
2682,false,30c14720-e0b4-5980-b00e-eeb17da5d226,Thiophanate-methyl,Elementary flows/Emission to water/ground water,kg,elementary,,,
2683,true,e71f95a5-fd82-4128-9fd1-be3f0e85d0fc,"Transformation, from forest, extensive",Elementary flows/Resource/land,m2,elementary,,,
2684,false,8e52912d-cb22-52c0-9ded-1fc168440a17,Pinoxaden,Elementary flows/Emission to soil/agricultural,kg,elementary,,,
2685,false,3fe03409-76e1-4228-8fd7-77c4c6a0d9f3,Anthraquinone,Elementary flows/Emission to soil/agricultural,kg,elementary,,,
2686,false,6ab08314-53e1-4c4b-963f-3c6e6970273d,Chloride,Elementary flows/Emission to soil/agricultural,kg,elementary,,,
2687,false,e189eb4e-0f6a-4054-aaf8-47df28c87ec4,Caesium I,Elementary flows/Emission to water/ocean,kg,elementary,,,
2688,false,beae6d75-2c1a-56a2-9143-ac77d23bef77,Fluopicolide,Elementary flows/Emission to soil/agricultural,kg,elementary,,,
2689,false,c86da9b0-3831-51d5-9869-7041d004fb28,Chlorantraniliprole,Elementary flows/Emission to water/surface water,kg,elementary,,,
2690,false,de875382-6ef2-454c-b828-2c3a5080d39c,Fluoride,Elementary flows/Emission to soil/unspecified,kg,elementary,,,
2691,false,db77c1fe-a7e4-59e8-8d37-1ee22e58ded1,Metrafenone,Elementary flows/Emission to air/low population density,kg,elementary,,,
2692,false,415f43c0-3908-418d-95cd-fca46ec371b9,MCPB,Elementary flows/Emission to soil/agricultural,kg,elementary,,,
2693,false,f8448f5d-a27f-4fa9-a731-94cb3b9eb7f3,Spiroxamine,Elementary flows/Emission to soil/agricultural,kg,elementary,,,
2694,false,9a94962c-be98-5d0a-8327-fd6d1ce0f4f1,Novaluron,Elementary flows/Emission to soil/agricultural,kg,elementary,,,
2695,false,ae31b877-577e-5652-aa10-5e29147fb1c0,Carbendazim,Elementary flows/Emission to soil/forestry,kg,elementary,,,
2696,false,90bbd9a5-0ba0-522b-a94c-db314ea0f9c1,Diquat dibromide,Elementary flows/Emission to water/unspecified,kg,elementary,,,
2697,false,5ba98eff-ca29-42cd-80b4-d978c98b901e,Trifluralin,Elementary flows/Emission to water/surface water,kg,elementary,,,
2698,false,74eb3f02-09ec-46ce-8ee8-d67d0900136b,Cobalt II,"Elementary flows/Emission to air/low population density, long-term",kg,elementary,,,
2699,false,4ff3892e-b82d-504c-b5a4-a84873069cf0,Pyriproxyfen,Elementary flows/Emission to water/unspecified,kg,elementary,,,
2700,false,0e71868c-aab8-45aa-8495-1eb4698cc5a2,Sulfur dichloride,Elementary flows/Emission to water/unspecified,kg,elementary,,,
2701,false,dc90db73-6f27-403d-baf1-cb7e0b6cae31,Mercury II,"Elementary flows/Emission to air/low population density, long-term",kg,elementary,,,
2702,false,7e246e3a-5cff-43fc-a8e6-02d191424559,Barium II,Elementary flows/Emission to air/unspecified,kg,elementary,,,
2703,false,4885b7d2-9993-54e6-bd45-641bf6793ead,Propiconazole,Elementary flows/Emission to water/unspecified,kg,elementary,,,
2704,false,c81ce3a6-b5eb-5b71-bcc5-60aa42b20eed,Lambda-cyhalothrin,Elementary flows/Emission to water/unspecified,kg,elementary,,,
2705,false,77887584-ddca-4920-952c-3609730e0c13,Zinc II,Elementary flows/Emission to soil/unspecified,kg,elementary,,,
2706,false,714958de-a211-4a3c-8dce-848ccb79b094,Tungsten,"Elementary flows/Emission to air/low population density, long-term",kg,elementary,,,
2707,false,837083ce-41cd-49f3-a849-d79564dac238,Lead II,Elementary flows/Emission to soil/forestry,kg,elementary,,,
2708,false,9b132374-dce2-4ce0-86aa-53201b30f617,"1,1,2-Trichloro-1,2,2-trifluoroethane",Elementary flows/Emission to air/high population density,kg,elementary,,,
2709,false,232f0aae-8afd-5769-ad9b-dc4e06b40544,Mecoprop-P,Elementary flows/Emission to soil/forestry,kg,elementary,,,
2710,false,29bb09a9-cfef-419e-8322-88e2f6bc0558,Bentazone,Elementary flows/Emission to air/low population density,kg,elementary,,,
2711,false,1d6fd69b-672f-43f2-86a9-13277f83f3cd,Fluquinconazole,Elementary flows/Emission to water/surface water,kg,elementary,,,
2712,false,52be5a94-fe48-4ec3-b694-44d08262bbad,Glufosinate ammonium,Elementary flows/Emission to soil/agricultural,kg,elementary,,,
2713,false,8b0a4a41-c65c-4d94-b10c-94ddb98abdd2,Phosphorus,Elementary flows/Emission to soil/unspecified,kg,elementary,,,
2714,false,a7c51a7f-0455-5d4f-a937-91bb487974ec,Cymoxanil,Elementary flows/Emission to soil/forestry,kg,elementary,,,
2715,false,9ee7f4ab-b826-47ae-8623-e138f944b42e,Lead II,"Elementary flows/Emission to air/low population density, long-term",kg,elementary,,,
2716,false,584642d8-ec5b-42d0-b09c-e5df918147fc,Triclopyr,Elementary flows/Emission to air/low population density,kg,elementary,,,
2717,false,ebb21cc2-3bb4-45eb-8f7f-58bf297f6431,Tribenuron-methyl,Elementary flows/Emission to soil/agricultural,kg,elementary,,,
2718,false,329d57e1-1ca2-5df0-a83b-a78b8955585b,Diquat dibromide,Elementary flows/Emission to soil/forestry,kg,elementary,,,
2719,false,630a48ab-c9f7-4bf0-9efd-9f865934c2c8,"Radioactive species, other beta emitters",Elementary flows/Emission to air/unspecified,kBq,elementary,,,
2720,false,810479f2-5c15-57e7-8758-8c4a69dc8318,Pencycuron,Elementary flows/Emission to soil/agricultural,kg,elementary,,,
2721,false,2e2a9226-1d5a-4adf-aa0f-6a4b9499e8d7,Ethylamine,Elementary flows/Emission to water/surface water,kg,elementary,,,
2722,false,bcdab235-4b5c-5935-95d3-b75643c38377,Metalaxyl-M,Elementary flows/Emission to water/ground water,kg,elementary,,,
2723,false,60ea7a31-8f27-46af-bfe5-66417f00088b,Barite,Elementary flows/Emission to water/ocean,kg,elementary,,,
2724,false,c51b4d46-c971-5ded-ba2c-960b380258cc,Thiophanate-methyl,Elementary flows/Emission to water/unspecified,kg,elementary,,,
2725,false,b5382d42-b1ee-4992-ba8d-a362b33d0401,Dichlorprop,Elementary flows/Emission to soil/agricultural,kg,elementary,,,
2726,false,7aba10bb-f9e0-4537-a3df-00bd5216e31a,Pentachlorobenzene,Elementary flows/Emission to air/low population density,kg,elementary,,,
2727,false,69b50a29-addb-455f-823d-ed2ed68e8bb5,Choline chloride,Elementary flows/Emission to soil/agricultural,kg,elementary,,,
2728,false,88871056-0c78-5df7-961e-a37788c7ccdc,Cupric hydroxide,Elementary flows/Emission to soil/agricultural,kg,elementary,,,
2729,false,8cb3d9ad-9db7-5ec6-a1d6-96d5e327c426,Emamectin benzoate,Elementary flows/Emission to water/unspecified,kg,elementary,,,
2730,false,69ecea2b-2047-588d-9fe2-3ad2fcd3431f,Tebuthiuron,Elementary flows/Emission to water/unspecified,kg,elementary,,,
2731,true,9e28eac3-49f9-5a0d-a8d0-dc4e071ad9e6,Dysprosium,Elementary flows/Resource/in ground,kg,elementary,,,
2732,false,4db4cf1e-76af-486c-8e04-64c46770c818,"Dibenz(a,h)anthracene",Elementary flows/Emission to air/low population density,kg,elementary,,,
2733,false,53b9f77b-7336-5c15-9e01-62a25d3e3d75,Phosgene,Elementary flows/Emission to air/unspecified,kg,elementary,,,
2734,false,bbbabf07-ab48-565c-a1d8-88aa6c970eea,Linuron,Elementary flows/Emission to soil/forestry,kg,elementary,,,
2735,false,a4550604-95b4-5226-a87c-7d3fba511b41,Mesosulfuron,Elementary flows/Emission to soil/agricultural,kg,elementary,,,
2736,false,39b3200d-f95a-413a-9c96-6d90345d9dca,Caesium-134,Elementary flows/Emission to air/low population density,kBq,elementary,,,
2737,false,9dfca7f3-e1ac-52c6-b325-8451879e2f1d,Alkylbenzene (c10-c15),Elementary flows/Emission to soil/agricultural,kg,elementary,,,
2738,false,b10642d6-cd29-4cf0-9ebe-755902c9a3ae,Myclobutanil,Elementary flows/Emission to soil/agricultural,kg,elementary,,,
2739,false,2f19a0af-a516-4f89-88ba-4c6b7cd52650,Nitrite,Elementary flows/Emission to water/ocean,kg,elementary,,,
2740,true,d16c8806-7701-4fbb-b68d-9b2d5d083d7a,Carnallite,Elementary flows/Resource/in water,kg,elementary,,,
2741,true,062a6faf-b1a5-4a6a-aa02-47ae3ec566a8,"Occupation, traffic area, rail network",Elementary flows/Resource/land,m2*a,elementary,,,
2742,false,b13777bb-a8b6-4be4-8f6b-675ac75f31b2,Xenon-131m,Elementary flows/Emission to air/low population density,kBq,elementary,,,
2743,false,bea20bfa-cbae-5fe3-9cf0-da4e0d235481,Bixafen,Elementary flows/Emission to soil/agricultural,kg,elementary,,,
2744,false,85807a72-053a-48bf-8604-47b242211d1f,Chlorimuron-ethyl,Elementary flows/Emission to air/low population density,kg,elementary,,,
2745,false,a80c3322-ca19-5c93-943b-a42e37e7fd13,Laminarin,Elementary flows/Emission to soil/agricultural,kg,elementary,,,
2746,false,3166d308-cc57-4d31-b42e-63c7eada821f,Abamectin,Elementary flows/Emission to soil/agricultural,kg,elementary,,,
2747,false,3564b893-744f-326d-a75d-a086409ef6ca,Water,Elementary flows/Emission to water/unspecified,kg,elementary,,,
2748,true,0c6d244f-6086-3c6e-bd96-f287f8bb74f7,"Water, cooling, unspecified natural origin/m3",Elementary flows/Resource/in water,m3,elementary,,,
2749,false,b01462dc-5676-4b86-a3f6-bed1055e0e6b,"Suspended solids, unspecified",Elementary flows/Emission to water/fresh water,kg,elementary,,,
2750,true,19aab6f1-1672-3234-8388-12b718220714,"Water, unspecified natural origin/m3",Elementary flows/Resource/in water,m3,elementary,,,
2751,false,5125318a-2e7b-4d2d-a2c9-071fba71cd3a,Sodium,Elementary flows/Emission to water/ocean,kg,elementary,,,
2752,false,ed3fdab8-6123-4c08-a25b-0a74a7fa779a,Water,Elementary flows/Emission to water/ocean,kg,elementary,,,
2753,false,51c35cf0-3417-4d42-936f-9a6fd7a2638a,"Suspended solids, unspecified",Elementary flows/Emission to water/ground water,kg,elementary,,,
2754,true,a76ab6e5-c67b-35b1-963a-5dc06af130e4,"Gas, mine, off-gas, process, coal mining/m3",Elementary flows/Resource/in ground,m3,elementary,,,
2755,false,583eec00-1480-4cd7-8670-31eaf94053ad,Manganese,Elementary flows/Emission to water/ground water,kg,elementary,,,
2756,true,12264257-7f8b-4afe-b3cb-3ac28ca1661a,"Transformation, from unknown",Elementary flows/Resource/land,m2,elementary,,,
2757,false,f2b5acd3-d019-4bab-bbf5-5e40a247059a,Nickel,Elementary flows/Emission to water/ground water,kg,elementary,,,
2758,true,0c755f21-5270-3341-9239-4f4fd780e143,"Water, well",Elementary flows/Resource/in water,m3,elementary,,,
2759,false,6c204f18-769f-4195-ab7a-c57138034aec,Iron,Elementary flows/Emission to water/ground water,kg,elementary,,,
2760,false,0c2efb61-ac49-4ff1-9f66-7f1aff286b5e,Sulfur,Elementary flows/Emission to water/fresh water,kg,elementary,,,
2761,true,26e62e38-880d-3c67-a705-33aa05ca78e3,"Water, fossil",Elementary flows/Resource/in water,m3,elementary,,,
2762,false,14855254-9651-473b-92a2-1d0e4438ddbd,Nitrogen,Elementary flows/Emission to water/fresh water,kg,elementary,,,
2763,false,85cc4ef6-5fa2-3a1e-809d-3502836bf657,Chemically polluted water,Elementary flows/Emission to water/unspecified,kg,elementary,,,
2764,false,9a18c383-d624-3134-9357-08a774408831,"Water, US",Elementary flows/Emission to water/unspecified,m3,elementary,,,
2765,false,08ace03b-27d9-4bf1-bf4d-cbe177992052,"DOC, Dissolved Organic Carbon",Elementary flows/Emission to water/fresh water,kg,elementary,,,
2766,false,9d73edf8-57c4-443b-80bd-e7cfaeeb93e0,"TOC, Total Organic Carbon",Elementary flows/Emission to water/fresh water,kg,elementary,,,
2767,true,45fa090d-ec34-3e43-b374-bf56e72ad973,"Water, unspecified natural origin, US",Elementary flows/Resource/in water,m3,elementary,,,
2768,false,b3cfad3f-b7da-490b-a491-8507a1bb7c4b,"COD, Chemical Oxygen Demand",Elementary flows/Emission to water/fresh water,kg,elementary,,,
2769,false,4574cd53-77cc-4540-827b-5736dda9c4d7,"BOD5, Biological Oxygen Demand",Elementary flows/Emission to water/fresh water,kg,elementary,,,
2770,false,e611414e-1245-3c07-b7c4-6971ee4bf4bc,"Water, AU",Elementary flows/Emission to air/unspecified,kg,elementary,,,
2771,false,dfbe093a-f470-4ae7-a207-50444f1f23f1,"Heat, waste",Elementary flows/Emission to soil/unspecified,MJ,elementary,,,
2772,false,1ef5b43a-c846-4942-ba9d-2d2686063eff,Arsenic ion,Elementary flows/Emission to air/high population density,kg,elementary,,,
2773,false,b8823bae-a149-44d7-825b-30708a97cb5f,Silicon,Elementary flows/Emission to water/unspecified,kg,elementary,,,
2774,true,6b7c3ba0-daa7-3fef-a2e1-f11f3c4bcfab,"Wood, unspecified, standing/m3",Elementary flows/Resource/unspecified,m3,elementary,,,
2775,false,5fb7fbc0-e7d1-4be5-a194-ec5ef5fb4f64,Aluminium III,Elementary flows/Emission to water/fresh water,kg,elementary,,,
2776,false,e1ea501a-7c9f-4cc6-a194-22543ab1b941,"Acidity, unspecified",Elementary flows/Emission to water/fresh water,kg,elementary,,,
2777,true,a4b01216-5a08-4078-b5fd-16e437929eb9,Aluminium III,Elementary flows/Resource/in ground,kg,elementary,,,
2778,false,b713c6cf-2a23-40f6-8e8d-ef5175d16bd0,Carbonate,Elementary flows/Emission to water/fresh water,kg,elementary,,,
2779,true,093ee058-47f9-3e35-8fef-0cd2f536f7b0,Calcite,Elementary flows/Resource/in ground,kg,elementary,,,
2780,false,ac25fbf1-2fa6-41dd-80b9-a9bc1cdb2c19,Bromate,Elementary flows/Emission to water/fresh water,kg,elementary,,,
2781,false,fadaaa0e-6cd2-43af-b3fd-4f3b92ca72e2,Phenol,Elementary flows/Emission to water/fresh water,kg,elementary,,,
2782,false,4d11b9d2-f8b4-413f-822f-141d7ae493d8,Phosphorus,Elementary flows/Emission to water/fresh water,kg,elementary,,,
2783,false,ca347524-6865-416f-95b5-76e086b46fd7,Chloride,Elementary flows/Emission to water/fresh water,kg,elementary,,,
2784,false,5c713f70-cf9f-4854-bd25-28c6f1082868,Chlorine,Elementary flows/Emission to water/fresh water,kg,elementary,,,
2785,false,f069e9b3-0fb0-4e2c-adc7-bb7df6580cc7,Magnesium,Elementary flows/Emission to water/fresh water,kg,elementary,,,
2786,true,79df5650-160a-4ab7-a14f-cc8162877f4a,"Copper, 0.99% in sulfide, Cu 0.36% and Mo 8.2E-3% in crude ore",Elementary flows/Resource/in ground,kg,elementary,,,
2787,false,e2c3a1e9-f431-4936-a6d5-24c7f6552885,"Ethane, 1,2-dichloro-",Elementary flows/Emission to water/fresh water,kg,elementary,,,
2788,false,7213c990-49f1-4416-b154-64fba3771f50,Zinc II,Elementary flows/Emission to water/fresh water,kg,elementary,,,
2789,false,550eaab3-16d8-3b28-a1a1-5aa018fd394c,"Carbon monoxide, non-fossil",Elementary flows/Emission to air/high population density,kg,elementary,,,
2790,false,26fd0df4-74ca-4144-b632-6e6f5f6d07b1,Ammonium,Elementary flows/Emission to water/fresh water,kg,elementary,,,
2791,false,78443a3c-a25a-47bc-a1a1-48d2a57e04df,Arsenic ion,Elementary flows/Emission to water/fresh water,kg,elementary,,,
2792,true,e47e4e5f-6528-413d-a8fb-1cd1875fbd73,"Nickel, 1.98% in silicates, 1.04% in crude ore",Elementary flows/Resource/in ground,kg,elementary,,,
2793,true,19fafab5-f4a8-380e-9d9d-1b873e20cfee,Sand,Elementary flows/Resource/in ground,kg,elementary,,,
2794,false,a1faf981-6b10-45c6-87c0-86bff464c0d6,Fluoride,Elementary flows/Emission to water/fresh water,kg,elementary,,,
2795,false,549b1a2a-6675-4bf9-b0d7-47a5113a9787,Strontium,Elementary flows/Emission to water/fresh water,kg,elementary,,,
2796,false,a2632dc9-f27b-4f4d-bf67-c0bab45421dd,Potassium,Elementary flows/Emission to water/fresh water,kg,elementary,,,
2797,true,08a91e70-3ddc-11dd-97f9-0050c2490048,Barite,Elementary flows/Resource/in ground,kg,elementary,,,
2798,false,80b3c2a1-af98-4dde-b298-abf7e78e38ee,Lead II,Elementary flows/Emission to water/fresh water,kg,elementary,,,
2799,true,f509a295-e2a2-37cb-b61e-94807d9be413,Clay,Elementary flows/Resource/in ground,kg,elementary,,,
2800,true,041f5cea-6556-11dd-ad8b-0800200c9a66,Phosphorus,Elementary flows/Resource/in ground,kg,elementary,,,
2801,false,b30b71c1-459c-4f65-b0aa-7d8b391a8ed4,"Hydrocarbons, unspecified",Elementary flows/Emission to water/fresh water,kg,elementary,,,
2802,false,6c445f1d-db0f-431c-a2f0-d25aa28bdfd1,Iron ion,Elementary flows/Emission to water/fresh water,kg,elementary,,,
2803,true,041ff934-6556-11dd-ad8b-0800200c9a66,Potassium chloride,Elementary flows/Resource/in ground,kg,elementary,,,
2804,false,df28f5b4-4754-4e51-ac98-31238976d7c7,Tin ion,Elementary flows/Emission to water/fresh water,kg,elementary,,,
2805,false,77b23aa4-9f0a-4d3f-8857-29ee054cdae1,Nickel II,Elementary flows/Emission to water/fresh water,kg,elementary,,,
2806,false,408b3ab9-9ef7-4535-b7eb-975d55b3c6b6,Molybdenum VI,Elementary flows/Emission to water/fresh water,kg,elementary,,,
2807,false,9e82f459-ca38-43dd-9c30-3913ed433ed8,Calcium,Elementary flows/Emission to water/fresh water,kg,elementary,,,
2808,true,ec0fa5ce-51b4-4792-a8e8-c4ee668eddc3,"TiO2, 95% in rutile, 0.40% in crude ore",Elementary flows/Resource/in ground,kg,elementary,,,
2809,true,08a91e70-3ddc-11dd-97f7-0050c2490048,Fluorspar,Elementary flows/Resource/in ground,kg,elementary,,,
2810,false,cd26472d-d670-49fd-9df2-f689a14e9892,Cadmium II,Elementary flows/Emission to water/fresh water,kg,elementary,,,
2811,true,1f30fd77-6556-11dd-ad8b-0800200c9a66,Sulfur,Elementary flows/Resource/in ground,kg,elementary,,,
2812,false,b3ab5f13-cc7b-40be-882c-936cc8697707,Chlorate,Elementary flows/Emission to water/fresh water,kg,elementary,,,
2813,false,5a3a2d9f-c3cc-4b3a-9f41-7f28cf398bf7,Benzene,Elementary flows/Emission to water/fresh water,kg,elementary,,,
2814,false,4bee7636-9d37-439a-9847-3fce996d89da,Cyanide,Elementary flows/Emission to water/fresh water,kg,elementary,,,
2815,false,e2a4c2f8-3671-47e7-8649-f5e97a4ad32e,Copper ion,Elementary flows/Emission to water/fresh water,kg,elementary,,,
2816,false,45fa8c92-6047-4bae-b70a-43a7e7730c7b,Sulfide,Elementary flows/Emission to water/fresh water,kg,elementary,,,
2817,true,15545dca-018d-4f7f-aa1f-796b707180af,Cinnabar,Elementary flows/Resource/in ground,kg,elementary,,,
2818,false,796c56b3-a863-444c-8b75-1412832af498,Sulfate,Elementary flows/Emission to water/fresh water,kg,elementary,,,
2819,false,6d5c5a51-42ce-412a-9517-d0baba8b5b99,Sodium,Elementary flows/Emission to water/fresh water,kg,elementary,,,
2820,false,e529c930-e3c6-4d2d-8a96-f052ec23f2e7,Mercury II,Elementary flows/Emission to water/fresh water,kg,elementary,,,
2821,false,7c84d9a4-a5bb-4fe5-95ad-b51a096a255a,Chromium III,Elementary flows/Emission to water/fresh water,kg,elementary,,,
2822,false,180520a0-34e8-4058-bac9-27cbbb32c527,Nitrate,Elementary flows/Emission to water/fresh water,kg,elementary,,,
2823,false,d3a50c57-7caf-4400-87f5-b0c10d69e760,Manganese II,Elementary flows/Emission to water/fresh water,kg,elementary,,,
2824,true,92b7ea9a-59d5-3486-a300-3028ea0e1538,"Rhodium, Rh 2.4E-5%, Pt 4.8E-4%, Pd 2.0E-4%, Ni 3.7E-2%, Cu 5.2E-2% in ore",Elementary flows/Resource/in ground,kg,elementary,,,
2825,false,26da57a3-0cd5-4737-afe2-c1a950f971b1,Arsenic ion,Elementary flows/Emission to air/low population density,kg,elementary,,,
2826,false,2732c215-d02a-4f48-84c5-c18ab6143d1d,"Nitrogen, organic bound",Elementary flows/Emission to water/fresh water,kg,elementary,,,
2827,false,017c1ca1-8e93-3c85-b743-c8676bfd305a,Chromium III,Elementary flows/Emission to air/low population density,kg,elementary,,,
2828,false,e69510c5-d9c6-42aa-a6cb-ff6336b3eae4,Cobalt II,Elementary flows/Emission to water/fresh water,kg,elementary,,,
2829,false,92259b90-6f92-42ec-b3f2-30775167aff7,o-Xylene,Elementary flows/Emission to air/low population density,kg,elementary,,,
2830,false,307a17c2-6434-3cf4-9527-2bd1c2288f3e,"Noise, road, lorry, average",Elementary flows/Immaterial emission/unspecified,m,elementary,,,
2831,false,025fcb20-0591-4bae-80fc-7c34e9af2e7b,Heptane,Elementary flows/Emission to air/low population density,kg,elementary,,,
2832,false,b26b758d-85cc-41b8-872c-3683caa638d1,Strontium II,Elementary flows/Emission to water/unspecified,kg,elementary,,,
2833,false,feb813f2-ff76-4f52-a966-55297494de4a,m-Xylene,Elementary flows/Emission to water/unspecified,kg,elementary,,,
2834,true,65b5162f-5ca9-4721-91cf-00a929960222,"Transformation, to sea and ocean",Elementary flows/Resource/unspecified,m2,elementary,,,
2835,true,b9a35003-86ed-45d8-b616-ef6859087b40,"Occupation, water bodies, artificial",Elementary flows/Resource/unspecified,m2*a,elementary,,,
2836,false,2feed42c-5c1a-4770-a233-6d4e0cf8f02e,Calcium,Elementary flows/Emission to water/unspecified,kg,elementary,,,
2837,false,cfba50f9-99a2-4d76-ad0f-26f23d2c842b,Propylene oxide,Elementary flows/Emission to water/fresh water,kg,elementary,,,
2838,false,0330e73b-c9ba-4440-b153-284c6a9210d0,"Hydrocarbons, aromatic",Elementary flows/Emission to water/fresh water,kg,elementary,,,
2839,false,caa6bc06-e7e6-4f08-acd3-2163db51e395,Chromium VI,Elementary flows/Emission to water/fresh water,kg,elementary,,,
2840,false,ada8c83c-995a-3fa1-bdec-36a0590efbd2,Sodium,"Elementary flows/Emission to water/ground water, long-term",kg,elementary,,,
2841,true,90e42c10-53b5-3d2f-9905-ea8b98fdcf8e,"Transformation, to water courses, artificial",Elementary flows/Resource/land,m2,elementary,,,
2842,false,6d89125e-e9b7-4d7e-a1fc-ada45dbd8815,"Carbon dioxide, land transformation",Elementary flows/Emission to air/lower stratosphere + upper troposphere,kg,elementary,,,
2843,false,97db3d38-00fc-417e-a1e8-2fd4fa7dc191,Uranium-234,Elementary flows/Emission to water/fresh water,kBq,elementary,,,
2844,false,9036f1b8-4be6-4d97-96d8-c504acdfa2f0,Butyrolactone,Elementary flows/Emission to air/high population density,kg,elementary,,,
2845,false,c941d6d0-a56c-4e6c-95de-ac685635218d,Hydrogen chloride,Elementary flows/Emission to air/unspecified,kg,elementary,,,
2846,true,9a7380d1-6e23-48ad-b35a-14bd1ecb3133,"Phosphorus, 18% in apatite, 4% in crude ore",Elementary flows/Resource/in ground,kg,elementary,,,
2847,true,c24fe83a-3170-49a3-ab67-279d34b8d920,"Transformation, to industrial area, built up",Elementary flows/Resource/unspecified,m2,elementary,,,
2848,false,2dfc14b5-0785-3155-8b1b-427810d22402,Copper ion,Elementary flows/Emission to soil/unspecified,kg,elementary,,,
2849,true,31998285-fb5c-411d-b853-ce78be2a0b49,"Copper, 1.18% in sulfide, Cu 0.39% and Mo 8.2E-3% in crude ore",Elementary flows/Resource/in ground,kg,elementary,,,
2850,true,ff741136-d6ee-444a-a15b-3b308e376db8,"Gold, Au 1.1E-4%, Ag 4.2E-3%, in ore",Elementary flows/Resource/in ground,kg,elementary,,,
2851,false,0c209634-80bb-4909-8442-3189b7cb01d7,Isoprene,Elementary flows/Emission to air/unspecified,kg,elementary,,,
2852,false,febf61e5-5772-4a92-a047-bfca7965395b,2-Methyl-1-propanol,Elementary flows/Emission to water/fresh water,kg,elementary,,,
2853,false,43ea452a-a55c-3abc-ac05-8702536a1749,Acrylate,Elementary flows/Emission to water/unspecified,kg,elementary,,,
2854,false,5dcb435e-8f61-4775-8112-9a57454adb88,Rubidium,Elementary flows/Emission to water/fresh water,kg,elementary,,,
2855,false,7538ab50-2ef6-4e49-880d-48d5b283a79b,"Oils, unspecified",Elementary flows/Emission to soil/forestry,kg,elementary,,,
2856,true,76bcc22f-224c-40a4-9b22-9621467498cf,Zirconium,Elementary flows/Resource/in ground,kg,elementary,,,
2857,false,b8595a76-4c10-4093-bd23-1f667490ff33,Strontium-90,Elementary flows/Emission to water/fresh water,kBq,elementary,,,
2858,false,d3816f54-d6be-4806-8c7b-cb4e183e73a6,Caesium-136,Elementary flows/Emission to water/fresh water,kBq,elementary,,,
2859,false,09eca9fb-65fe-4d44-956f-c3143fee2192,"Methane, dichloro-, HCC-30",Elementary flows/Emission to water/fresh water,kg,elementary,,,
2860,false,c6e27975-c0a0-4189-ac1d-068f47a7b629,Acenaphthylene,Elementary flows/Emission to water/fresh water,kg,elementary,,,
2861,false,08a91e70-3ddc-11dd-9234-0050c2490048,Calcium,Elementary flows/Emission to water/ocean,kg,elementary,,,
2862,true,5514ccd2-469f-4074-9905-529154e7f742,"Molybdenum, 0.014% in sulfide, Mo 8.2E-3% and Cu 0.81% in crude ore",Elementary flows/Resource/in ground,kg,elementary,,,
2863,true,3f12d09b-9c00-3c64-974d-fe55c7853a32,"Transformation, to pasture, man made",Elementary flows/Resource/land,m2,elementary,,,
2864,false,2b17b6a0-2884-4ef4-9116-eb33ea77291d,Vanadium V,Elementary flows/Emission to soil/agricultural,kg,elementary,,,
2865,false,e12a5d26-dbc4-427c-a92e-3fdaf349df9f,Thorium-228,Elementary flows/Emission to water/fresh water,kBq,elementary,,,
2866,false,a708a1f6-7297-45ba-8fda-47a1ce6f11c3,Vanadium V,Elementary flows/Emission to water/fresh water,kg,elementary,,,
2867,true,b569dc97-52fe-4e39-9627-183b1002c287,"Copper, 2.19% in sulfide, Cu 1.83% and Mo 8.2E-3% in crude ore",Elementary flows/Resource/in ground,kg,elementary,,,
2868,false,a2017716-a6ee-3c76-adf4-eab05dcfeb14,Calcium,"Elementary flows/Emission to water/ground water, long-term",kg,elementary,,,
2869,false,0bb66845-6ccf-4648-b565-2e704989d7c0,Ethylene oxide,Elementary flows/Emission to air/lower stratosphere + upper troposphere,kg,elementary,,,
2870,false,c7c769bb-89b9-4459-afed-e3acecd39339,Sulfur hexafluoride,Elementary flows/Emission to air/low population density,kg,elementary,,,
2871,false,e804f989-40c6-4a57-8a69-838ffb2ca08f,Ruthenium-103,Elementary flows/Emission to water/fresh water,kBq,elementary,,,
2872,false,4ea9bb4f-e4ab-45d7-beb5-dc07fc1c685a,Radium-228,Elementary flows/Emission to water/unspecified,kBq,elementary,,,
2873,false,d0fa3cee-a088-49c0-b80e-f3acac182f0b,Water,Elementary flows/Emission to air/low population density,kg,elementary,,,
2874,false,5ce5a503-6244-4272-b306-0e67b73fcac3,Chloroform,Elementary flows/Emission to water/fresh water,kg,elementary,,,
2875,false,08a91e70-3ddc-11dd-94eb-0050c2490048,Zinc II,Elementary flows/Emission to water/ocean,kg,elementary,,,
2876,false,8c66a07d-1b6f-488f-b301-afc79b46aa76,Caesium-134,Elementary flows/Emission to water/fresh water,kBq,elementary,,,
2877,true,bafff3e8-f51e-42d6-8924-dcab1098c8ef,"Occupation, forest, intensive, short-cycle",Elementary flows/Resource/land,m2*a,elementary,,,
2878,true,e6dd1a4b-0a12-4b46-9245-6ec9b63c8255,"Transformation, to industrial area, benthos",Elementary flows/Resource/unspecified,m2,elementary,,,
2879,false,5b78d61d-e67a-4f52-b15c-bb57a07ce649,Propene,Elementary flows/Emission to water/fresh water,kg,elementary,,,
2880,true,8c920eda-3eee-4782-ace6-c706fb363b88,"Transformation, from forest, intensive, clear-cutting",Elementary flows/Resource/land,m2,elementary,,,
2881,false,eaaf9b66-c5b1-4c49-9399-fc0f84bc9587,"Benzene, chloro-",Elementary flows/Emission to water/fresh water,kg,elementary,,,
2882,true,bd7e559d-8a9e-3a98-81d4-2f6bcd6eca91,"Transformation, from forest, extensive",Elementary flows/Resource/land,m2,elementary,,,
2883,false,404a34e3-251d-4d4f-9f53-9c27f99bfc0e,Ozone,Elementary flows/Emission to air/low population density,kg,elementary,,,
2884,false,154f63d2-0300-3667-b374-9cd550201cc6,Mercury II,Elementary flows/Emission to air/lower stratosphere + upper troposphere,kg,elementary,,,
2885,false,63e7fe55-8549-11e0-9d78-0800200c9a66,Nickel II,Elementary flows/Emission to water/unspecified,kg,elementary,,,
2886,false,08a91e70-3ddc-11dd-96d0-0050c2490048,Nickel II,Elementary flows/Emission to water/ocean,kg,elementary,,,
2887,false,cbcf386d-63a5-4234-b77b-e2bd84403b36,Fluosilicic acid,Elementary flows/Emission to water/fresh water,kg,elementary,,,
2888,false,60d55006-b236-4d9d-8700-71e92bc401af,Silver I,Elementary flows/Emission to water/fresh water,kg,elementary,,,
2889,false,313b9346-b5b7-385a-b5d6-a59e11fd57cf,Calcium,Elementary flows/Emission to water/ground water,kg,elementary,,,
2890,true,13c774db-2063-35d2-9c25-7e0f1d40063a,"Transformation, from annual crop",Elementary flows/Resource/land,m2,elementary,,,
2891,true,2d65a3f7-2a10-4a10-ac9e-a0cc7cd57979,"Gold, Au 2.1E-4%, Ag 2.1E-4%, in ore",Elementary flows/Resource/in ground,kg,elementary,,,
2892,false,7c555ee7-ee15-4ca1-a571-dd56c446840c,Ethylene,Elementary flows/Emission to water/fresh water,kg,elementary,,,
2893,false,08a91e70-3ddc-11dd-999e-0050c2490048,Titanium ion,Elementary flows/Emission to water/ocean,kg,elementary,,,
2894,false,42948a91-29c3-3789-883e-c50836d1dbe8,Caesium-137,Elementary flows/Emission to air/low population density,kBq,elementary,,,
2895,false,fdefdf7a-897d-4213-ba2c-4e04d560fb00,Hydrogen peroxide,Elementary flows/Emission to water/fresh water,kg,elementary,,,
2896,false,cdcbbd53-293a-41ef-a3d4-c599a86d29e3,Chloroacetic acid,Elementary flows/Emission to water/fresh water,kg,elementary,,,
2897,false,08fbcb07-e7a1-352c-b779-9d7c578059d5,Titanium ion,"Elementary flows/Emission to water/ground water, long-term",kg,elementary,,,
2898,false,d73952b6-7af5-4473-b68d-b0ce7f063317,Radium-224,Elementary flows/Emission to water/fresh water,kBq,elementary,,,
2899,false,08a91e70-3ddc-11dd-91e3-0050c2490048,Arsenic ion,Elementary flows/Emission to water/ocean,kg,elementary,,,
2900,true,c033dd2f-87a4-435d-a7cb-477b15310066,"Occupation, dump site, benthos",Elementary flows/Resource/unspecified,m2*a,elementary,,,
2901,true,c15f6c4d-bf7a-4a7c-91c6-53aad6a630a8,"Silver, 0.007% in sulfide, Ag 0.004%, Pb, Zn, Cd, In",Elementary flows/Resource/in ground,kg,elementary,,,
2902,true,05a9f970-d413-321a-8161-88b70933593f,"Transformation, to forest, intensive, normal",Elementary flows/Resource/land,m2,elementary,,,
2903,false,238cb6c4-b307-4c7c-8c31-ef5d0f56a402,Copper ion,"Elementary flows/Emission to water/ground water, long-term",kg,elementary,,,
2904,false,605f4376-2e06-4fdb-8ecb-505ccebeb2d7,Butyl acetate,Elementary flows/Emission to water/fresh water,kg,elementary,,,
2905,false,368b8a39-0503-4607-b838-1daa8db1d67c,Sodium formate,Elementary flows/Emission to water/fresh water,kg,elementary,,,
2906,false,4d9a8790-3ddd-11dd-96d1-0050c2490048,Copper ion,Elementary flows/Emission to water/ocean,kg,elementary,,,
2907,false,1584734d-c5c8-42a5-aa51-0f6a92a9cc0d,"1,2-Dichloro-1,1,2,2-tetrafluoroethane",Elementary flows/Emission to air/low population density,kg,elementary,,,
2908,false,0e907e32-c2f3-4cd6-a7e6-64363f82d635,Arsenic ion,Elementary flows/Emission to soil/industrial,kg,elementary,,,
2909,false,b5eb4783-f470-4bf5-800f-7e12ada63c1d,Technetium-99m,Elementary flows/Emission to water/unspecified,kBq,elementary,,,
2910,false,e3de5903-aa75-4d7b-a804-2c75248b4c6d,Tellurium-123m,Elementary flows/Emission to water/unspecified,kBq,elementary,,,
2911,false,7ca6314d-4ca2-49ab-b1a5-83811a3a9b1f,Molybdenum-99,Elementary flows/Emission to water/fresh water,kBq,elementary,,,
2912,false,613f4eaf-afee-4934-877f-dc91aef6411f,Thorium-230,Elementary flows/Emission to water/fresh water,kBq,elementary,,,
2913,false,108a082e-3772-4a76-ac4b-659ffc001e53,Silver I,Elementary flows/Emission to water/ground water,kg,elementary,,,
2914,false,a649f89b-2e2a-48e9-9677-b85b4cbcc30c,"Heat, waste",Elementary flows/Emission to water/ocean,MJ,elementary,,,
2915,false,26966946-81f2-4023-ab6d-f072a6d0a873,Hypochlorite,Elementary flows/Emission to water/fresh water,kg,elementary,,,
2916,false,32fccda4-0d99-40ab-b65f-c7203080b62b,Thallium I,Elementary flows/Emission to water/unspecified,kg,elementary,,,
2917,false,619efb89-ffd5-3fc1-b0c7-46680f5a3310,Nickel II,Elementary flows/Emission to air/unspecified,kg,elementary,,,
2918,false,1753af55-cfa1-4fb2-a059-33594a759982,Nitrobenzene,Elementary flows/Emission to air/high population density,kg,elementary,,,
2919,false,207a9d66-c6e7-31c4-ad29-e3ba3f6916cb,Selenium IV,Elementary flows/Emission to air/unspecified,kg,elementary,,,
2920,false,99654797-afd2-4340-8d36-08d3cd92dac4,Carbon disulfide,Elementary flows/Emission to water/fresh water,kg,elementary,,,
2921,false,957d4d94-9f88-4f40-9755-cfc3918882bb,Manganese,"Elementary flows/Emission to water/ground water, long-term",kg,elementary,,,
2922,false,5dc90a86-a720-4177-a52a-75f43254936f,Barium-140,Elementary flows/Emission to water/fresh water,kBq,elementary,,,
2923,false,8a377f10-d147-41ff-b9ef-53fad50245ce,Arsenic ion,Elementary flows/Emission to water/unspecified,kg,elementary,,,
2924,false,8217561a-01c7-4275-9574-ae8f76f7602f,Methyl acrylate,Elementary flows/Emission to water/fresh water,kg,elementary,,,
2925,false,63e8256a-8549-11e0-9d78-0800200c9a66,Tin ion,Elementary flows/Emission to water/unspecified,kg,elementary,,,
2926,false,4a094654-0a37-4492-87cb-5065366d9bc4,2-Aminopropanol,Elementary flows/Emission to water/fresh water,kg,elementary,,,
2927,false,9e9d143b-f89b-335a-9f04-835f7354a85e,"2-Butene, 2-methyl-",Elementary flows/Emission to water/unspecified,kg,elementary,,,
2928,false,b09f5508-e2a9-4cf4-8499-afffd4d1d206,Iron-59,Elementary flows/Emission to water/fresh water,kBq,elementary,,,
2929,true,fe1524b9-afe4-380d-99a8-822964917db0,"Palladium, Pd 7.3E-4%, Pt 2.5E-4%, Rh 2.0E-5%, Ni 2.3E+0%, Cu 3.2E+0% in ore",Elementary flows/Resource/in ground,kg,elementary,,,
2930,true,32791291-9f65-3e12-a44e-91a43039858e,"Occupation, industrial area",Elementary flows/Resource/land,m2*a,elementary,,,
2931,true,d02343bd-b00d-4fb3-9bda-2e8183f3b012,"Silver, Ag 2.1E-4%, Au 2.1E-4%, in ore",Elementary flows/Resource/in ground,kg,elementary,,,
2932,false,4793b8fb-08c5-412a-8bdf-789cc2e3abab,Metaldehyde (tetramer),Elementary flows/Emission to soil/agricultural,kg,elementary,,,
2933,false,fdba525b-f037-4018-b31d-abe3868ae256,Tellurium-132,Elementary flows/Emission to water/fresh water,kBq,elementary,,,
2934,false,916801f0-3980-4408-a577-62b222aa1543,Copper ion,Elementary flows/Emission to water/lake,kg,elementary,,,
2935,false,2b84be2e-7b2a-48d1-b641-c68a5d717809,Chloramine,Elementary flows/Emission to water/fresh water,kg,elementary,,,
2936,false,305af6f4-1a7e-487e-8479-0e37e3ec9d9e,Cobalt-58,Elementary flows/Emission to water/fresh water,kBq,elementary,,,
2937,false,309785ae-645a-4541-b225-5422d73b21a6,m-Xylene,Elementary flows/Emission to water/fresh water,kg,elementary,,,
2938,false,eb15dd66-43ee-4161-ac90-2cd6d19ca72d,Benzene,Elementary flows/Emission to air/lower stratosphere + upper troposphere,kg,elementary,,,
2939,false,68b3e437-3381-4208-822d-f5dbb768a52d,t-Butyl methyl ether,Elementary flows/Emission to water/fresh water,kg,elementary,,,
2940,false,401e79d4-43a3-4000-ae78-39ba6cb80948,Cerium-144,Elementary flows/Emission to water/fresh water,kBq,elementary,,,
2941,false,aef694fb-8da8-4e26-8b7d-6769a6aa03a4,Mercury II,Elementary flows/Emission to water/lake,kg,elementary,,,
2942,false,6089e9e4-f382-4066-9968-fc7e42b51066,Titanium ion,Elementary flows/Emission to water/unspecified,kg,elementary,,,
2943,false,795b9f74-ca43-4acc-8d29-79165973500a,Iodide,Elementary flows/Emission to water/fresh water,kg,elementary,,,
2944,true,b4157c65-4181-3279-8c4b-30a58ca47b10,"Palladium, Pd 2.0E-4%, Pt 4.8E-4%, Rh 2.4E-5%, Ni 3.7E-2%, Cu 5.2E-2% in ore",Elementary flows/Resource/in ground,kg,elementary,,,
2945,false,93b2bac7-4b0b-45d8-a178-94a79d2e249a,Bromide,Elementary flows/Emission to water/fresh water,kg,elementary,,,
2946,false,2aff27b3-72b7-4ec7-8960-e99ec776c92b,Xylene,Elementary flows/Emission to water/fresh water,kg,elementary,,,
2947,false,50f3bc1e-fafc-44a2-9800-4468d8c3b643,Hydrochloric acid,Elementary flows/Emission to air/lower stratosphere + upper troposphere,kg,elementary,,,
2948,false,dcf8705e-f066-4a89-9311-d2993c27fb84,Potassium,Elementary flows/Emission to water/ground water,kg,elementary,,,
2949,false,440262bc-edd4-474d-931c-fa8712202bf2,Formaldehyde,Elementary flows/Emission to water/fresh water,kg,elementary,,,
2950,false,4d9a8790-3ddd-11dd-8dc2-0050c2490048,Vanadium V,Elementary flows/Emission to water/ocean,kg,elementary,,,
2951,false,acd68ded-df6f-4a5f-b95d-bbbf2567c735,"Hydrocarbons, aliphatic, alkanes, unspecified",Elementary flows/Emission to water/unspecified,kg,elementary,,,
2952,false,89dc9c0f-bf19-4c66-ad66-3d664009725a,Cumene,Elementary flows/Emission to water/fresh water,kg,elementary,,,
2953,true,8c90daf4-cbc1-309b-9f36-78377bfef810,"Rhodium, Rh 2.0E-5%, Pt 2.5E-4%, Pd 7.3E-4%, Ni 2.3E+0%, Cu 3.2E+0% in ore",Elementary flows/Resource/in ground,kg,elementary,,,
2954,false,cada56a9-5b09-4490-84a3-70e5ec1bd735,Propanol,Elementary flows/Emission to water/fresh water,kg,elementary,,,
2955,false,6b99e3e0-59ed-43cf-a17b-d5edea71e1bd,Water,Elementary flows/Emission to air/high population density,kg,elementary,,,
2956,false,4991c714-c124-4148-aebd-b32cdc2eaa18,Formic acid,Elementary flows/Emission to water/fresh water,kg,elementary,,,
2957,false,04512c78-0228-4291-8c4d-7e64b6ad670c,Beryllium II,Elementary flows/Emission to water/fresh water,kg,elementary,,,
2958,true,36965153-1daf-452a-8089-f4b5222c46ae,"Transformation, to unknown",Elementary flows/Resource/land,m2,elementary,,,
2959,false,e3787169-170a-3047-a5f2-16e292861643,"Methane, tetrachloro-, CFC-10",Elementary flows/Emission to air/high population density,kg,elementary,,,
2960,false,7b66aae2-1d58-490b-8ee7-7677f93c4282,Tin ion,Elementary flows/Emission to water/ground water,kg,elementary,,,
2961,false,86eaeab4-5769-342f-9659-3505361510a6,Cadmium II,Elementary flows/Emission to soil/agricultural,kg,elementary,,,
2962,true,86c6e6cd-c2f5-4977-bad6-ce9cd48cf721,"Nickel, 1.13% in sulfide, Ni 0.76% and Cu 0.76% in crude ore",Elementary flows/Resource/in ground,kg,elementary,,,
2963,false,f8ff2106-63ee-3b88-8116-6bcb96b3a0e5,Selenium IV,Elementary flows/Emission to air/lower stratosphere + upper troposphere,kg,elementary,,,
2964,true,28528881-7154-48d5-9cc3-5c13ddcdc47a,"Wood, primary forest, standing",Elementary flows/Resource/biotic,m3,elementary,,,
2965,false,7282b430-0b75-426c-a8c0-6aff91985c0d,Tungsten,Elementary flows/Emission to water/fresh water,kg,elementary,,,
2966,false,29650884-f650-3ebe-918a-030f507b9ef1,Zinc II,Elementary flows/Emission to air/lower stratosphere + upper troposphere,kg,elementary,,,
2967,false,9d9e8c2a-645e-4a88-bfcf-3b100b09196b,Methanol,Elementary flows/Emission to water/ocean,kg,elementary,,,
2968,false,4b6f838f-fde2-4f2b-9dc9-87e39a52b94e,Acetone,Elementary flows/Emission to water/fresh water,kg,elementary,,,
2969,false,30b9fd62-6ca2-4fd9-bc3c-c12417e6c73d,Strontium-89,Elementary flows/Emission to water/fresh water,kBq,elementary,,,
2970,true,6b47b4de-2322-358e-a3b8-57e2f26eafb3,"Platinum, Pt 4.8E-4%, Pd 2.0E-4%, Rh 2.4E-5%, Ni 3.7E-2%, Cu 5.2E-2% in ore",Elementary flows/Resource/in ground,kg,elementary,,,
2971,false,0ee08c3a-1553-4637-8f17-c486c115ef2b,Barium II,Elementary flows/Emission to water/fresh water,kg,elementary,,,
2972,false,9e13835a-58af-4809-a8b9-88a26a3a58b8,Thorium-234,Elementary flows/Emission to water/fresh water,kBq,elementary,,,
2973,false,a3178646-f9e4-3a94-9988-e81e3935aea7,Vanadium V,Elementary flows/Emission to water/ground water,kg,elementary,,,
2974,false,cf8f17ae-5625-44b0-aa47-addedf0ba68a,Butyrolactone,Elementary flows/Emission to water/fresh water,kg,elementary,,,
2975,false,dadccbaa-c0c5-46b3-aff7-0ac2ba2c3aa4,Propylamine,Elementary flows/Emission to water/fresh water,kg,elementary,,,
2976,false,c5b4869c-f131-4a8c-911f-f252cafb2e30,t-Butyl methyl ether,Elementary flows/Emission to water/ocean,kg,elementary,,,
2977,false,db652d59-898e-46f3-acce-b28596c26dc7,Thallium I,Elementary flows/Emission to water/fresh water,kg,elementary,,,
2978,false,42f51ad5-6190-4641-b961-f411310554e9,Acrylic acid,Elementary flows/Emission to air/high population density,kg,elementary,,,
2979,false,307c1028-7727-4627-ac0b-a3c14fef1d7a,Selenium IV,Elementary flows/Emission to water/fresh water,kg,elementary,,,
2980,false,4b22b04e-4cfa-4a8c-b1da-6cd436d03ef6,Triethylene glycol,Elementary flows/Emission to water/ocean,kg,elementary,,,
2981,false,09257c34-f323-436a-81be-ef90e9171ed2,Nitrite,Elementary flows/Emission to water/fresh water,kg,elementary,,,
2982,false,3c1079bf-01fb-455d-aa49-026a26ec9445,Butanol,Elementary flows/Emission to water/fresh water,kg,elementary,,,
2983,false,4b2fee8b-eb81-439a-bb0c-be075daec7af,Trimethylamine,Elementary flows/Emission to water/fresh water,kg,elementary,,,
2984,false,43a411aa-8f29-4744-bc56-1deaa8105338,Ethylene oxide,Elementary flows/Emission to air/low population density,kg,elementary,,,
2985,false,06ee87f5-4946-4ecd-9615-b4723595fbaf,Manganese,Elementary flows/Emission to water/unspecified,kg,elementary,,,
2986,false,6b1b495b-70ee-4be6-b1c2-3031aa4d6add,"Methane, fossil",Elementary flows/Emission to air/lower stratosphere + upper troposphere,kg,elementary,,,
2987,false,62cc5e18-da24-4fb7-9f7c-1601fedba341,Selenium IV,Elementary flows/Emission to water/ocean,kg,elementary,,,
2988,false,4f2e5082-46e3-4bf1-a366-3fd79451800e,Methanol,Elementary flows/Emission to water/fresh water,kg,elementary,,,
2989,true,3573b5ab-5158-4048-a364-aad9e706acb4,"Transformation, to forest, intensive, short-cycle",Elementary flows/Resource/land,m2,elementary,,,
2990,true,14b92328-e08d-4fac-b16a-da5dcd0e5627,"Occupation, traffic area, road embankment",Elementary flows/Resource/unspecified,m2*a,elementary,,,
2991,false,a86c05d6-fd47-4f0d-8ece-559afa4fd339,Titanium ion,Elementary flows/Emission to water/fresh water,kg,elementary,,,
2992,true,06874cbb-2daf-4981-a55e-2c38be5b7277,"Molybdenum, 0.010% in sulfide, Mo 8.2E-3% and Cu 1.83% in crude ore",Elementary flows/Resource/in ground,kg,elementary,,,
2993,false,56747f2f-3e6c-4a83-864c-5614a96eba6c,Ethyl acetate,Elementary flows/Emission to water/fresh water,kg,elementary,,,
2994,false,e4343ebf-a8a4-480b-adcf-fc9cc88324a8,Lactic acid,Elementary flows/Emission to water/fresh water,kg,elementary,,,
2995,false,540106ac-eb8e-446b-91f5-3fdbad5a5886,Lead II,Elementary flows/Emission to water/lake,kg,elementary,,,
2996,false,6ba6a13a-fba6-4c15-af46-4aab37ed99b8,Radium-228,Elementary flows/Emission to water/fresh water,kBq,elementary,,,
2997,false,7aca2bc2-51ed-4ef5-b569-fb153216fea9,Nickel II,Elementary flows/Emission to water/lake,kg,elementary,,,
2998,false,35372933-4994-4200-9bbe-6f5118696dce,Protactinium-234,Elementary flows/Emission to water/fresh water,kBq,elementary,,,
2999,true,355785ee-56e0-455b-aaa6-bee43c82b49c,"Fluorine, 4.5% in apatite, 3% in crude ore",Elementary flows/Resource/in ground,kg,elementary,,,
3000,false,5c118626-2a29-4696-bb91-91f0349fc0b4,Antimony-122,Elementary flows/Emission to water/fresh water,kBq,elementary,,,
3001,false,d807e479-de1d-3a6f-8bce-173c4446c513,Lead II,Elementary flows/Emission to air/lower stratosphere + upper troposphere,kg,elementary,,,
3002,false,8b84f97c-7b3a-4d63-b160-cf2ee381821f,"Benzene, chloro-","Elementary flows/Emission to water/river, long-term",kg,elementary,,,
3003,false,75ebd471-2671-4b1e-b6b7-e18ea4a4f26c,Uranium-238,Elementary flows/Emission to water/fresh water,kBq,elementary,,,
3004,false,dab14b58-e435-4a70-a186-55d64ed3b6b4,Iodine-133,Elementary flows/Emission to water/fresh water,kBq,elementary,,,
3005,true,e5cbe371-d33e-46ef-a832-a176f5e28520,"Indium, 0.005% in sulfide, In 0.003%, Pb, Zn, Ag, Cd",Elementary flows/Resource/in ground,kg,elementary,,,
3006,false,8f4c51d1-8cb0-4c6e-8da4-0aae01c5bd64,Niobium-95,Elementary flows/Emission to water/fresh water,kBq,elementary,,,
3007,true,7cd1d217-70a7-4452-abc4-3b1100763d6d,"Gold, Au 1.3E-4%, Ag 4.6E-5%, in ore",Elementary flows/Resource/in ground,kg,elementary,,,
3008,false,165fe087-fe45-444f-92d7-9f00ecf10a3e,Chloroacetyl chloride,Elementary flows/Emission to water/fresh water,kg,elementary,,,
3009,false,60c851be-90e2-3de1-a5a3-9ffc8979a9c1,Chromium III,Elementary flows/Emission to soil/industrial,kg,elementary,,,
3010,false,a3509543-8359-4e31-ba92-e82bb9d5351e,Methyl acetate,Elementary flows/Emission to water/fresh water,kg,elementary,,,
3011,true,a55ba777-c1ec-338a-9482-fc6e006a56de,"Platinum, Pt 2.5E-4%, Pd 7.3E-4%, Rh 2.0E-5%, Ni 2.3E+0%, Cu 3.2E+0% in ore",Elementary flows/Resource/in ground,kg,elementary,,,
3012,true,fc924940-e7cd-3238-9d9c-cdb1b59c6aec,"Occupation, forest, intensive, normal",Elementary flows/Resource/land,m2*a,elementary,,,
3013,false,25cb0874-0bc6-43b8-8660-c781de9d38f5,Ethylamine,Elementary flows/Emission to water/fresh water,kg,elementary,,,
3014,true,8c888d2b-d608-4dac-bad5-1c2a17050838,"Gold, Au 4.9E-5%, in ore",Elementary flows/Resource/in ground,kg,elementary,,,
3015,false,eeaa554c-edc0-4b69-8737-170ac48f6de1,Boron,Elementary flows/Emission to water/fresh water,kg,elementary,,,
3016,false,3ea62da6-8b25-4c50-9d24-1d22cddc02c5,Lanthanum-140,Elementary flows/Emission to water/fresh water,kBq,elementary,,,
3017,false,9639cba1-6e37-4b14-9a3b-cd98e01ec1f2,Cobalt-57,Elementary flows/Emission to water/fresh water,kBq,elementary,,,
3018,false,11a9c7c4-8368-467f-87c6-a8b12b124138,Scandium,Elementary flows/Emission to water/fresh water,kg,elementary,,,
3019,false,10ec2732-3828-4232-914e-941c38bdd08b,Antimony-125,Elementary flows/Emission to water/fresh water,kBq,elementary,,,
3020,false,553554e0-1442-444f-9f1d-9ed6b750bcfc,Borate,Elementary flows/Emission to water/fresh water,kg,elementary,,,
3021,true,3e0034cd-21d6-4582-9fbf-09c26edd05df,Stibnite,Elementary flows/Resource/in ground,kg,elementary,,,
3022,true,55836b23-8496-3e8f-bfa4-99163831b3c6,"Transformation, to forest, unspecified",Elementary flows/Resource/land,m2,elementary,,,
3023,false,6c5a9bc2-a8ce-4b80-a3fa-68a77098eb2b,Dipropylamine,Elementary flows/Emission to water/fresh water,kg,elementary,,,
3024,true,9348a45e-047c-4f05-9794-648e9b9dae33,"Transformation, to arable, non-irrigated, fallow",Elementary flows/Resource/unspecified,m2,elementary,,,
3025,true,6c4a3fb1-813d-33f2-87e7-157699f2a835,"Transformation, to dump site, benthos",Elementary flows/Resource/land,m2,elementary,,,
3026,false,e05d2993-7fa1-4108-801f-625a19d52b3c,Formate,Elementary flows/Emission to water/fresh water,kg,elementary,,,
3027,false,025f8b4a-de06-40b6-967b-63da82dc4828,"DOC, Dissolved Organic Carbon",Elementary flows/Emission to water/lake,kg,elementary,,,
3028,false,96f27de7-48e1-4f60-8359-1eafdb14a72a,Acetaldehyde,Elementary flows/Emission to water/fresh water,kg,elementary,,,
3029,false,7cf66fc2-b597-4c50-ab38-7d0aa813fd89,Sodium-24,Elementary flows/Emission to water/fresh water,kBq,elementary,,,
3030,false,c56e8024-a3ab-470c-8b3f-dd70ed38f83d,t-Butylamine,Elementary flows/Emission to water/fresh water,kg,elementary,,,
3031,true,ec72c523-9e1a-466a-98c3-e4098e90fd27,Colemanite,Elementary flows/Resource/in ground,kg,elementary,,,
3032,true,f9795c43-391d-4e31-a4ce-bee8259adb03,"Transformation, from industrial area, vegetation",Elementary flows/Resource/land,m2,elementary,,,
3033,false,5dc5d0e8-b46b-446f-ba69-4a7ee3d79413,"Heat, waste",Elementary flows/Emission to water/fresh water,MJ,elementary,,,
3034,false,dfa27331-6c6b-45f3-84d8-d66b1e82b812,Diethylamine,Elementary flows/Emission to water/fresh water,kg,elementary,,,
3035,true,cf39ec61-e779-4614-97b7-ec622556040d,"Occupation, industrial area, built up",Elementary flows/Resource/unspecified,m2*a,elementary,,,
3036,false,22b0b296-d066-4159-a44b-69fdb17dc802,Formaldehyde,Elementary flows/Emission to air/lower stratosphere + upper troposphere,kg,elementary,,,
3037,false,cd4d51de-472f-45d4-9a04-96f5468225f7,Chloride,"Elementary flows/Emission to water/river, long-term",kg,elementary,,,
3038,false,63e82560-8549-11e0-9d78-0800200c9a66,Silver I,Elementary flows/Emission to water/unspecified,kg,elementary,,,
3039,false,a2809853-b54e-47e3-b8c1-3e95c80532f9,Zinc II,Elementary flows/Emission to water/lake,kg,elementary,,,
3040,true,cdbfd224-21fe-457e-a47d-26a525965051,"Transformation, to forest, intensive, clear-cutting",Elementary flows/Resource/land,m2,elementary,,,
3041,false,8876917f-1875-3e54-abe5-8109839d0e5a,Copper ion,Elementary flows/Emission to air/unspecified,kg,elementary,,,
3042,false,5b6686f3-711c-4ebc-9190-6b153f048b93,Potassium-40,Elementary flows/Emission to water/fresh water,kBq,elementary,,,
3043,false,0cc4fa9c-ed07-4249-988d-6b2fe84b7dff,Arsenic ion,Elementary flows/Emission to water/lake,kg,elementary,,,
3044,false,0c5da324-34a7-4e38-98e5-18a8625a2b7c,Cadmium II,"Elementary flows/Emission to water/ground water, long-term",kg,elementary,,,
3045,true,cf3d3dbc-0e4b-402d-92a1-8ea6b4869ed5,"Gold, Au 9.7E-4%, Ag 9.7E-4%, Zn 0.63%, Cu 0.38%, Pb 0.014%, in ore",Elementary flows/Resource/in ground,kg,elementary,,,
3046,false,41608b3b-1057-4205-a0bc-0618e5af7e1b,"Radioactive species, alpha emitters",Elementary flows/Emission to water/unspecified,kBq,elementary,,,
3047,false,c14d4a87-bfe2-4451-93cc-95e1ad3456c2,Ethylene oxide,Elementary flows/Emission to water/fresh water,kg,elementary,,,
3048,false,84792d87-a744-40ef-a3f2-f3a3c09d59cc,Sodium,Elementary flows/Emission to water/ground water,kg,elementary,,,
3049,false,99c07b66-c039-4896-866d-06abdaa9d46a,Acenaphthene,Elementary flows/Emission to air/high population density,kg,elementary,,,
3050,false,63e7d74e-8549-11e0-9d78-0800200c9a66,Iron ion,Elementary flows/Emission to water/unspecified,kg,elementary,,,
3051,false,2f2083f7-404b-3c39-a1f6-2bc88e8b1e20,Potassium,"Elementary flows/Emission to water/ground water, long-term",kg,elementary,,,
3052,false,1c46f06d-6ad5-3a2b-b6a3-c694ae3f2153,Mercury II,Elementary flows/Emission to soil/agricultural,kg,elementary,,,
3053,false,0b618540-b445-3ae0-85b9-210d3fe3d514,Calcium,Elementary flows/Emission to water/lake,kg,elementary,,,
3054,false,f5aa8364-8feb-4e1b-a9d0-2ceffa388306,Antimony ion,Elementary flows/Emission to water/fresh water,kg,elementary,,,
3055,true,426e316e-db90-40ec-9f45-fa08e6db160c,"Transformation, to water bodies, artificial",Elementary flows/Resource/unspecified,m2,elementary,,,
3056,false,4bc227ab-878c-46ba-a999-39f8206ed864,Polonium-210,Elementary flows/Emission to water/fresh water,kBq,elementary,,,
3057,false,113d565b-aa39-4b56-9202-b8afc2e43204,Ethylene diamine,Elementary flows/Emission to water/fresh water,kg,elementary,,,
3058,false,77c7dcf8-1d10-4725-9f8f-bcdccaed0836,"Nitrogen, organic bound",Elementary flows/Emission to water/ocean,kg,elementary,,,
3059,true,bea19217-6a28-4711-8142-2e71090c0b46,Vermiculite,Elementary flows/Resource/in ground,kg,elementary,,,
3060,true,30fed59d-d722-482f-be4f-f3d93bdd2527,"Molybdenum, 0.022% in sulfide, Mo 8.2E-3% and Cu 0.36% in crude ore",Elementary flows/Resource/in ground,kg,elementary,,,
3061,false,2f100cfa-4feb-45e9-a43a-357128228889,Copper ion,Elementary flows/Emission to water/unspecified,kg,elementary,,,
3062,false,df8c7706-a6c7-37f7-81d6-5feb3dd08b92,Titanium ion,Elementary flows/Emission to water/ground water,kg,elementary,,,
3063,true,b93fac73-b3b1-4825-b1db-c129d404d3f3,"Transformation, from industrial area, benthos",Elementary flows/Resource/unspecified,m2,elementary,,,
3064,false,e93ba406-3df8-4e34-be54-0d556b2bb629,Dichlorodifluoromethane,Elementary flows/Emission to air/low population density,kg,elementary,,,
3065,false,a87680bc-ecde-471a-88bb-6bc7482a62cf,Phosphate,Elementary flows/Emission to water/fresh water,kg,elementary,,,
3066,false,c26b9e07-4540-4d7c-a1c0-75009b41542d,Toluene,Elementary flows/Emission to water/fresh water,kg,elementary,,,
3067,false,b98b3bb7-0ed2-41d1-b181-de0e21d8b42c,Sodium,Elementary flows/Emission to water/unspecified,kg,elementary,,,
3068,false,47bf8e85-dd0a-4b61-b933-cf1e18f34d1e,lithium,Elementary flows/Emission to water/unspecified,kg,elementary,,,
3069,false,08a91e70-3ddc-11dd-9599-0050c2490048,Iron ion,Elementary flows/Emission to water/ocean,kg,elementary,,,
3070,false,c7d6ba99-2de5-4a3d-9a9d-f3303c2d9a5b,Chlorosulfonic acid,Elementary flows/Emission to water/fresh water,kg,elementary,,,
3071,false,e3d5f160-6ed6-4d63-b0f4-2e1f05b9a590,Nitrobenzene,Elementary flows/Emission to water/fresh water,kg,elementary,,,
3072,false,610bb3e9-3cb2-4d50-ad44-83d860736b86,Zirconium-95,Elementary flows/Emission to water/fresh water,kBq,elementary,,,
3073,true,cfaa80f4-8e19-4fd6-942a-eaea14812896,"Silver, Ag 9.7E-4%, Au 9.7E-4%, Zn 0.63%, Cu 0.38%, Pb 0.014%, in ore",Elementary flows/Resource/in ground,kg,elementary,,,
3074,false,abeab09e-eb0a-45f4-8a24-5726244d87dd,1-Pentanol,Elementary flows/Emission to water/fresh water,kg,elementary,,,
3075,false,c94d47dd-4ce2-4686-9de0-ef8b64ba5a09,Butene,Elementary flows/Emission to water/fresh water,kg,elementary,,,
3076,false,ed9c7879-2c8f-47ab-943d-c4363cf08b5b,Hydrogen sulfide,Elementary flows/Emission to water/fresh water,kg,elementary,,,
3077,false,92c58ab9-8864-45ea-86b2-00698ecc9df7,Cobalt-60,Elementary flows/Emission to water/fresh water,kBq,elementary,,,
3078,false,3ac3442a-ca4d-4b4b-a486-3584bb29f9e0,Iodine-131,Elementary flows/Emission to water/fresh water,kBq,elementary,,,
3079,false,6b9753b0-7284-4dd1-891b-01ba9f3fe5f7,"Chlorinated solvents, unspecified",Elementary flows/Emission to water/ocean,kg,elementary,,,
3080,false,91c76c8e-d725-475d-9be6-a90b99747075,Butadiene,Elementary flows/Emission to air/lower stratosphere + upper troposphere,kg,elementary,,,
3081,true,7899bb60-56fd-3d8b-8c3a-9d6341b9d747,"Transformation, from tropical rain forest",Elementary flows/Resource/land,m2,elementary,,,
3082,true,0331d547-57ea-4ec6-a746-3ab289c3626a,"Transformation, from industrial area",Elementary flows/Resource/land,m2,elementary,,,
3083,false,620e4fde-d96a-4354-b354-53b8b4187d80,Uranium-235,Elementary flows/Emission to water/fresh water,kBq,elementary,,,
3084,true,2997b0b4-f6ec-4df0-9481-4bdab4e86507,"Occupation, permanent crop, fruit, intensive",Elementary flows/Resource/unspecified,m2*a,elementary,,,
3085,true,d76320f7-6761-4864-92a6-660fa3453ffa,"Silver, Ag 4.2E-3%, Au 1.1E-4%, in ore",Elementary flows/Resource/in ground,kg,elementary,,,
3086,true,95268685-7bea-4883-a412-119d7e88372c,"Gold, Au 4.3E-4%, in ore",Elementary flows/Resource/in ground,kg,elementary,,,
3087,true,d28f9d42-5df5-41c3-be59-fdfa7ff57112,"Gold, Au 7.1E-4%, in ore",Elementary flows/Resource/in ground,kg,elementary,,,
3088,false,c626d246-a314-4dab-b4be-cfb79c230f55,Bromine,Elementary flows/Emission to water/fresh water,kg,elementary,,,
3089,false,a65f4744-f555-44cb-8534-aa5adc72d7a7,Benzal chloride,Elementary flows/Emission to air/unspecified,kg,elementary,,,
3090,false,f2b42152-1663-42c9-9be6-4e6bf2c643e4,"VOC, volatile organic compounds",Elementary flows/Emission to water/fresh water,kg,elementary,,,
3091,false,362273f9-268a-389b-ae22-3d2e05364188,Zinc II,Elementary flows/Emission to soil/agricultural,kg,elementary,,,
3092,false,b07f7b3c-74ae-4de8-89dd-12d028cbcbdf,Aniline,Elementary flows/Emission to water/fresh water,kg,elementary,,,
3093,false,089c048e-f098-452a-b0da-f3480d8725bd,Chromium-51,Elementary flows/Emission to water/fresh water,kBq,elementary,,,
3094,false,cecaa388-029f-409d-b764-6523e0b8de79,Thorium-232,Elementary flows/Emission to water/fresh water,kBq,elementary,,,
3095,false,c0e8ec60-a5ae-432e-97a5-cf76b6247a00,Dichlorodifluoromethane,Elementary flows/Emission to air/unspecified,kg,elementary,,,
3096,true,05cd834e-341d-3930-ac07-7874077b086b,"Transformation, from pasture, man made, intensive",Elementary flows/Resource/land,m2,elementary,,,
3097,false,0fecb735-f93d-3d6d-b559-6ab1dc284568,Cadmium II,Elementary flows/Emission to air/unspecified,kg,elementary,,,
3098,false,bbf4d3e7-ac9e-4d6e-9da0-fe15ba3e5fd6,Acetyl chloride,Elementary flows/Emission to water/fresh water,kg,elementary,,,
3099,false,8864b4ad-7348-469e-b2d3-48610ffd4fca,Water,Elementary flows/Emission to air/unspecified,kg,elementary,,,
3100,true,12be05aa-48ad-49a8-a864-7a51ba56075b,"Transformation, from industrial area, built up",Elementary flows/Resource/unspecified,m2,elementary,,,
3101,false,f68f00b8-2057-476e-88c8-1d92b5af0889,Antimony-124,Elementary flows/Emission to water/fresh water,kBq,elementary,,,
3102,false,1cb0b78b-6fd5-4193-8144-d47478920ced,Uranium alpha,Elementary flows/Emission to water/unspecified,kBq,elementary,,,
3103,false,4aed44df-760c-497f-ab37-ebbe7d2b15ff,Sulfite,Elementary flows/Emission to water/fresh water,kg,elementary,,,
3104,true,777b7fc7-d7a2-3e6d-a326-cfa1f6b11aea,"Transformation, from annual crop, non-irrigated, fallow",Elementary flows/Resource/land,m2,elementary,,,
3105,false,2cfc5ba4-3db2-4193-9e81-b61e75ba1706,Lead-210,Elementary flows/Emission to water/unspecified,kBq,elementary,,,
3106,true,6f70e7c7-ef61-4489-b4f3-157e7e8541ef,"Silver, Ag 4.6E-5%, Au 1.3E-4%, in ore",Elementary flows/Resource/in ground,kg,elementary,,,
3107,false,370447a7-70d1-47bd-8577-0a32c4f53570,Methylchloride,Elementary flows/Emission to air/high population density,kg,elementary,,,
3108,false,d43d6bbf-7fdc-48c8-b2be-5e4040f85ddd,Cerium-141,Elementary flows/Emission to water/fresh water,kBq,elementary,,,
3109,false,16a6b0a2-16f4-4706-a75a-20e08e41f46e,Manganese-54,Elementary flows/Emission to water/fresh water,kBq,elementary,,,
3110,false,01558950-c47c-34f9-b4f2-39ca1c809384,Chromium III,Elementary flows/Emission to soil/agricultural,kg,elementary,,,
3111,true,3eece329-cf79-4167-93c2-b8d7d7eb5058,"Gold, Au 6.7E-4%, in ore",Elementary flows/Resource/in ground,kg,elementary,,,
3112,false,e839f221-2958-425e-b113-b3a5b12ca226,Radium-226,Elementary flows/Emission to water/fresh water,kBq,elementary,,,
3113,false,51441562-7069-40f8-84f9-cca66f72af6d,"1,4-Butanediol",Elementary flows/Emission to water/fresh water,kg,elementary,,,
3114,false,8edfdecf-21b3-4950-863e-e82130220919,"Benzene, ethyl-",Elementary flows/Emission to water/fresh water,kg,elementary,,,
3115,false,2b13a545-f6de-46ac-8172-f644e12099fc,Lead-210,Elementary flows/Emission to water/fresh water,kBq,elementary,,,
3116,false,a9d521d5-fe73-4726-830a-9d9aa0356b92,Acenaphthene,Elementary flows/Emission to water/fresh water,kg,elementary,,,
3117,false,74bafe19-03c5-3225-ac1a-892aa6728d36,Antimony ion,Elementary flows/Emission to water/unspecified,kg,elementary,,,
3118,false,0ac31b4a-b16d-40c8-928f-cdb8053d988f,Caesium-137,Elementary flows/Emission to water/fresh water,kBq,elementary,,,
3119,false,ebaff3ef-9e70-4674-bf17-6273e1447246,Arsenic ion,"Elementary flows/Emission to air/low population density, long-term",kg,elementary,,,
3120,true,14946240-b1ee-412c-b900-ed5728a4e684,"Silver, 3.2ppm in sulfide, Ag 1.2ppm, Cu and Te, in crude ore",Elementary flows/Resource/in ground,kg,elementary,,,
3121,false,6ed06a59-4fd1-422e-a397-4c3274596701,Manganese,Elementary flows/Emission to water/ocean,kg,elementary,,,
3122,true,44ea6f89-8780-45b4-a80a-cfc3abcfef5f,"Occupation, industrial area, vegetation",Elementary flows/Resource/land,m2*a,elementary,,,
3123,false,f2cb5577-b802-3bca-bd0a-502374b83e41,"Methane, tetrachloro-, CFC-10",Elementary flows/Emission to air/unspecified,kg,elementary,,,
3124,false,ad09c031-7fd4-4f8a-ad15-3a4727cd44c5,Formamide,Elementary flows/Emission to water/fresh water,kg,elementary,,,
3125,false,4186494b-58c3-4e33-a0fc-48a9e917968d,1-Pentene,Elementary flows/Emission to water/fresh water,kg,elementary,,,
3126,false,1273b765-a764-4f0b-938d-8e8ba190ac8d,Propionic acid,Elementary flows/Emission to water/fresh water,kg,elementary,,,
3127,false,46c4bd1f-30da-448c-897e-6aca882d78a4,Iodine-135,Elementary flows/Emission to air/low population density,kBq,elementary,,,
3128,false,34d1cae0-fc72-36fe-8cb2-99f59bd15eb5,Arsenic ion,Elementary flows/Emission to air/unspecified,kg,elementary,,,
3129,true,07a366fe-1c9e-4651-ad1a-1da666316417,"Transformation, to permanent crop, fruit, intensive",Elementary flows/Resource/unspecified,m2,elementary,,,
3130,true,6f2f97dc-2aeb-482c-a20a-9747f0746898,"Transformation, to industrial area, vegetation",Elementary flows/Resource/land,m2,elementary,,,
3131,false,63f3d6ad-26f3-3982-a0ec-d38adc0d4a06,Mercury II,Elementary flows/Emission to water/unspecified,kg,elementary,,,
3132,false,8a0742e8-1cd4-445a-ae66-7cb80d43c3cf,Zinc-65,Elementary flows/Emission to water/fresh water,kBq,elementary,,,
3133,false,1d75a540-c7f2-4cae-8b02-0f0d41c0cef7,"Hydrogen-3, Tritium",Elementary flows/Emission to water/fresh water,kBq,elementary,,,
3134,false,d45d9782-c41e-4106-bc62-86e8093bef6a,Propanal,Elementary flows/Emission to water/fresh water,kg,elementary,,,
3135,false,bdc6ec0d-e587-4254-8d8f-4e0eb78f1b9b,Dimethylamine,Elementary flows/Emission to water/fresh water,kg,elementary,,,
3136,true,719def62-0941-4264-bc54-97093d847d7a,"Molybdenum, 0.025% in sulfide, Mo 8.2E-3% and Cu 0.39% in crude ore",Elementary flows/Resource/in ground,kg,elementary,,,
3137,false,b74e2a3f-6692-3f75-b41b-58a4cff78c28,Cadmium II,Elementary flows/Emission to air/lower stratosphere + upper troposphere,kg,elementary,,,
3138,false,64a53c57-bf2f-43e6-8fb9-71aa94f2421e,"PAH, polycyclic aromatic hydrocarbons",Elementary flows/Emission to water/fresh water,kg,elementary,,,
3139,false,5677a205-a4fb-44cd-9c62-05195db926a6,Water,Elementary flows/Emission to air/lower stratosphere + upper troposphere,kg,elementary,,,
3140,false,473826ae-125a-4b02-8c8e-c84322491d80,Dinitrogen monoxide,Elementary flows/Emission to air/lower stratosphere + upper troposphere,kg,elementary,,,
3141,true,c8f18160-6937-4bb9-ad0c-dffa942ca41e,"Copper, 1.42% in sulfide, Cu 0.81% and Mo 8.2E-3% in crude ore",Elementary flows/Resource/in ground,kg,elementary,,,
3142,false,550b099c-dfeb-4fe3-bcdc-f11b97ff8876,Hydroxide,Elementary flows/Emission to water/fresh water,kg,elementary,,,
3143,false,b58c0d57-fecb-3079-aaf3-49e239bca4cb,"Carbon monoxide, non-fossil",Elementary flows/Emission to air/low population density,kg,elementary,,,
3144,true,565414ae-fff7-4f41-9668-a5a7d12874a9,"Transformation, to traffic area, road embankment",Elementary flows/Resource/unspecified,m2,elementary,,,
3145,false,ef7b0b7e-16e2-4e14-af28-94d9dd3c675d,"Heat, waste",Elementary flows/Emission to air/lower stratosphere + upper troposphere,MJ,elementary,,,
3146,true,a47cd00c-476b-4f73-a0a0-46dc11638699,"Occupation, water courses, artificial",Elementary flows/Resource/unspecified,m2*a,elementary,,,
3147,false,68701316-d3f5-4e08-8814-6b3b28712d85,Cadmium II,Elementary flows/Emission to water/lake,kg,elementary,,,
3148,false,5ba194c6-30c2-44fc-ae03-c992b88c9c73,Acetonitrile,Elementary flows/Emission to water/fresh water,kg,elementary,,,
3149,false,e8c62990-85c7-4f16-ab5f-76a5fc28a2a5,"Radioactive species, Nuclides, unspecified",Elementary flows/Emission to water/unspecified,kBq,elementary,,,
3150,false,d11085f8-8dec-453b-9535-5008689cd8ff,Ethanol,Elementary flows/Emission to water/fresh water,kg,elementary,,,
3151,true,78cd4852-e7b9-4301-adf7-51e730b0356a,"TiO2, 54% in ilmenite, 2.6% in crude ore",Elementary flows/Resource/in ground,kg,elementary,,,
3152,false,056fb035-70db-4dba-bff0-773a3da55b87,Chromium III,Elementary flows/Emission to soil/unspecified,kg,elementary,,,
3153,false,ba6ccdc7-da30-45fd-8215-babbf046cd3e,Acetic acid,Elementary flows/Emission to water/fresh water,kg,elementary,,,
3154,false,b935e766-fece-4a4f-8f60-b735ea7b214d,Bromine,Elementary flows/Emission to water/unspecified,kg,elementary,,,
3155,false,08a91e70-3ddc-11dd-97c6-0050c2490048,Potassium,Elementary flows/Emission to water/ocean,kg,elementary,,,
3156,false,5c68cf3b-a49d-40e8-bee1-359182e054a7,Isopropylamine,Elementary flows/Emission to water/fresh water,kg,elementary,,,
3157,false,2ccc4997-63d8-4f5f-8f4c-711080d7bd9b,2-Propanol,Elementary flows/Emission to water/fresh water,kg,elementary,,,
3158,true,247f3d96-7da2-5adf-a399-65745bc042fb,Magnesium,Elementary flows/Resource/in water,kg,elementary,,,
3159,false,08a91e70-3ddc-11dd-9f7b-0050c2490048,Chromium III,Elementary flows/Emission to air/unspecified,kg,elementary,,,
3160,true,b0828a29-0261-4a12-a5d3-9e72c7e89619,"Occupation, industrial area, benthos",Elementary flows/Resource/unspecified,m2*a,elementary,,,
3161,false,35c746fb-2d4a-4d06-9955-1973ce67b74e,Cumene,Elementary flows/Emission to air/high population density,kg,elementary,,,
3162,false,08a91e70-3ddc-11dd-9f77-0050c2490048,Chromium III,Elementary flows/Emission to water/ocean,kg,elementary,,,
3163,true,08a91e70-3ddc-11dd-95c1-0050c2490048,Kaolinite,Elementary flows/Resource/in ground,kg,elementary,,,
3164,false,7d54ebd3-7128-4465-a1a3-6592d8d030bd,Urea,Elementary flows/Emission to water/fresh water,kg,elementary,,,
3165,false,f311cac9-ba20-4b5a-824a-e9ad5bf8ea59,Methyl formate,Elementary flows/Emission to water/fresh water,kg,elementary,,,
3166,false,c62c75a7-339e-4133-9b89-ef46aa607f2a,Silver-110,Elementary flows/Emission to water/fresh water,kBq,elementary,,,
3167,false,ccfea48e-0aec-4573-8ed1-fb7c0f1b14ae,1-Pentene,Elementary flows/Emission to air/low population density,kg,elementary,,,
3168,false,6fa59153-aeea-33db-89a5-dc8f2672908b,"Noise, road, passenger car, average",Elementary flows/Immaterial emission/unspecified,m,elementary,,,
3169,false,22ff429e-4506-428d-9bba-4f9595ed3b99,Cyclohexane,Elementary flows/Emission to air/low population density,kg,elementary,,,
3170,false,7a05c50a-c884-3f7d-bdb4-ae8fe2a59d2b,"Water, Europe",Elementary flows/Emission to air/unspecified,kg,elementary,,,
3171,true,e15786b4-0445-4a67-8e9f-cb7b3e349935,"Transformation, from sea and ocean",Elementary flows/Resource/unspecified,m2,elementary,,,
3172,true,64f2cbe7-791b-4d4b-bd13-f0c142922738,"Occupation, seabed, infrastructure",Elementary flows/Resource/land,m2*a,elementary,,,
3173,false,301f2cb6-9672-3d86-ab17-b04d283656da,"Water, CH",Elementary flows/Emission to air/unspecified,kg,elementary,,,
3174,false,b95cb822-0266-3cc3-910d-3294e55abbee,Zinc II,Elementary flows/Emission to air/unspecified,kg,elementary,,,
3175,false,0c3118be-5c17-4d3f-93d5-9d608fc31e77,Black carbon,Elementary flows/Emission to air/unspecified,kg,elementary,,,
3176,false,edfaa796-b3a8-3514-b502-21f88d030086,"Dioxin, 2,3,7,8 Tetrachlorodibenzo-p-",Elementary flows/Emission to air/indoor,kg,elementary,,,
3177,true,963b17e3-ec2a-3715-85eb-01d84a8fce7b,"Transformation, from forest, intensive, normal",Elementary flows/Resource/land,m2,elementary,,,
3178,false,31196fb3-1549-38bd-bc9b-0271178d4467,"Water, MY",Elementary flows/Emission to air/unspecified,kg,elementary,,,
3179,false,37d014cb-8c2d-4c98-ab5c-2d4550822c2f,Nitric acid,Elementary flows/Emission to air/high population density,kg,elementary,,,
3180,false,40a33bfe-bcb6-3302-998d-e4544c00e29d,Petrol,Elementary flows/Emission to water/unspecified,kg,elementary,,,
3181,false,0d1997d4-1921-3db7-98c6-6395c50c87cb,Kerosene,Elementary flows/Emission to air/high population density,kg,elementary,,,
3182,false,d13670ac-cdf5-3a86-86ff-b4629de202b7,"Radioactive species, unspecified",Elementary flows/Emission to air/low population density,kBq,elementary,,,
3183,true,54d144f3-a534-429d-bdd6-f3d8448ab4cc,"Transformation, from pasture and meadow",Elementary flows/Resource/unspecified,m2,elementary,,,
3184,false,95e24e9c-e1d9-3c71-8c32-fcf4b133dc10,"TOC, Total Organic Carbon",Elementary flows/Emission to air/high population density,kg,elementary,,,
3185,false,65acbe76-a761-4a8c-8d66-940a677c69b0,lithium,Elementary flows/Emission to soil/unspecified,kg,elementary,,,
3186,false,2f00b048-45e9-402b-9450-40367d0283d0,Elemental carbon,Elementary flows/Emission to water/ground water,kg,elementary,,,
3187,false,43372780-9254-4691-8533-70ccd8e1bb67,"PAH, polycyclic aromatic hydrocarbons",Elementary flows/Emission to soil/unspecified,kg,elementary,,,
3188,false,89850512-9156-4915-9a49-2cc0c3d07382,"TOC, Total Organic Carbon",Elementary flows/Emission to soil/unspecified,kg,elementary,,,
3189,false,3256d56f-4ca3-4680-8cc1-0f8748e71373,Arsenic ion,Elementary flows/Emission to soil/unspecified,kg,elementary,,,
3190,false,324c8002-da6c-4b87-a8fe-d44e2d9b30ad,lithium,Elementary flows/Emission to air/high population density,kg,elementary,,,
3191,false,4435f1ba-3d59-41da-9e1c-0c6f771e8d63,Sulfate,Elementary flows/Emission to soil/unspecified,kg,elementary,,,
3192,false,bef4d768-a70e-3a28-84bf-43acf8d22521,Sulfur,Elementary flows/Emission to water/ground water,kg,elementary,,,
3193,false,aee98c0f-45d0-4b36-b660-a27b5ce46aa2,lithium,Elementary flows/Emission to water/ground water,kg,elementary,,,
3194,false,ea701d93-42af-4647-9798-591962caeb76,Elemental carbon,Elementary flows/Emission to soil/unspecified,kg,elementary,,,
3195,false,b593169f-9d42-35e2-a4c0-d89e2109440f,"4,4'-Biphenol",Elementary flows/Emission to air/unspecified,kg,elementary,,,
3196,false,9be02ae0-3170-4544-8665-f03a1b43f2bd,Tritium,Elementary flows/Emission to water/unspecified,kBq,elementary,,,
3197,false,fa194dc5-ad5d-4c1e-a8f4-9fedba38fe8d,Antimony-125,Elementary flows/Emission to water/unspecified,kBq,elementary,,,
3198,false,1de7b6d8-2b99-3cd8-8d98-452a5b952df0,"Water, RER",Elementary flows/Emission to air/unspecified,kg,elementary,,,
3199,false,698d08b4-fee6-40d4-93dd-24a28d48df45,Uranium-235,Elementary flows/Emission to air/unspecified,kBq,elementary,,,
3200,false,6a8bd6ee-9a3e-447b-9ecb-26a7e606a6fa,isobutene,Elementary flows/Emission to air/unspecified,kg,elementary,,,
3201,true,169587c8-2222-3417-bcd2-7c59d34f654d,"Water, lake, RER",Elementary flows/Resource/in water,m3,elementary,,,
3202,false,cf011bab-9c8c-34aa-b2cc-390a7ccf0de4,Octene (mixture of isomers),Elementary flows/Emission to air/unspecified,kg,elementary,,,
3203,true,15f98b12-7233-4438-9372-4ee1cfd5d693,Lanthanum,Elementary flows/Resource/in ground,kg,elementary,,,
3204,false,64f81516-52e1-4ce6-a22c-84d3f7cc9a53,Antimony-124,Elementary flows/Emission to water/unspecified,kBq,elementary,,,
3205,false,618c3a74-5b36-4d8a-b94f-26b8270448f8,Iodine-131,Elementary flows/Emission to water/unspecified,kBq,elementary,,,
3206,false,8bbe0b4c-5c9c-4959-a878-572f680e428d,Caesium-137,Elementary flows/Emission to water/unspecified,kBq,elementary,,,
3207,false,c317b216-2668-40f8-9e24-1ce183d53697,Iodine-131,Elementary flows/Emission to air/unspecified,kBq,elementary,,,
3208,true,733b2c7c-60ef-4c1b-b9cb-c010e3fd2275,Bauxite,Elementary flows/Resource/in ground,kg,elementary,,,
3209,false,08a91e70-3ddc-11dd-91be-0050c2490048,"Particulates, < 10 um",Elementary flows/Emission to air/unspecified,kg,elementary,,,
3210,true,0d7f8b87-12f4-4e83-a5a2-854e2f2b47de,"Ni, Ni 2.3E+0%, Pt 2.5E-4%, Pd 7.3E-4%, Rh 2.0E-5%, Cu 3.2E+0% in ore",Elementary flows/Resource/in ground,kg,elementary,,,
3211,false,ff5d0fa9-6ca8-4e61-b99b-14981620c0d7,Propanol,Elementary flows/Emission to air/unspecified,kg,elementary,,,
3212,true,5dbd8205-fa09-3895-90d3-5e1d7406c179,"Occupation, agriculture",Elementary flows/Resource/land,m2*a,elementary,,,
3213,false,2a0b51e8-2787-4733-8484-a46f67a25319,sodium carbonate,Elementary flows/Emission to air/unspecified,kg,elementary,,,
3214,false,a58d5976-a8cb-4925-9bbe-38f27d1b2388,"Metals, unspecified",Elementary flows/Emission to air/unspecified,kg,elementary,,,
3215,true,3cc6b9e3-fda3-4712-b5b2-df07b0b996f3,"Occupation, sealed soil",Elementary flows/Resource/land,m2*a,elementary,,,
3216,false,09db39be-d9a6-4fc3-8d25-1f80b23e9131,"1,4-Butanediol",Elementary flows/Emission to air/unspecified,kg,elementary,,,
3217,false,0650f48f-c6c9-44ae-ac49-c3bae05220c3,Ethylene diamine,Elementary flows/Emission to water/unspecified,kg,elementary,,,
3218,false,47bee45d-6d2b-48a6-a0c8-fcb8debc7f5d,Isobutanol,Elementary flows/Emission to air/unspecified,kg,elementary,,,
3219,false,9d9246d4-0ce3-4b47-8491-cf62e562ad38,Caesium-134,Elementary flows/Emission to water/unspecified,kBq,elementary,,,
3220,false,86bd068b-06b4-4a9e-8b9f-86f6691a094d,"hexachloro-1,3-butadiene",Elementary flows/Emission to water/unspecified,kg,elementary,,,
3221,false,3ef6e30a-9742-48c8-adcd-48e38148004c,Plutonium-alpha,Elementary flows/Emission to air/unspecified,kBq,elementary,,,
3222,true,c0143eba-3daf-44ad-8d34-6e1d34128ace,"Transformation, from agriculture",Elementary flows/Resource/land,m2,elementary,,,
3223,false,66a169f2-82a9-446c-9daf-df444f2476c6,"Benzene, hexachloro-",Elementary flows/Emission to water/unspecified,kg,elementary,,,
3224,false,8a3a44e4-e2f1-476d-9e9e-a90fda263fe3,"1,2-Dichloro-1,1,2,2-tetrafluoroethane",Elementary flows/Emission to air/unspecified,kg,elementary,,,
3225,true,10e7a3bc-9edc-322b-b3eb-0ca651428c2c,"Water, unspecified natural origin, RER",Elementary flows/Resource/in water,m3,elementary,,,
3226,false,4a838a42-fa78-4b0a-92f9-588a3660809b,Cobalt-58,Elementary flows/Emission to water/unspecified,kBq,elementary,,,
3227,false,63e7d74d-8549-11e0-9d78-0800200c9a66,"Hydrocarbons, unspecified",Elementary flows/Emission to air/unspecified,kg,elementary,,,
3228,false,a028e2af-de2b-4e29-9d6b-a56d6a50f10f,"VOC, volatile organic compounds, unspecified origin",Elementary flows/Emission to air/unspecified,kg,elementary,,,
3229,false,ab4a11c8-14f8-40f1-8c4e-888347bb2546,Cobalt-60,Elementary flows/Emission to air/unspecified,kBq,elementary,,,
3230,false,42d33bc4-cdea-4b1d-896c-090e792183be,Hydrogen sulfide,Elementary flows/Emission to water/unspecified,kg,elementary,,,
3231,false,63e7892e-8549-11e0-9d78-0800200c9a66,Benzo(a)pyrene,Elementary flows/Emission to water/unspecified,kg,elementary,,,
3232,false,878e2773-1894-46c9-8fff-e19ba327f680,Nitric acid,Elementary flows/Emission to water/unspecified,kg,elementary,,,
3233,false,dcca27fa-7675-421b-89cf-7076715e11ed,"Benzene, pentachloro-",Elementary flows/Emission to water/unspecified,kg,elementary,,,
3234,true,28e5f69f-7b2e-4e31-9725-d407b2964b3f,"Transformation, to agriculture",Elementary flows/Resource/land,m2,elementary,,,
3235,false,252c2e43-c6e3-3010-b045-72aa0e172abb,Particulates,Elementary flows/Emission to air/unspecified,kg,elementary,,,
3236,true,bb7aa805-00c6-416a-9e93-4ee7b33671da,"Energy, from coal",Elementary flows/Resource/in ground,MJ,elementary,,,
3237,false,22043b06-1981-45a5-bfbb-20ae6f253191,Tritium,Elementary flows/Emission to air/unspecified,kBq,elementary,,,
3238,true,97e0b4de-c073-3058-9255-ca02259635a9,"Water, river, RER",Elementary flows/Resource/in water,m3,elementary,,,
3239,false,1e6fcd59-42a2-363c-875c-fbed481088f7,Tributylstannane,Elementary flows/Emission to water/unspecified,kg,elementary,,,
3240,true,ed65c408-2351-4f62-8430-dcd2f62ab70e,Uranium,Elementary flows/Resource/unspecified,kg,elementary,,,
3241,false,51e99a55-bcdb-4d18-9484-6de4b142e09d,Trichlorofluoromethane,Elementary flows/Emission to air/unspecified,kg,elementary,,,
3242,false,106689fa-52d8-4f7d-aa5b-920122aaf1aa,Iodine-129,Elementary flows/Emission to air/unspecified,kBq,elementary,,,
3243,false,eedd7e43-c79d-43c7-8643-245686e47dba,"1,2-Dichlorobenzene",Elementary flows/Emission to water/unspecified,kg,elementary,,,
3244,false,75f395bf-351b-4d95-9c9b-fdce145ae403,Sulfur,Elementary flows/Emission to air/unspecified,kg,elementary,,,
3245,false,38d0827f-25eb-311d-bd7f-9dcf17401b5c,"Water, RER",Elementary flows/Emission to water/unspecified,m3,elementary,,,
3246,false,02f47487-8da6-433a-91d8-fc0650e53fc4,Sodium chloride,Elementary flows/Emission to air/unspecified,kg,elementary,,,
3247,true,a2b40a28-3aa6-470d-a3fd-994cd18c0371,Sodium chloride,Elementary flows/Resource/in water,kg,elementary,,,
3248,false,7dd10f03-00ef-483e-88c7-ba23e5330316,Sodium hydroxide,Elementary flows/Emission to air/unspecified,kg,elementary,,,
3249,false,a57bf693-7ffa-409d-919c-c806e34a4c67,Sodium dichromate,Elementary flows/Emission to air/unspecified,kg,elementary,,,
3250,false,43398c2a-4ceb-4c7f-8ffc-37d2b78e22a3,Dimethylamine,Elementary flows/Emission to water/unspecified,kg,elementary,,,
3251,false,5011a495-2f22-3cfd-ac96-85b74c2ad089,"2-Butene, 2-methyl-",Elementary flows/Emission to air/unspecified,kg,elementary,,,
3252,false,4f2051b8-22e6-4592-8803-1e984f8fa61b,Caesium-134,Elementary flows/Emission to air/unspecified,kBq,elementary,,,
3253,false,63e7892d-8549-11e0-9d78-0800200c9a66,"Benzene, chloro-",Elementary flows/Emission to air/unspecified,kg,elementary,,,
3254,true,da721fc3-20be-49ac-bcbd-f0dd602bb98b,Neodymium,Elementary flows/Resource/in ground,kg,elementary,,,
3255,false,96bec6ea-fd71-48a1-ae8b-87a7b818eb77,Terpenes,Elementary flows/Emission to air/unspecified,kg,elementary,,,
3256,false,777160e1-99a9-4a03-b189-8c1af57ee560,Iodine-129,Elementary flows/Emission to water/unspecified,kBq,elementary,,,
3257,false,2d1bfd75-8b64-3f96-83d7-2dd01fd72a31,Uranium,Elementary flows/Emission to water/unspecified,kg,elementary,,,
3258,true,7045c96d-7cef-33cf-8f3d-cf7198b6faab,"Energy, from coal, brown",Elementary flows/Resource/in ground,MJ,elementary,,,
3259,true,68ee3cd2-e897-3388-b259-38ece38752f2,"Water, process, unspecified natural origin/m3",Elementary flows/Resource/in water,m3,elementary,,,
3260,false,ee31ac2a-9336-4ed6-8077-9663003bc2f9,Bromochlorodifluoromethane,Elementary flows/Emission to air/unspecified,kg,elementary,,,
3261,false,7ae371aa-8532-11e0-9d78-0800200c9a66,Carbon dioxide,Elementary flows/Emission to air/unspecified,kg,elementary,,,
3262,false,3d0a3864-350f-4aaa-aff4-52f24808dc26,Polychlorinated biphenyls,Elementary flows/Emission to water/unspecified,kg,elementary,,,
3263,false,fa442f6a-4fc6-4c57-942b-c84c6c41c8b4,Trimethylchlorosilane,Elementary flows/Emission to air/unspecified,kg,elementary,,,
3264,false,4d466648-95dd-4866-97ad-6008746d32ab,Uranium-235,Elementary flows/Emission to water/unspecified,kBq,elementary,,,
3265,false,7b87ce50-ede0-40fa-a3ee-5f72553af0e7,Caesium-137,Elementary flows/Emission to air/unspecified,kBq,elementary,,,
3266,false,70d0e8c8-8c46-4eee-ad05-92f05e8f129e,Cobalt-58,Elementary flows/Emission to air/unspecified,kBq,elementary,,,
3267,false,c18f9e43-e4ad-4b3a-8ed8-638fe8015425,Carbon-14,Elementary flows/Emission to water/unspecified,kBq,elementary,,,
3268,false,2d019079-e635-49ae-9267-2f61e121acdf,Sodium chloride,Elementary flows/Emission to water/unspecified,kg,elementary,,,
3269,false,f43d0aea-fb0d-4dff-a86f-b0855772059f,"1,1,2,2-Tetrachloroethane",Elementary flows/Emission to water/unspecified,kg,elementary,,,
3270,true,1aee4aa7-32e0-48e7-a6b5-73d8acf672d3,"Copper, 0.52% in sulfide, Cu 0.27% and Mo 8.2E-3% in crude ore",Elementary flows/Resource/in ground,kg,elementary,,,
3271,false,bfc66f26-0b11-4e6e-9e8c-2bfde24dc23c,Carbon-14,Elementary flows/Emission to air/unspecified,kBq,elementary,,,
3272,false,729eac4f-0339-4d0f-8956-a71ebe20a527,Manganese-54,Elementary flows/Emission to water/unspecified,kBq,elementary,,,
3273,false,22d1736f-baa9-481e-9583-42654a6a7c26,Thorium-230,Elementary flows/Emission to air/unspecified,kBq,elementary,,,
3274,false,2603c027-933c-3012-9344-6d22311f2ad6,"BTEX (Benzene, Toluene, Ethylbenzene, and Xylene), unspecified ratio",Elementary flows/Emission to water/unspecified,kg,elementary,,,
3275,false,314d7cdc-1a84-48bc-97f5-ad8ed323bfab,Naphthalene,Elementary flows/Emission to air/unspecified,kg,elementary,,,
3276,false,bd601c88-f05e-436a-b4ab-5b3d4fb29882,Americium-241,Elementary flows/Emission to water/unspecified,kBq,elementary,,,
3277,false,3be7ab07-a4fd-4d32-a31f-134d2c5b5143,Nitrobenzene,Elementary flows/Emission to air/unspecified,kg,elementary,,,
3278,false,63e8256b-8549-11e0-9d78-0800200c9a66,"TOC, Total Organic Carbon",Elementary flows/Emission to air/unspecified,kg,elementary,,,
3279,false,f3a3227c-39f4-4383-8007-8b3b0c33467a,Ethylene,Elementary flows/Emission to water/unspecified,kg,elementary,,,
3280,false,1869fd74-ed68-4814-9596-12315b1e810d,Uranium-234,Elementary flows/Emission to water/unspecified,kBq,elementary,,,
3281,true,f2ce99d9-8d07-35d6-9b95-b65043c38a1f,"Water, well, RER",Elementary flows/Resource/in ground,m3,elementary,,,
3282,false,63e76212-8549-11e0-9d78-0800200c9a66,Acenaphthylene,Elementary flows/Emission to air/unspecified,kg,elementary,,,
3283,false,8653eab9-c010-4d0b-ae9f-71694cb5291f,Krypton-85,Elementary flows/Emission to air/unspecified,kBq,elementary,,,
3284,false,e5ba3517-a93f-422e-9ce2-f1007fcf6c06,Trifluoromethane,Elementary flows/Emission to air/unspecified,kg,elementary,,,
3285,false,bf112355-f868-42b8-8f39-6f2901cc38b9,Uranium-234,Elementary flows/Emission to air/unspecified,kBq,elementary,,,
3286,false,79744e20-ead1-4efe-8854-78145fd72aaf,Chlorine dioxide,Elementary flows/Emission to air/unspecified,kg,elementary,,,
3287,true,6c914058-b15a-396f-b942-1d65f97a1d16,"Water, well, RER",Elementary flows/Resource/in water,m3,elementary,,,
3288,false,bf85f43a-88dc-4ff1-8b9b-479c5fc1625c,dimethyl formamide,Elementary flows/Emission to air/unspecified,kg,elementary,,,
3289,false,faca26d7-b953-4dd6-94a9-7b8975452e1c,Acrylic acid,Elementary flows/Emission to air/unspecified,kg,elementary,,,
3290,false,31c006e5-aaa6-36ae-a898-aa9aae7bd69b,"Phenol, 4-chloro-",Elementary flows/Emission to air/unspecified,kg,elementary,,,
3291,false,397c6564-d1c4-41f5-a4ff-4832874f397f,Ethylene diamine,Elementary flows/Emission to air/unspecified,kg,elementary,,,
3292,false,49a41a2d-2f1c-463f-b844-eda304d847b3,"Radioactive species, unspecified",Elementary flows/Emission to air/unspecified,kBq,elementary,,,
3293,false,17ae628d-e769-4aa3-a20e-9f9bad222bf2,Butyrolactone,Elementary flows/Emission to air/unspecified,kg,elementary,,,
3294,false,ff45a199-18e0-4777-886b-e2d0422d2f82,Acetonitrile,Elementary flows/Emission to air/unspecified,kg,elementary,,,
3295,false,4ac2ffc3-312e-4e2d-88c4-2630d4a73d8c,Bromotrifluoromethane,Elementary flows/Emission to air/unspecified,kg,elementary,,,
3296,false,fe85df5c-5587-4a5f-a33b-c6e2b240e238,Xenon-133,Elementary flows/Emission to air/unspecified,kBq,elementary,,,
3297,false,63e7b042-8549-11e0-9d78-0800200c9a66,"Dioxins, measured as 2,3,7,8-tetrachlorodibenzo-p-dioxin",Elementary flows/Emission to water/unspecified,kg,elementary,,,
3298,false,8d8e393e-39c4-44e1-b424-8eeefcd33560,Cobalt-60,Elementary flows/Emission to water/unspecified,kBq,elementary,,,
3299,false,971246f7-14d9-4ad5-98da-fc147dd8800f,Trimethyl borate,Elementary flows/Emission to air/unspecified,kg,elementary,,,
3300,false,dface97f-f556-3e56-bc75-0ef54d0207a5,"Water, AU",Elementary flows/Emission to water/unspecified,m3,elementary,,,
3301,true,f89ef148-c13f-36a1-ac83-e4c049a15e63,"Water, unspecified natural origin, AU",Elementary flows/Resource/in water,m3,elementary,,,
3302,false,b978d369-ac8b-4c1e-b010-d0e0406733d9,Carbon black,Elementary flows/Emission to air/unspecified,kg,elementary,,,
3303,false,2355612a-480c-3491-9353-08dc2d657bbc,"Water, CN",Elementary flows/Emission to air/unspecified,kg,elementary,,,
3304,false,c0643eed-f3d6-3711-9e93-7c9293b8db2d,"Water, US",Elementary flows/Emission to air/unspecified,kg,elementary,,,
3305,false,56b25731-7e29-3ae1-8267-7012d463c9af,"Water, ZA",Elementary flows/Emission to air/unspecified,kg,elementary,,,
3306,true,ba90dc06-1007-3bd8-b349-ab1a28c6c881,"Water, unspecified natural origin, IQ",Elementary flows/Resource/in water,m3,elementary,,,
3307,false,66304489-1272-3773-a33f-25976edfd3ae,"Water, IQ",Elementary flows/Emission to water/unspecified,m3,elementary,,,
3308,false,638e1d01-db69-39c9-b486-57cfdc5b4f83,Fluoride,Elementary flows/Emission to air/high population density,kg,elementary,,,
3309,false,6ec88fe5-7d5f-32e0-9ece-6e1c322315fe,"Water, AZ",Elementary flows/Emission to water/unspecified,m3,elementary,,,
3310,true,ef107e3a-d7e5-3e7a-b87d-36f38d602918,"Water, unspecified natural origin, AZ",Elementary flows/Resource/in water,m3,elementary,,,
3311,false,74fc15d0-0edc-3ff6-8532-f484bf7ac361,"Water, OECD",Elementary flows/Emission to air/unspecified,kg,elementary,,,
3312,false,e50d7a5a-6b25-39a4-8e1b-8d45c04162a3,"Water, BR",Elementary flows/Emission to water/unspecified,m3,elementary,,,
3313,true,ab92ef07-03ba-3f2c-8568-0805e78fad4d,"Water, unspecified natural origin, BR",Elementary flows/Resource/in water,m3,elementary,,,
3314,false,fc29eb5e-0162-3f77-8838-b238d3b4cea2,"Water, KR",Elementary flows/Emission to air/unspecified,kg,elementary,,,
3315,true,5e3d5bc8-94b1-4760-bd8b-9af74cfefdef,"Organic carbon, placed in landfill",Elementary flows/Resource/in ground,kg,elementary,,,
3316,true,f047cc2a-484b-4aef-8093-ca06853211d2,"Waste mass, total, placed in landfill",Elementary flows/Resource/in ground,kg,elementary,,,
3317,false,d168ac51-3eb7-4944-8795-89f21c12c040,Selenium IV,Elementary flows/Emission to water/lake,kg,elementary,,,
3318,false,febc1fab-a121-3f4d-901b-075a6e93f3ef,Sodium,Elementary flows/Emission to water/lake,kg,elementary,,,
3319,false,773cd2d2-5997-3fb4-b8f4-ab9e6e76106a,Sulfate,Elementary flows/Emission to water/lake,kg,elementary,,,
3320,false,59e8b3a7-3862-4388-905a-73b35b93c6d4,Ammonium,Elementary flows/Emission to water/lake,kg,elementary,,,
3321,false,1fc92346-b546-4eb4-9f2f-3f000c9b4ce6,Thorium-230,Elementary flows/Emission to water/lake,kBq,elementary,,,
3322,false,294ad94c-c306-3405-85fc-2c813981af70,Chloride,Elementary flows/Emission to water/lake,kg,elementary,,,
3323,false,e14e7084-544e-4898-b6e9-79c10ae82f7d,Manganese II,Elementary flows/Emission to water/lake,kg,elementary,,,
3324,false,521a04ff-177c-457a-9285-bbb6005b3135,Barium II,Elementary flows/Emission to water/lake,kg,elementary,,,
3325,false,142907e3-8285-4fd6-bef8-8101cb43e147,Molybdenum VI,Elementary flows/Emission to water/lake,kg,elementary,,,
3326,false,51e2e882-ac35-334a-9864-79ade644a8f1,"Suspended solids, unspecified",Elementary flows/Emission to water/lake,kg,elementary,,,
3327,false,cab6be7d-d237-4464-87a3-eef17c46d8f3,Radium-226,Elementary flows/Emission to water/lake,kBq,elementary,,,
3328,false,2ccfa703-d0fe-4d27-9220-ba5ef2e97c6e,Nitrate,Elementary flows/Emission to water/lake,kg,elementary,,,
3329,false,306f6179-2458-44a3-ab63-c0f9fdfe669c,Uranium alpha,Elementary flows/Emission to water/lake,kBq,elementary,,,
3330,false,645687e9-58d1-36bf-a28c-9fe0735146c5,Vanadium V,Elementary flows/Emission to water/lake,kg,elementary,,,
3331,false,3640ef93-b2d0-32ad-8f4a-cfc6f4ab3d84,Iron ion,Elementary flows/Emission to water/lake,kg,elementary,,,
3332,false,4d14c41d-82eb-33ee-a833-5c1e38e6be6f,Magnesium,Elementary flows/Emission to water/lake,kg,elementary,,,
3333,false,c3847064-fe28-4a8a-9ff1-d959b58c836c,Aluminium III,Elementary flows/Emission to water/lake,kg,elementary,,,
3334,false,5605d4e9-f2b7-3cc9-9cf5-c3219e678ad8,"Suspended solids, unspecified",Elementary flows/Emission to water/fossil-,kg,elementary,,,
3335,false,08a91e70-3ddc-11dd-9993-0050c2490048,Tin ion,Elementary flows/Emission to water/ocean,kg,elementary,,,
3336,true,7c0da4f3-d0f3-33c2-b2ae-1da5f9954dda,"Water, unspecified natural origin/m3",Elementary flows/Resource/unspecified,m3,elementary,,,
3337,false,81b3321a-c9d8-4104-a974-5460f1bc5029,Chromium VI,Elementary flows/Emission to water/ocean,kg,elementary,,,
3338,true,45e60c3e-a8ac-3d36-a6d2-ef0e4dc1f160,"Occupation, forest, unspecified",Elementary flows/Resource/unspecified,m2*a,elementary,,,
3339,false,e0a1cf01-4d3a-3333-bb55-33dafa357fd3,"Noise, aircraft, passenger",Elementary flows/Immaterial emission/unspecified,p*km,elementary,,,
3340,false,c377b25d-c52c-4b0f-aa2a-8c51ff1dab31,"Heat, waste","Elementary flows/Emission to air/low population density, long-term",MJ,elementary,,,
3341,true,121b0f77-c14f-393e-8b68-30b46e1a426c,"Water, cooling, unspecified natural origin, CN",Elementary flows/Resource/in water,m3,elementary,,,
3342,true,99336b94-8bae-43b2-ba46-11a957a1e9d8,"Water, unspecified natural origin, LY",Elementary flows/Resource/in water,m3,elementary,,,
3343,false,9ab7aa5d-9812-3706-9452-735d4f5c7895,"Water, LY",Elementary flows/Emission to water/unspecified,m3,elementary,,,
3344,true,7b492692-f5e0-393c-9e58-0374b38ae9c5,"Water, cooling, unspecified natural origin, KR",Elementary flows/Resource/in water,m3,elementary,,,
3345,true,28182006-69ba-388d-9289-00d649518c9d,"Water, process, unspecified natural origin/m3",Elementary flows/Resource/unspecified,m3,elementary,,,
3346,false,82e79c0e-da25-3712-b4c9-b5227131791e,"Water, DE",Elementary flows/Emission to water/unspecified,m3,elementary,,,
3347,true,af44fff2-0c47-3785-b610-c950776f117a,"Water, unspecified natural origin, DE",Elementary flows/Resource/in water,m3,elementary,,,
3348,false,5a83df2b-833b-4b65-b665-7f657f02b20d,Copper (+II),Elementary flows/Emission to water/fresh water,kg,elementary,,,
3349,true,e9649289-4111-3ec4-80fd-770952c30c49,"Water, unspecified natural origin, PL",Elementary flows/Resource/in water,m3,elementary,,,
3350,false,a6f7af6d-5d03-37c3-92c1-3c7ec700b2e8,"Water, PL",Elementary flows/Emission to water/unspecified,m3,elementary,,,
3351,false,5ba1bf90-fa3f-388b-b65b-7427c8fe6863,"Water, IT",Elementary flows/Emission to air/unspecified,kg,elementary,,,
3352,false,0d916b8a-9859-3e91-8b54-5d77f122bab2,"Water, ES",Elementary flows/Emission to air/unspecified,kg,elementary,,,
3353,false,9c1f8a7f-d905-3c60-8ac1-5592b3db48be,Molybdenum VI,Elementary flows/Emission to soil/industrial,kg,elementary,,,
3354,false,ca5d5ccf-1a8e-48b9-a596-09561a101c39,"Chlorosilane, trimethyl-",Elementary flows/Emission to soil/unspecified,kg,elementary,,,
3355,false,8214318f-ace1-41c4-96b2-5bd0729d071a,o-Xylene,Elementary flows/Emission to water/fresh water,kg,elementary,,,
3356,false,88be8e1b-1bdc-46e1-9856-187a95b3d872,Isobutanol,"Elementary flows/Emission to air/low population density, long-term",kg,elementary,,,
3357,false,4e23d775-13a1-4925-9f23-07c37bb1045d,Tributyltin oxide,Elementary flows/Emission to water/fresh water,kg,elementary,,,
3358,false,83fa5f74-baa4-46d3-a8b4-ada4379b70a3,Cobalt-60,Elementary flows/Emission to water/ocean,kBq,elementary,,,
3359,false,edc1501b-649b-4e60-9c00-c02e3aeb9d3a,"hexachloro-1,3-butadiene",Elementary flows/Emission to water/river,kg,elementary,,,
3360,false,5e09ac47-20a5-46d5-a360-60586cf30478,Caesium-134,Elementary flows/Emission to water/ocean,kBq,elementary,,,
3361,false,18d7c24e-19d0-4dc3-b042-7ed7be199b52,Benzo(a)pyrene,Elementary flows/Emission to water/fresh water,kg,elementary,,,
3362,false,8b643480-8423-4eeb-a78c-d3b3ad9cd1a9,"1,1,2,2-Tetrachloroethane",Elementary flows/Emission to water/fresh water,kg,elementary,,,
3363,false,90975fe0-331c-4125-8881-2a454ad79542,Carbon-14,Elementary flows/Emission to water/fresh water,kBq,elementary,,,
3364,false,d601cd0a-c599-42b7-8ea3-1fe741760e3d,Americium-241,Elementary flows/Emission to water/fresh water,kBq,elementary,,,
3365,false,4d93311d-5fc2-4f86-ab4f-b223ee9350e5,Carbon tetrachloride,Elementary flows/Emission to water/surface water,kg,elementary,,,
3366,false,83db4ab2-cdb5-4e0e-828b-42fe208b0f13,isobutane,Elementary flows/Emission to air/unspecified,kg,elementary,,,
3367,true,f54b7f8d-f473-495e-8fc4-637859ab6e3a,"Energy, geothermal, converted",Elementary flows/Resource/unspecified,MJ,elementary,,,
3368,true,0b062583-0e24-373c-beb5-e3e639619895,"Transformation, to agriculture, mosaic",Elementary flows/Resource/unspecified,m2,elementary,,,
3369,true,ac0aba5c-66ce-42c9-9f46-1e47ab7bc4b9,"Transformation, from forest, natural",Elementary flows/Resource/land,m2,elementary,,,
3370,false,2df2b703-0a67-4b0b-81c4-689f538ee667,"Benzene, hexachloro-",Elementary flows/Emission to water/fresh water,kg,elementary,,,
3371,true,a8e39acd-6e7f-4d43-973b-37e6b7c00037,"Transformation, from urban, continuously built",Elementary flows/Resource/land,m2,elementary,,,
3372,true,094ded20-e873-4338-8d81-b570a1d65acc,Boron,Elementary flows/Resource/in ground,kg,elementary,,,
3373,false,5774fff9-0440-43dc-b384-42e2ed28d76a,"Benzene, pentachloro-",Elementary flows/Emission to water/fresh water,kg,elementary,,,
3374,true,3b4db191-9634-4a01-a873-f3cb234785e4,"Occupation, urban, continuously built",Elementary flows/Resource/land,m2*a,elementary,,,
3375,false,792c0778-933d-3de4-b1a1-5d6d823b5b34,"Phenol, 2-chloro-",Elementary flows/Emission to air/unspecified,kg,elementary,,,
3376,false,bb7c7a83-0ea7-3487-a224-dbc8fd437e5b,"Dioxin, 2,3,7,8 Tetrachlorodibenzo-p-",Elementary flows/Emission to water/river,kg,elementary,,,
3377,true,9ef0643e-cbd1-4f70-9862-cbab9fa239eb,Sodium bromide,Elementary flows/Resource/in ground,kg,elementary,,,
3378,false,2a63690a-ff84-314b-b7b8-d34b6ff130bf,Cerium,Elementary flows/Emission to water/unspecified,kg,elementary,,,
3379,false,acea51a5-41e4-42ab-9912-f46287df3f50,Iodine-129,Elementary flows/Emission to water/fresh water,kBq,elementary,,,
3380,true,d3d3143a-93e0-346f-b750-7b8057c48b4c,"Energy, from uranium",Elementary flows/Resource/in ground,MJ,elementary,,,
3381,false,cf607101-9c02-4b71-9246-11ce75030e0d,Methyl borate,Elementary flows/Emission to soil/unspecified,kg,elementary,,,
3382,true,63cf5ffa-3b2c-3ab8-b726-0bab20804237,"Occupation, unspecified, used",Elementary flows/Resource/unspecified,m2*a,elementary,,,
3383,true,310b68ea-1ea1-385f-add3-b49c49ac7293,"Occupation, agriculture, mosaic",Elementary flows/Resource/unspecified,m2*a,elementary,,,
3384,true,66f25f1d-1898-4827-bcbb-ca82f15c4d02,"Transformation, to urban, continuously built",Elementary flows/Resource/land,m2,elementary,,,
3385,false,897ec6a5-af78-453f-abdf-32233d0a30bf,Iodine-131,Elementary flows/Emission to water/ocean,kBq,elementary,,,
3386,true,52f909df-f7f1-48e2-b040-836ded1971d2,"Water, unspecified natural origin, TT",Elementary flows/Resource/in water,m3,elementary,,,
3387,false,caa2cce6-891c-3be6-8abc-cac41596df7f,"Water, TT",Elementary flows/Emission to water/unspecified,m3,elementary,,,
3388,false,20e262b9-e0b6-3afc-9e0f-a669e78dcf5c,Chromium III,Elementary flows/Emission to air/unspecified,kg,elementary,,,
3389,false,c13ad862-96f2-338e-b9af-f113b6a2cf07,Lead II,Elementary flows/Emission to air/unspecified,kg,elementary,,,
3390,false,909f3d95-64cb-3ff7-b211-4102d70149ae,Antimony ion,Elementary flows/Emission to air/unspecified,kg,elementary,,,
3391,false,b5bfee87-231c-3f88-b3e9-71b2464eeaf3,"Water, SE",Elementary flows/Emission to water/unspecified,m3,elementary,,,
3392,true,ff89405e-fc23-3abf-a015-0fffa7a5857b,"Water, unspecified natural origin, SE",Elementary flows/Resource/in water,m3,elementary,,,
3393,true,9497544b-a783-486e-a029-1f042de08741,"Transformation, to arable, non-irrigated, diverse-intensive",Elementary flows/Resource/unspecified,m2,elementary,,,
3394,true,1baf1a48-b8c8-41eb-ab63-8ca4eff57466,"Water, unspecified natural origin, AE",Elementary flows/Resource/in water,m3,elementary,,,
3395,false,b008a67c-8887-3277-9265-e67826016fab,"Water, AE",Elementary flows/Emission to water/unspecified,m3,elementary,,,
3396,true,2e1a4ab8-76e5-44cf-a726-ea75ac62efac,"Transformation, to arable, organic",Elementary flows/Resource/land,m2,elementary,,,
3397,true,43c8b65e-8551-37da-9f00-7fedc95fe17d,"Transformation, from arable, organic",Elementary flows/Resource/land,m2,elementary,,,
3398,true,23309f61-c8db-3224-abcc-d65ae4800611,"Occupation, annual crop, organic",Elementary flows/Resource/land,m2*a,elementary,,,
3399,false,d3cf558d-1520-3ce6-8d61-17a0687d9005,"Water, PL",Elementary flows/Emission to air/unspecified,kg,elementary,,,
3400,false,5b4e8ce5-8e37-41a7-ba1b-735ab0c650cb,Americium-241,Elementary flows/Emission to soil/unspecified,kBq,elementary,,,
3401,false,67bd10f3-ac72-3da5-bd94-029e43ef4e3a,"VOC, volatile organic compounds",Elementary flows/Emission to water/unspecified,kg,elementary,,,
3402,false,05aade40-92a0-4c18-a061-588445d5af43,Fluorene,Elementary flows/Emission to air/unspecified,kg,elementary,,,
3403,false,08c652a9-77b6-4263-ac7b-c249a92457b9,Carbon (total),Elementary flows/Emission to air/unspecified,kg,elementary,,,
3404,false,fbfb35d0-7e76-3fc4-93f3-9b063e622b3b,Antimony ion,Elementary flows/Emission to soil/unspecified,kg,elementary,,,
3405,true,a5e216e9-1b15-3a08-ae24-8f8ad8e44f29,"Water, process, surface",Elementary flows/Resource/in water,kg,elementary,,,
3406,false,6277bb68-8dde-36f6-8d89-f588c0720ccc,"Acetylene, dichloro-",Elementary flows/Emission to air/unspecified,kg,elementary,,,
3407,false,c8fb0d02-a3fa-37b5-a02b-58f78f5c88bb,"Water, IT",Elementary flows/Emission to water/unspecified,m3,elementary,,,
3408,true,acb7676c-2874-3e55-b74a-0aa3144f9362,"Water, unspecified natural origin, IT",Elementary flows/Resource/in water,m3,elementary,,,
3409,false,57d178ab-a602-46c2-9dfa-cb0869a26c24,"Benzene, dichloro-",Elementary flows/Emission to air/high population density,kg,elementary,,,
3410,true,9884d663-bda2-3b45-9c73-e51d799e4890,"Water, unspecified natural origin, NL",Elementary flows/Resource/in water,m3,elementary,,,
3411,false,9ea5d1a0-b6d3-361e-9622-b43e6867a719,"Water, NL",Elementary flows/Emission to water/unspecified,m3,elementary,,,
3412,true,c645d610-57c4-3c59-8db6-af117b18fed7,"Water, unspecified natural origin, CA",Elementary flows/Resource/in water,m3,elementary,,,
3413,false,a273328e-1dfc-3918-b58a-fa965dc45db2,"Water, CA",Elementary flows/Emission to water/unspecified,m3,elementary,,,
3414,false,2d22399c-53c4-3412-9516-aeb71f2f22f6,"Water, GR",Elementary flows/Emission to air/unspecified,kg,elementary,,,
3415,false,b61cc486-7a9d-3880-a2ae-1bc3a65d0f43,Waste water,Elementary flows/Emission to water/unspecified,kg,elementary,,,
3416,true,cebbe3db-e3fb-3427-ae56-339db67f4fb2,"Water, unspecified natural origin, PE",Elementary flows/Resource/in water,m3,elementary,,,
3417,false,8f7584d7-01cf-3b06-a2fb-025aef6152d7,"Water, PE",Elementary flows/Emission to water/unspecified,m3,elementary,,,
3418,true,0ddd6caf-92a9-3e7c-9d36-c9cf98677cb9,"Water, unspecified natural origin, ZA",Elementary flows/Resource/in water,m3,elementary,,,
3419,false,2d198645-952f-31eb-adee-ed83ea399b32,"Water, ZA",Elementary flows/Emission to water/unspecified,m3,elementary,,,
3420,false,c24e2dc2-b141-376b-b4da-5d3d3b35c768,"Noise, rail, freight train",Elementary flows/Immaterial emission/unspecified,t*km,elementary,,,
3421,true,d512585c-a3ff-3bd4-8854-3d23c14926c0,"Water, unspecified natural origin, CH",Elementary flows/Resource/in water,m3,elementary,,,
3422,true,f1ca67fc-fd5c-3179-aeb9-c689f7a8a2af,"Water, cooling, unspecified natural origin, CH",Elementary flows/Resource/in water,m3,elementary,,,
3423,false,f6080ed9-2b32-318e-9873-fdcf738eb819,"Water, CH",Elementary flows/Emission to water/unspecified,m3,elementary,,,
3424,false,9669feea-cb71-3a08-a3d3-211dbf3e8dca,"Water, PT",Elementary flows/Emission to water/unspecified,m3,elementary,,,
3425,true,8dee1571-3aa3-30b5-96bd-25bfb82df9f0,"Water, unspecified natural origin, PT",Elementary flows/Resource/in water,m3,elementary,,,
3426,true,7034e47d-1177-373f-9d7b-3077d9ad8a70,"Water, unspecified natural origin, AR",Elementary flows/Resource/in water,m3,elementary,,,
3427,false,f1682565-09d7-3035-9a86-fa091d881b46,"Water, AR",Elementary flows/Emission to water/unspecified,m3,elementary,,,
3428,false,7c8fd9d5-7d63-304f-92dc-f828a53b6fcf,"Water, AT",Elementary flows/Emission to air/unspecified,kg,elementary,,,
3429,false,ace7b642-6e30-3cad-a04f-200b3b0c5d21,"Water, BA",Elementary flows/Emission to air/unspecified,kg,elementary,,,
3430,false,1ce7e7a9-ce00-3302-973f-ebc45723bb70,"Water, LU",Elementary flows/Emission to air/unspecified,kg,elementary,,,
3431,false,b02991d4-c180-4b16-8035-ac38f4a64b87,Ethylene,Elementary flows/Emission to air/lower stratosphere + upper troposphere,kg,elementary,,,
3432,false,fc4dbb89-5363-37ee-bbac-7a8d0bf53426,"Noise, aircraft, freight",Elementary flows/Immaterial emission/unspecified,t*km,elementary,,,
3433,true,c98c091d-133f-372b-8329-514e882990a9,"Water, unspecified natural origin, DK",Elementary flows/Resource/in water,m3,elementary,,,
3434,false,146f6bbc-070d-3f4e-ab2a-906d9ea1886b,"Water, DK",Elementary flows/Emission to water/unspecified,m3,elementary,,,
3435,false,6c7eed8d-b523-39e6-8fc2-6d0eb272e931,"Water, CZ",Elementary flows/Emission to air/unspecified,kg,elementary,,,
3436,false,315bad13-6e3d-3a70-9163-d9502cc768db,"Water, CN",Elementary flows/Emission to water/unspecified,m3,elementary,,,
3437,true,be16cf07-da08-3ff5-856d-0e1f2aa3e806,"Water, unspecified natural origin, CN",Elementary flows/Resource/in water,m3,elementary,,,
3438,true,d1c8d077-456b-3a90-beda-efd04ba20b49,"Water, unspecified natural origin, HU",Elementary flows/Resource/in water,m3,elementary,,,
3439,false,4c5520ef-e627-34aa-adc2-e8b6ef69afcf,"Water, HU",Elementary flows/Emission to water/unspecified,m3,elementary,,,
3440,true,e02aa261-4006-3888-bc5c-3d2485e0d1af,"Water, unspecified natural origin, GLO",Elementary flows/Resource/in water,m3,elementary,,,
3441,true,5fd1a9d0-5af6-35d4-b42c-dd1f3f7955ba,"Water, unspecified natural origin, TM",Elementary flows/Resource/in water,m3,elementary,,,
3442,false,d1c67064-9b54-3620-bca8-3583928c4b69,"Water, TM",Elementary flows/Emission to water/unspecified,m3,elementary,,,
3443,false,fe0acd60-3ddc-11dd-a350-0050c2490048,Argon,Elementary flows/Emission to air/unspecified,kg,elementary,,,
3444,false,04176bc2-32ec-48b4-88f7-65f57c6d1293,Nitrogen,Elementary flows/Emission to air/unspecified,kg,elementary,,,
3445,false,bfa5d0c0-374a-34eb-88f4-0b514aff3282,"Water, MX",Elementary flows/Emission to air/unspecified,kg,elementary,,,
3446,true,3386ab8b-ae28-3ee9-acee-f047b70d1e13,"Water, unspecified natural origin, LU",Elementary flows/Resource/in water,m3,elementary,,,
3447,false,e2c8763f-7e01-32a1-bad4-ffdc66c798af,"Water, LU",Elementary flows/Emission to water/unspecified,m3,elementary,,,
3448,false,dce9950a-7c40-363e-83c4-09f3a2230a28,"Water, JP",Elementary flows/Emission to air/unspecified,kg,elementary,,,
3449,false,70591a6d-0ee4-3918-852b-d32e3d830027,"Water, CA",Elementary flows/Emission to air/unspecified,kg,elementary,,,
3450,false,116e84cf-7faa-32b5-b7c8-dc3fdefd67a7,"Water, CL",Elementary flows/Emission to air/unspecified,kg,elementary,,,
3451,false,896c1a72-f609-3b0e-a4e1-8ed678e1b102,"Water, GB",Elementary flows/Emission to air/unspecified,kg,elementary,,,
3452,false,789b4e49-86bb-3685-bcce-a6a0c24f3bc7,"Water, KR",Elementary flows/Emission to water/unspecified,m3,elementary,,,
3453,false,75803b53-729a-31a9-9688-cf421eb503e1,"Water, EC",Elementary flows/Emission to water/unspecified,m3,elementary,,,
3454,true,585ef0b1-6194-3653-8208-2ef96fb9ef69,"Water, unspecified natural origin, EC",Elementary flows/Resource/in water,m3,elementary,,,
3455,false,97435e8a-5ce8-3800-a895-31af4f7e25f7,"Water, HU",Elementary flows/Emission to air/unspecified,kg,elementary,,,
3456,false,6f39ef2f-4e3b-3f84-900b-252427d45d0b,"Water, SA",Elementary flows/Emission to water/unspecified,m3,elementary,,,
3457,true,f5c7faf0-ff52-3c42-87d0-b42a7428cdd8,"Water, unspecified natural origin, SA",Elementary flows/Resource/in water,m3,elementary,,,
3458,false,fb2ba34f-6fa6-33c5-8a06-7f6832e28dbd,"Water, SE",Elementary flows/Emission to air/unspecified,kg,elementary,,,
3459,true,3d158484-4213-38c5-9b86-b5fa643c5eef,"Water, unspecified natural origin, EG",Elementary flows/Resource/in water,m3,elementary,,,
3460,false,1500f428-1bc5-3b5b-b8b1-d76c17165705,"Water, EG",Elementary flows/Emission to water/unspecified,m3,elementary,,,
3461,true,8a53cd60-6f2d-36be-b644-8b31e70dfb01,"Water, unspecified natural origin, UA",Elementary flows/Resource/in water,m3,elementary,,,
3462,false,689ee1ff-75ef-3833-8b99-344e60af99f1,"Water, UA",Elementary flows/Emission to water/unspecified,m3,elementary,,,
3463,false,1499beff-e008-4efa-9e47-0f6095b0ffc4,Beryllium II,Elementary flows/Emission to water/lake,kg,elementary,,,
3464,false,f5eb4e80-a7ff-4f1b-b97f-933940bd1377,Polonium-210,Elementary flows/Emission to water/lake,kBq,elementary,,,
3465,false,ad62c648-1af8-4805-bbfb-64c6361eb9f6,Phosphate,Elementary flows/Emission to water/lake,kg,elementary,,,
3466,false,525d2bc8-8e04-4c3e-935f-91af31af1553,Silver I,Elementary flows/Emission to water/lake,kg,elementary,,,
3467,false,e721a68c-18a3-45a4-b41b-4c0a3b3e7dff,Lead-210,Elementary flows/Emission to water/lake,kBq,elementary,,,
3468,false,b4160ac8-a371-49d6-8a4f-6f5fed0e2a0d,Cyanide,Elementary flows/Emission to water/lake,kg,elementary,,,
3469,false,67cb4d1f-1729-409a-945b-cd00a7c02eb5,Uranium-234,Elementary flows/Emission to water/lake,kBq,elementary,,,
3470,false,7b0b1072-209c-4d6f-ac6e-07b921be3919,Fluoride,Elementary flows/Emission to water/lake,kg,elementary,,,
3471,false,57f5082e-71dc-3cfa-ada2-3aa759cc3cba,Chromium III,Elementary flows/Emission to water/lake,kg,elementary,,,
3472,false,cf839cca-1e56-4758-9417-b9a15e414206,Uranium-238,Elementary flows/Emission to water/lake,kBq,elementary,,,
3473,false,f81d4cc9-28ba-3cea-a671-7100d79f7a7c,Sulfide,Elementary flows/Emission to water/lake,kg,elementary,,,
3474,false,821c383d-2f47-4b00-968c-88b269955a00,Uranium-235,Elementary flows/Emission to water/lake,kBq,elementary,,,
3475,false,df82c564-20c9-37c7-8875-de860156439a,"Hydrocarbons, unspecified",Elementary flows/Emission to water/lake,kg,elementary,,,
3476,false,d69a88ae-927d-328f-b750-857b2c44131f,Carbonate,Elementary flows/Emission to water/lake,kg,elementary,,,
3477,false,08ba90dc-28c6-4c48-8e90-51b61139734f,Titanium ion,Elementary flows/Emission to water/lake,kg,elementary,,,
3478,true,f8b55757-7bc1-38e6-b663-6053878c7ebb,"Water, process, unspecified natural origin/m3",Elementary flows/Resource/land,m3,elementary,,,
3479,false,2532ad6d-4361-3506-ad1c-30c1428e3d07,"Water, FR",Elementary flows/Emission to air/unspecified,kg,elementary,,,
3480,true,e86c6358-1283-31b1-af5d-6bf05fc58ff8,"Water, cooling, unspecified natural origin, RER",Elementary flows/Resource/in water,m3,elementary,,,
3481,false,39ae5b84-2661-4d9d-9b27-1f0926c996dc,"Ethane, 1,1-dichloro-",Elementary flows/Emission to air/unspecified,kg,elementary,,,
3482,false,f1272c75-fcd8-4a07-af18-f4d71e8e13eb,"Ethane, 1,1-dichloro-",Elementary flows/Emission to water/unspecified,kg,elementary,,,
3483,false,097cecfb-bed2-43a0-81b7-c153d0bb14b9,Phosphine,Elementary flows/Emission to air/unspecified,kg,elementary,,,
3484,false,1d444a45-70c4-4718-8427-1c0fff91f88e,Vinyl acetate,Elementary flows/Emission to air/unspecified,kg,elementary,,,
3485,false,5aa1acb8-2256-4929-ab99-0f0feff8d459,"1,2-DICHLOROETHYLENE",Elementary flows/Emission to air/unspecified,kg,elementary,,,
3486,false,aeae7594-af69-46d2-9965-8c235b5c3fe3,Arsine,Elementary flows/Emission to air/unspecified,kg,elementary,,,
3487,false,3fa03c96-b976-4f0f-8089-220968515ee1,"Ethene, trichloro-",Elementary flows/Emission to air/unspecified,kg,elementary,,,
3488,false,613c8699-aaaa-435d-9834-22620b96f87f,TRICHLOROETHANE,Elementary flows/Emission to air/unspecified,kg,elementary,,,
3489,false,ece68c56-e5e2-4190-baa3-53582c6d78f9,"1,1-Dichloroethylene",Elementary flows/Emission to air/unspecified,kg,elementary,,,
3490,false,391e5b72-7705-467f-ae7f-f44875b5f18b,Chlorophenols unspecified,Elementary flows/Emission to water/unspecified,kg,elementary,,,
3491,true,84b4aad2-e075-3283-9e44-a1ef7b4ad3d1,"Water, well, GLO",Elementary flows/Resource/in water,m3,elementary,,,
3492,false,f53cd01a-429f-3c68-9104-d851478a582a,"Water, NG",Elementary flows/Emission to water/unspecified,m3,elementary,,,
3493,true,5be12c93-e3f1-3ea2-bddc-f93faa030aa6,"Water, unspecified natural origin, NG",Elementary flows/Resource/in water,m3,elementary,,,
3494,true,0a89160c-168b-3315-a7f7-5543bc60cedf,"Water, unspecified natural origin, JP",Elementary flows/Resource/in water,m3,elementary,,,
3495,false,5f0983e4-139f-3f15-851c-cc728f86e7d2,"Water, JP",Elementary flows/Emission to water/unspecified,m3,elementary,,,
3496,false,484d948e-3c82-3806-9b10-75e0250b8cd7,"Water, SK",Elementary flows/Emission to air/unspecified,kg,elementary,,,
3497,false,27c7cf05-a12b-3dfb-ac83-863c0716ad29,"Acetylene, dichloro-",Elementary flows/Emission to air/high population density,kg,elementary,,,
3498,false,fa9cdb03-4565-3b75-9e0a-f333fe4a5f63,"Butane, perfluorocyclo-, PFC-318",Elementary flows/Emission to air/high population density,kg,elementary,,,
3499,false,51cd1fb1-dbac-368a-9d68-953b7b494cc8,"Propane, perfluorocyclo-",Elementary flows/Emission to air/high population density,kg,elementary,,,
3500,true,e2142b9a-dcaa-3d50-bae4-a1a5193d1f91,"Water, unspecified natural origin, BE",Elementary flows/Resource/in water,m3,elementary,,,
3501,false,1a7ccadf-90d4-3dd1-ad01-17c0ab9739ef,"Water, BE",Elementary flows/Emission to water/unspecified,m3,elementary,,,
3502,false,e1719985-12b1-3983-8b2b-4a76a7d7e71e,"Water, SI",Elementary flows/Emission to air/unspecified,kg,elementary,,,
3503,true,8d846589-ed6a-3f95-ad4a-4bd969a36ffb,"Energy, from peat",Elementary flows/Resource/in ground,MJ,elementary,,,
3504,false,1dee5e4c-8599-32e3-8b54-e88d4dd784ce,"Water, AT",Elementary flows/Emission to water/unspecified,m3,elementary,,,
3505,true,2209c8ab-e9e5-3d80-91df-2ab294dace23,"Water, unspecified natural origin, AT",Elementary flows/Resource/in water,m3,elementary,,,
3506,true,d2fc8c70-6510-3f1f-933a-39f3a263c609,"Water, process, unspecified natural origin/kg",Elementary flows/Resource/unspecified,kg,elementary,,,
3507,false,f7615642-73fd-3774-839f-d23c91b9e8bb,"Water, MX",Elementary flows/Emission to water/unspecified,m3,elementary,,,
3508,true,e019ad54-9648-3c71-bf85-3143e6a52f9c,"Water, unspecified natural origin, MX",Elementary flows/Resource/in water,m3,elementary,,,
3509,true,aa13e363-e58b-3b01-bb51-e5fb7b07a4e8,"Water, unspecified natural origin, DZ",Elementary flows/Resource/in water,m3,elementary,,,
3510,false,1a27d732-bdf4-3f6c-aec8-60afb72100c3,"Water, DZ",Elementary flows/Emission to water/unspecified,m3,elementary,,,
3511,true,fc5a32f2-49fe-301b-8b83-0cf215b5df36,"Water, unspecified natural origin, AO",Elementary flows/Resource/in water,m3,elementary,,,
3512,false,fcc4a095-013f-3c8a-a639-08b2fc14a0fb,"Water, AO",Elementary flows/Emission to water/unspecified,m3,elementary,,,
3513,false,36508f9f-395e-3d19-8ba7-1614c7727d49,"Water, KW",Elementary flows/Emission to water/unspecified,m3,elementary,,,
3514,true,968a83cf-8765-4b39-801a-af9c0c712370,"Water, unspecified natural origin, KW",Elementary flows/Resource/in water,m3,elementary,,,
3515,false,26950dc0-37cf-329c-af2f-08fbc0fc0988,"Water, IE",Elementary flows/Emission to air/unspecified,kg,elementary,,,
3516,false,c5143ea9-2dbd-34a7-be34-c3d0c390c493,"Water, DE",Elementary flows/Emission to air/unspecified,kg,elementary,,,
3517,true,5ef54da5-e7c2-3ac7-a01c-45725d131111,"Water, unspecified natural origin, IL",Elementary flows/Resource/in water,m3,elementary,,,
3518,false,8346e0e9-d99a-3a47-a6db-d5aac8f2b117,"Water, IL",Elementary flows/Emission to water/unspecified,m3,elementary,,,
3519,false,9200b631-008c-316e-8fc2-60abefd273f8,"Water, IR",Elementary flows/Emission to water/unspecified,m3,elementary,,,
3520,true,4db66345-a222-38d0-b927-71354c79ab5e,"Water, unspecified natural origin, IR",Elementary flows/Resource/in water,m3,elementary,,,
3521,false,6a0dcabc-a85c-4a90-a989-afaf85d095b9,lithium,Elementary flows/Emission to water/ocean,kg,elementary,,,
3522,false,cb70e681-7ff8-3f19-971d-cbea5477b81a,"Water, PT",Elementary flows/Emission to air/unspecified,kg,elementary,,,
3523,true,04eb6f40-8671-3a31-b27b-ef82f04be46f,"Occupation, annual crop, non-irrigated, diverse-intensive",Elementary flows/Resource/land,m2*a,elementary,,,
3524,true,93c1f160-9027-469e-bbb3-32f2ca951759,"Transformation, from arable, non-irrigated, diverse-intensive",Elementary flows/Resource/unspecified,m2,elementary,,,
3525,false,58fa4e22-3803-30c5-880f-e08a1f96aeeb,"Water, NZ",Elementary flows/Emission to air/unspecified,kg,elementary,,,
3526,false,2d7c74f8-7351-3162-bf20-38cd98e57f7f,"Water, NO",Elementary flows/Emission to air/unspecified,kg,elementary,,,
3527,false,c7c142c6-6b81-32cd-865c-b75e2b692b51,"Water, NO",Elementary flows/Emission to water/unspecified,m3,elementary,,,
3528,true,b814ad10-9968-3b90-98d4-ea45fa736cd8,"Water, unspecified natural origin, NO",Elementary flows/Resource/in water,m3,elementary,,,
3529,true,91255acb-4f00-386b-a992-69fb9ee23a6a,"Water, unspecified natural origin, KR",Elementary flows/Resource/in water,m3,elementary,,,
3530,true,66e3f915-d5e1-3df9-8e35-3c2cbb83d132,"Water, unspecified natural origin, FR",Elementary flows/Resource/in water,m3,elementary,,,
3531,false,39c34b78-35fe-3932-8866-af14c1ef822d,"Water, FR",Elementary flows/Emission to water/unspecified,m3,elementary,,,
3532,false,6fbd3c82-de27-3743-87ae-35df6dd76a15,"Water, TH",Elementary flows/Emission to air/unspecified,kg,elementary,,,
3533,true,2f0c7a7b-a356-32e7-a4bc-8b7659cd280e,"Water, unspecified natural origin, GR",Elementary flows/Resource/in water,m3,elementary,,,
3534,false,91f06f27-d8d9-30ec-bec0-b439985fb132,"Water, GR",Elementary flows/Emission to water/unspecified,m3,elementary,,,
3535,false,9048d9b8-3e23-341c-8309-66e2bab1a3b8,"Water, MY",Elementary flows/Emission to water/unspecified,m3,elementary,,,
3536,true,b94df422-b76f-3d10-91ef-83dc99967b51,"Water, unspecified natural origin, MY",Elementary flows/Resource/in water,m3,elementary,,,
3537,false,f7ef52c3-1fc7-4c2f-b002-83fab5a50a7f,Sulfide,Elementary flows/Emission to water/ground water,kg,elementary,,,
3538,false,98f556eb-e45d-3acd-bcdf-74f4f720310d,"Water, BE",Elementary flows/Emission to air/unspecified,kg,elementary,,,
3539,false,f279687b-4634-39f6-90e5-d338f4788905,"Water, ID",Elementary flows/Emission to water/unspecified,m3,elementary,,,
3540,true,a86039a0-60df-3c4a-8747-396c7f654613,"Water, unspecified natural origin, ID",Elementary flows/Resource/in water,m3,elementary,,,
3541,false,e21021ad-6c67-3885-bd39-6a1b9195af06,"Water, BR",Elementary flows/Emission to air/unspecified,kg,elementary,,,
3542,false,08a91e70-3ddc-11dd-92b1-0050c2490048,"Dibenz(a,h)anthracene",Elementary flows/Emission to air/unspecified,kg,elementary,,,
3543,false,e5a181b4-6dce-465d-bcc5-2f2a5f5b4376,Dicamba,Elementary flows/Emission to water/fresh water,kg,elementary,,,
3544,false,d02e018f-d996-4cd8-9306-ddedb781efde,Hexane,Elementary flows/Emission to water/fresh water,kg,elementary,,,
3545,false,a5b846ff-3ee4-36d7-8b98-5c3c97de627f,p-Cresol,Elementary flows/Emission to air/unspecified,kg,elementary,,,
3546,true,172b2805-6556-11dd-ad8b-0800200c9a66,Soil,Elementary flows/Resource/in ground,kg,elementary,,,
3547,true,fe0acd60-3ddc-11dd-acd8-0050c2490048,Magnesium chloride,Elementary flows/Resource/in ground,kg,elementary,,,
3548,false,41075347-53b4-40dc-a00e-5edf9f19cf09,Benomyl,Elementary flows/Emission to water/fresh water,kg,elementary,,,
3549,false,a1861c61-3190-41ff-abbf-0c352f61db6b,Deltamethrin,Elementary flows/Emission to water/fresh water,kg,elementary,,,
3550,false,3302f7f2-5099-45be-92e0-73cda30f2832,"Methane, monochloro-, R-40",Elementary flows/Emission to water/fresh water,kg,elementary,,,
3551,false,e06e2e1e-ad87-49e2-a184-f2d1c48b7b46,Chlorotrifluoromethane,Elementary flows/Emission to air/unspecified,kg,elementary,,,
3552,false,2094c764-dab5-4bea-9109-f631e5bcd5a8,Sulfide,Elementary flows/Emission to soil/industrial,kg,elementary,,,
3553,false,7a310634-fe4e-4815-a971-ceaf4a4c982b,Methomyl,Elementary flows/Emission to water/fresh water,kg,elementary,,,
3554,false,1ddb3480-3426-4541-a201-592d4c6fe6aa,Methyl methacrylate,Elementary flows/Emission to air/unspecified,kg,elementary,,,
3555,true,d1b66818-3611-341d-9535-a1ad6d19fa9f,"Sand, resource correction",Elementary flows/Resource/unspecified,kg,elementary,,,
3556,false,b242db32-4c73-494b-be0d-7d17a15361cc,Waste water,Elementary flows/Emission to water/ocean,kg,elementary,,,
3557,false,0ad5e195-d1c2-3917-8426-52b4d235efd0,Bromide,Elementary flows/Emission to soil/industrial,kg,elementary,,,
3558,false,777a03c9-0e1f-44f0-a507-2032473a6f31,Styrene,Elementary flows/Emission to water/fresh water,kg,elementary,,,
3559,true,c73e75dc-c02d-4192-ab43-faf29c119fae,Pyrite,Elementary flows/Resource/in ground,kg,elementary,,,
3560,false,25ca862e-55b9-3922-ad34-8191dbe5dd0f,"Acidity, unspecified",Elementary flows/Emission to soil/industrial,kg,elementary,,,
3561,false,d9a5b786-d06c-44af-a088-b070aa605d9b,Trifluralin,Elementary flows/Emission to air/unspecified,kg,elementary,,,
3562,false,281e1011-f121-4d5b-ad4d-22d562b2c2cd,Pentafluoroethane,Elementary flows/Emission to air/unspecified,kg,elementary,,,
3563,false,fe0acd60-3ddc-11dd-a2b8-0050c2490048,Benzo(a)anthracene,Elementary flows/Emission to water/ocean,kg,elementary,,,
3564,false,6d495a70-a591-4878-bb30-33290b66191b,Atrazine,Elementary flows/Emission to water/fresh water,kg,elementary,,,
3565,false,47859760-4329-4dde-9c61-2e7a2401d3c5,Xenon-137,Elementary flows/Emission to air/unspecified,kBq,elementary,,,
3566,false,e17ecc95-00ce-496d-8864-4728a6069971,Phosphate,Elementary flows/Emission to soil/industrial,kg,elementary,,,
3567,false,08a91e70-3ddc-11dd-9745-0050c2490048,Oxygen,Elementary flows/Emission to air/unspecified,kg,elementary,,,
3568,false,72721c4e-d589-4ad7-8c5e-4228b8690ddb,Waste water,Elementary flows/Emission to water/fresh water,kg,elementary,,,
3569,true,929b7d7e-39d5-4320-8282-856d9a9f7f3f,Platinum,Elementary flows/Resource/unspecified,kg,elementary,,,
3570,false,a0b899a2-77b3-4a06-be76-4dabb4b9512a,Fipronil,Elementary flows/Emission to water/fresh water,kg,elementary,,,
3571,false,8006ffd0-4594-41bd-b9cb-aea0ef9d7a98,Ammonia,Elementary flows/Emission to soil/industrial,kg,elementary,,,
3572,false,4d54a087-6fd2-4cb9-b1bc-3cc4659b3422,Benzo(a)anthracene,Elementary flows/Emission to air/unspecified,kg,elementary,,,
3573,false,08a91e70-3ddc-11dd-96ee-0050c2490048,Nitrogen monoxide,Elementary flows/Emission to air/unspecified,kg,elementary,,,
3574,false,ba0955c6-7f71-4f48-b6dc-190dae2239e9,Deltamethrin,Elementary flows/Emission to air/unspecified,kg,elementary,,,
3575,false,680e7af3-30cb-4581-b650-b04fa1eb791a,Chrysene,Elementary flows/Emission to water/fresh water,kg,elementary,,,
3576,false,c9bf4390-00fd-40f2-a010-c9d0a584eb77,Trifluralin,Elementary flows/Emission to water/fresh water,kg,elementary,,,
3577,false,3350efd8-d98a-4683-9a13-ac69bab90c5f,Triethylene glycol,Elementary flows/Emission to water/fresh water,kg,elementary,,,
3578,false,6592e729-c2a4-4d33-86ca-5b86cdf7cdc7,Tetrachloroethylene,Elementary flows/Emission to water/ocean,kg,elementary,,,
3579,false,faa13739-2197-355f-a04b-b25804f60478,P-cyanophenol,Elementary flows/Emission to soil/industrial,kg,elementary,,,
3580,false,16b7f067-6688-32fc-ad9e-21314a2dd232,Sulfur trioxide,Elementary flows/Emission to water/unspecified,kg,elementary,,,
3581,true,c132f668-6330-45fe-b230-d8de62e64ff1,Oxygen,Elementary flows/Resource/in air,kg,elementary,,,
3582,false,c25abc19-d0c4-4246-b6d6-a4418f673bb0,Acrylonitrile,Elementary flows/Emission to water/fresh water,kg,elementary,,,
3583,false,f5e7f3b4-6423-4914-bb36-d6f52b8e5dbb,Xenon-135,Elementary flows/Emission to air/unspecified,kBq,elementary,,,
3584,false,59e1e295-5efb-3dff-8379-8f3c75bec7a4,Used air,Elementary flows/Emission to air/unspecified,kg,elementary,,,
3585,false,c20aed18-4490-4a58-af72-71bdf0f70954,Decane,Elementary flows/Emission to soil/industrial,kg,elementary,,,
3586,true,60b25e78-1d4f-39f3-9894-2338422a0351,Iridium,Elementary flows/Resource/unspecified,kg,elementary,,,
3587,false,08a91e70-3ddc-11dd-9686-0050c2490048,Anthracene,Elementary flows/Emission to water/ocean,kg,elementary,,,
3588,false,f81426cd-fb74-4265-bffc-c97566623bf5,Dicamba,Elementary flows/Emission to air/unspecified,kg,elementary,,,
3589,false,34698efa-71c8-4fec-9a43-6529f45887ac,Diethylamine,Elementary flows/Emission to air/unspecified,kg,elementary,,,
3590,false,28b4d99e-6111-4ef9-8c34-10f94fff9309,Uranium-234,Elementary flows/Emission to water/ocean,kBq,elementary,,,
3591,false,7f063256-36d5-4558-a640-5b2cc1f85cb7,Dimethenamid,Elementary flows/Emission to water/fresh water,kg,elementary,,,
3592,false,557280c6-27c2-40a2-84ab-a98d2660ad91,Sulfate,Elementary flows/Emission to soil/industrial,kg,elementary,,,
3593,false,08a91e70-3ddc-11dd-97d8-0050c2490048,Arsenic trioxide,Elementary flows/Emission to air/unspecified,kg,elementary,,,
3594,false,90bda18e-57be-4070-a385-50b4c1c95ce6,Benzo(k)fluoranthene,Elementary flows/Emission to water/fresh water,kg,elementary,,,
3595,false,0267272f-ea07-498a-9723-43583f115b46,Protactinium-234,Elementary flows/Emission to air/unspecified,kBq,elementary,,,
3596,false,d7606d42-844f-49ea-bed6-c67733bc04f4,Plutonium-alpha,Elementary flows/Emission to water/fresh water,kBq,elementary,,,
3597,true,1b8d1b12-8538-11e0-9d78-0800200c9a66,Nitrogen,Elementary flows/Resource/in air,kg,elementary,,,
3598,false,0125d40c-b7e8-4f98-a5ac-09115efeb568,Hydrocyanic acid,Elementary flows/Emission to air/unspecified,kg,elementary,,,
3599,true,384e875d-2237-4d74-8f62-6b04173f656b,Peat,Elementary flows/Resource/in ground,kg,elementary,,,
3600,false,486ac967-6912-47ad-bd97-ee5774ae940e,Methomyl,Elementary flows/Emission to air/unspecified,kg,elementary,,,
3601,false,6d68481c-c667-4cda-b7c0-36b31872a93e,Benzo(a)anthracene,Elementary flows/Emission to water/fresh water,kg,elementary,,,
3602,false,29d1b020-c34b-4252-beb1-83796ef5e187,Curium alpha,Elementary flows/Emission to water/fresh water,kBq,elementary,,,
3603,false,82704d17-f5dc-43af-9693-45479450755b,"Phenol, pentachloro-",Elementary flows/Emission to water/fresh water,kg,elementary,,,
3604,false,4d9a8790-3ddd-11dd-94a9-0050c2490048,Benzo(k)fluoranthene,Elementary flows/Emission to water/ocean,kg,elementary,,,
3605,false,4d9a8790-3ddd-11dd-94a1-0050c2490048,Benzo(k)fluoranthene,Elementary flows/Emission to air/unspecified,kg,elementary,,,
3606,false,10555050-586c-46b7-848e-9d90324d104b,Silicon tetrafluoride,Elementary flows/Emission to air/unspecified,kg,elementary,,,
3607,false,a7af86a7-9b67-45b7-ad3d-dede0adb9d15,Mancozeb,Elementary flows/Emission to water/fresh water,kg,elementary,,,
3608,false,8f62b772-7c20-4b8f-9bf8-5c02509a45a2,Hexane,Elementary flows/Emission to water/ocean,kg,elementary,,,
3609,false,262cc485-4e2d-44af-bb1a-c52868186d0b,Butyl acetate,Elementary flows/Emission to air/unspecified,kg,elementary,,,
3610,true,a6f520ba-97fe-411f-9a62-3338195595ee,Basalt,Elementary flows/Resource/in air,kg,elementary,,,
3611,false,fe0acd60-3ddc-11dd-aaaa-0050c2490048,Hydrogen bromide,Elementary flows/Emission to air/unspecified,kg,elementary,,,
3612,false,e794472e-5ee2-4f30-8522-deadba411a79,Atrazine,Elementary flows/Emission to air/unspecified,kg,elementary,,,
3613,false,1dc23713-5d50-3df2-9d1e-7701fa59fa39,N-octane,Elementary flows/Emission to air/unspecified,kg,elementary,,,
3614,false,fe0acd60-3ddc-11dd-a7b9-0050c2490048,Chrysene,Elementary flows/Emission to water/ocean,kg,elementary,,,
3615,false,02d18acf-ec93-467e-a467-cfb4452fb55b,Cresol,Elementary flows/Emission to water/fresh water,kg,elementary,,,
3616,false,fe0acd60-3ddc-11dd-9fcf-0050c2490048,Caprolactam,Elementary flows/Emission to air/unspecified,kg,elementary,,,
3617,true,08a91e70-3ddc-11dd-97ec-0050c2490048,Calcium chloride,Elementary flows/Resource/in ground,kg,elementary,,,
3618,false,fe0acd60-3ddc-11dd-a95a-0050c2490048,Hydrogen iodide,Elementary flows/Emission to air/unspecified,kg,elementary,,,
3619,false,7672267f-4541-4c9a-9ca0-ec2f41b95cbc,Beryllium II,Elementary flows/Emission to water/ocean,kg,elementary,,,
3620,false,312aaf26-d20f-4cb3-a556-e1ef03b10ab5,Mancozeb,Elementary flows/Emission to air/unspecified,kg,elementary,,,
3621,true,4c8b42bd-8911-49ab-b937-f3679759cca6,Basalt,Elementary flows/Resource/biotic,kg,elementary,,,
3622,true,041fab30-6556-11dd-ad8b-0800200c9a66,Platinum,Elementary flows/Resource/in ground,kg,elementary,,,
3623,false,9cf5cb40-6129-4fed-8fed-23026538289f,Acetochlor,Elementary flows/Emission to water/fresh water,kg,elementary,,,
3624,false,d2d7723b-a37f-4491-9406-c32a87d50f56,Benomyl,Elementary flows/Emission to air/unspecified,kg,elementary,,,
3625,false,08a91e70-3ddc-11dd-9473-0050c2490048,Hexamethylene diamine,Elementary flows/Emission to air/unspecified,kg,elementary,,,
3626,false,e79e03c3-5b19-45f6-b3f3-bf710c6663d2,Nitrogen fluoride,Elementary flows/Emission to air/unspecified,kg,elementary,,,
3627,false,898c1c27-5cc0-4713-89f6-1ab864aadc44,Thorium-234,Elementary flows/Emission to air/unspecified,kBq,elementary,,,
3628,true,fe0acd60-3ddc-11dd-aaa4-0050c2490048,Air,Elementary flows/Resource/in air,kg,elementary,,,
3629,false,2ae53816-d258-4a14-83a6-ca8454eb361e,Hydrogen fluoride,Elementary flows/Emission to water/fresh water,kg,elementary,,,
3630,false,2941714a-58f7-382e-be56-51d6e5cb4af0,Propylene glycol methyl ether acetate,Elementary flows/Emission to air/unspecified,kg,elementary,,,
3631,false,165aaeac-93d1-4afd-adf2-e3d6c0eaf629,Cyclohexane,Elementary flows/Emission to air/unspecified,kg,elementary,,,
3632,false,18452b50-8c57-41d2-bbdd-37996c455771,Acetic acid,Elementary flows/Emission to water/ocean,kg,elementary,,,
3633,false,1a3cb020-8e07-4ab4-8352-b215227eede0,Ruthenium-106,Elementary flows/Emission to water/fresh water,kBq,elementary,,,
3634,false,f2257f56-3ca5-41a9-b1e8-da1e18d43738,"Ethane, 1,2-dibromo-",Elementary flows/Emission to water/fresh water,kg,elementary,,,
3635,false,1ec50b9b-a7c3-4c2a-ac48-91600c498507,Anthracene,Elementary flows/Emission to water/fresh water,kg,elementary,,,
3636,true,c3ae56cd-b714-330e-a5f5-bfba53fd3b06,"Energy, from hydro power",Elementary flows/Resource/in water,MJ,elementary,,,
3637,false,2cbfe861-7436-4a43-8892-f057320dc57d,Xenon-138,Elementary flows/Emission to air/unspecified,kBq,elementary,,,
3638,false,02d76658-26bd-4b75-b52e-f1db3139d7a4,Nitrate,Elementary flows/Emission to soil/industrial,kg,elementary,,,
3639,false,d54e12bc-09e2-4e50-9371-78b3f407244f,Terbufos,Elementary flows/Emission to water/fresh water,kg,elementary,,,
3640,false,61959a56-e6c3-4f90-951d-a64be86964d6,Chlorine,Elementary flows/Emission to soil/industrial,kg,elementary,,,
3641,false,7906d330-8adb-4fc9-9266-24139fdda106,Alachlor,Elementary flows/Emission to water/fresh water,kg,elementary,,,
3642,false,a38a4244-89cf-4fad-b6bc-26699f205042,Decane,Elementary flows/Emission to water/fresh water,kg,elementary,,,
3643,false,63e7d747-8549-11e0-9d78-0800200c9a66,Fluoride,Elementary flows/Emission to air/unspecified,kg,elementary,,,
3644,false,cfd2030e-0fb3-4946-8a0b-9d1667aceb77,Anthracene,Elementary flows/Emission to air/unspecified,kg,elementary,,,
3645,false,b3ac5da9-ea25-34da-b1ac-a6b9adc9c9d6,Methyl mercaptan,Elementary flows/Emission to air/unspecified,kg,elementary,,,
3646,false,c0246545-bda6-4d9e-ba74-307f3c1d2157,Glyphosate,Elementary flows/Emission to air/unspecified,kg,elementary,,,
3647,false,fe0acd60-3ddc-11dd-a9e5-0050c2490048,Naphthalene,Elementary flows/Emission to water/ocean,kg,elementary,,,
3648,false,0d9f1f58-e5b6-4387-a22e-ae28c4ccfc6a,"Ethane, 1,1,2-trifluoro-, HFC-143",Elementary flows/Emission to air/unspecified,kg,elementary,,,
3649,false,49e82a9e-331a-45e1-8a86-ff1526045fc8,"Benzo(g,h,i)perylene",Elementary flows/Emission to air/unspecified,kg,elementary,,,
3650,false,6b6cefe7-2af4-4a03-a08a-cbc8bbbcb33b,"Indeno(1,2,3-cd)pyrene",Elementary flows/Emission to air/unspecified,kg,elementary,,,
3651,false,e6183e67-e45e-4d8d-a9ec-85ba8d7d1600,Xenon-131m,Elementary flows/Emission to air/unspecified,kBq,elementary,,,
3652,false,05595ddf-01ce-49dc-8854-eeb419b7d4c3,Fluoranthene,Elementary flows/Emission to water/fresh water,kg,elementary,,,
3653,false,e7edd471-6c72-42b0-8c2b-8dc9f1959c63,Argon-41,Elementary flows/Emission to air/unspecified,kBq,elementary,,,
3654,false,29066274-6556-11dd-ad8b-0800200c9a66,"Acidity, unspecified",Elementary flows/Emission to air/unspecified,kg,elementary,,,
3655,false,eb3a772f-958c-4b2e-8d0c-68d98459f70f,Naphthalene,Elementary flows/Emission to water/fresh water,kg,elementary,,,
3656,false,df5f3f08-b71d-4816-b861-59604c1e6f11,Carbon-14,Elementary flows/Emission to water/ocean,kBq,elementary,,,
3657,false,fe0acd60-3ddc-11dd-9f5a-0050c2490048,Lead dioxide,Elementary flows/Emission to air/unspecified,kg,elementary,,,
3658,true,ff590d5c-8e87-3d10-8e3d-b0c4d68568fc,"Wood, unspecified, standing/kg",Elementary flows/Resource/unspecified,kg,elementary,,,
3659,false,91a4d977-09e4-4994-acce-8b32ee98d565,Tetrachloroethylene,Elementary flows/Emission to water/fresh water,kg,elementary,,,
3660,false,b49df340-eefd-49af-9094-4a7ba44029dd,Dimethenamid,Elementary flows/Emission to air/unspecified,kg,elementary,,,
3661,false,43c4c6d3-a138-4ca5-bef9-e50fa133a333,Fipronil,Elementary flows/Emission to air/unspecified,kg,elementary,,,
3662,false,3f719ae6-5061-4d79-8b41-c71894928140,"Propane, 1,2-dichloro-",Elementary flows/Emission to water/fresh water,kg,elementary,,,
3663,false,9f2d488e-c37a-4507-86c3-0b35f628ca30,Hydrochloric acid,Elementary flows/Emission to water/fresh water,kg,elementary,,,
3664,false,0d25326e-2335-4a06-8ecb-d161f02adccf,"Benzene, 1,2,4-trimethyl-",Elementary flows/Emission to air/unspecified,kg,elementary,,,
3665,false,08a91e70-3ddc-11dd-91ae-0050c2490048,Acrylonitrile,Elementary flows/Emission to air/unspecified,kg,elementary,,,
3666,false,580aa85d-e40c-4509-8d97-4955f0df1971,M-CRESOL,Elementary flows/Emission to air/unspecified,kg,elementary,,,
3667,false,52e025e9-aa34-4157-9e19-10b8205974da,Chrysene,Elementary flows/Emission to air/unspecified,kg,elementary,,,
3668,false,e5cf113b-af17-4b49-a15a-105b94f49096,Terbufos,Elementary flows/Emission to air/unspecified,kg,elementary,,,
3669,false,0b7e10a8-6ca0-4a50-a39b-f2a019cb3610,Nitrogen dioxide,Elementary flows/Emission to air/unspecified,kg,elementary,,,
3670,false,c701f32d-24aa-4929-a52e-fb45e8d1a143,Tin oxide,Elementary flows/Emission to air/unspecified,kg,elementary,,,
3671,false,4d9a8790-3ddd-11dd-8f56-0050c2490048,Cresol,Elementary flows/Emission to water/ocean,kg,elementary,,,
3672,false,4d9a8790-3ddd-11dd-9448-0050c2490048,Zinc oxide,Elementary flows/Emission to air/unspecified,kg,elementary,,,
3673,false,08a91e70-3ddc-11dd-980c-0050c2490048,Decane,Elementary flows/Emission to water/ocean,kg,elementary,,,
3674,false,7d1fe6d6-5635-314e-8559-ba9b7f41691e,"Propane, 1,1,1,3,3-pentafluoro-, HFC-245fa",Elementary flows/Emission to air/unspecified,kg,elementary,,,
3675,false,15480380-fe67-4936-bac4-6d18f973b7e3,Glyphosate,Elementary flows/Emission to water/fresh water,kg,elementary,,,
3676,false,25caf528-ad96-4bed-b053-b232cf93afcd,Fluoranthene,Elementary flows/Emission to air/unspecified,kg,elementary,,,
3677,false,0f54a3c3-f4fc-421a-8e5d-e2c207fce5d0,(Aminooxy)(hydroxy)sulfane dioxide,Elementary flows/Emission to soil/industrial,kg,elementary,,,
3678,false,edf1afb4-95cd-4482-b00d-6c814e08c807,Acetochlor,Elementary flows/Emission to air/unspecified,kg,elementary,,,
3679,false,8cd82962-d90f-409a-b3c1-961d5365d338,Antimony-124,Elementary flows/Emission to air/unspecified,kBq,elementary,,,
3680,false,cba1e93e-9729-3fdc-9ad9-9275da061a8c,Hydrogen cyanide,Elementary flows/Emission to water/river,kg,elementary,,,
3681,false,63e7b031-8549-11e0-9d78-0800200c9a66,Chloride,Elementary flows/Emission to air/unspecified,kg,elementary,,,
3682,false,dd03814e-c0f1-4953-b685-760c7e85272a,Fluorine,Elementary flows/Emission to water/fresh water,kg,elementary,,,
3683,false,d134df3d-b37d-4c58-9913-b1653cdca3cc,Ruthenium-106,Elementary flows/Emission to water/ocean,kBq,elementary,,,
3684,false,fe0acd60-3ddc-11dd-a5e3-0050c2490048,Fluoranthene,Elementary flows/Emission to water/ocean,kg,elementary,,,
3685,false,75deed5b-c78a-33e5-b4c3-f5850f833ac1,Arsenic V,Elementary flows/Emission to soil/industrial,kg,elementary,,,
3686,false,c4147102-fe11-3857-a3a4-f063f92bd8fd,"Water, FI",Elementary flows/Emission to air/unspecified,kg,elementary,,,
3687,true,5f9e8551-455c-393e-86c9-27683f6d9d5f,"Water, unspecified natural origin, ES",Elementary flows/Resource/in water,m3,elementary,,,
3688,false,bc96b205-2ac3-356c-9348-3d9180e6f7e7,"Water, ES",Elementary flows/Emission to water/unspecified,m3,elementary,,,
3689,true,0442b465-5c0f-4ca3-835f-35c71d84cf84,"Water, unspecified natural origin, IN",Elementary flows/Resource/in water,m3,elementary,,,
3690,false,a3e87835-8723-3005-b2a3-4a5fe2da48ff,"Water, IN",Elementary flows/Emission to water/unspecified,m3,elementary,,,
3691,false,1a3a3a87-cd57-3f58-b363-1e40a8326edc,"Water, GB",Elementary flows/Emission to water/unspecified,m3,elementary,,,
3692,true,191319b7-f72f-3f3a-b2cd-56ea835f9c35,"Water, unspecified natural origin, GB",Elementary flows/Resource/in water,m3,elementary,,,
3693,false,ffbe8447-6d78-46dd-8378-47019a82ce82,Thorium-232,Elementary flows/Emission to water/ground water,kBq,elementary,,,
3694,false,37b1a5b2-9b3b-4966-a979-084cf2091128,Vinyl acetate,Elementary flows/Emission to water/unspecified,kg,elementary,,,
3695,false,df56b189-6a5d-4d91-a378-4e5ba1e53dff,"1,1,2,2-Tetrachloroethane",Elementary flows/Emission to air/unspecified,kg,elementary,,,
3696,false,63e7d757-8549-11e0-9d78-0800200c9a66,"Methane, monochloro-, R-40",Elementary flows/Emission to water/unspecified,kg,elementary,,,
3697,true,1b018235-eee1-3b86-a629-ef018e1c4799,"Water, cooling, unspecified natural origin, RER",Elementary flows/Resource/in ground,m3,elementary,,,
3698,false,b652defd-aeb8-3c52-a76d-08f7bc13e6df,"Water, GQ",Elementary flows/Emission to water/unspecified,m3,elementary,,,
3699,true,d9678224-9f7d-3cc6-a6da-7723994ac6c1,"Water, unspecified natural origin, GQ",Elementary flows/Resource/in water,m3,elementary,,,
3700,false,8891ed74-b2ee-3687-b496-163193629141,"Water, NZ",Elementary flows/Emission to water/unspecified,m3,elementary,,,
3701,true,b2560e1a-b327-3887-9eb7-8c146019ba58,"Water, unspecified natural origin, NZ",Elementary flows/Resource/in water,m3,elementary,,,
3702,false,0efc358d-6450-378f-99e8-f67904d41256,"Water, NL",Elementary flows/Emission to air/unspecified,kg,elementary,,,
3703,false,b5963477-68d7-39b7-b3c4-8848ef7b3f26,"Water, TR",Elementary flows/Emission to water/unspecified,m3,elementary,,,
3704,true,e8e6e8f7-373e-3381-b6cf-bb6d4ddb2d76,"Water, unspecified natural origin, TR",Elementary flows/Resource/in water,m3,elementary,,,
3705,false,c3c955b6-ea7d-32a8-ac85-a278f947d1ff,"Water, VE",Elementary flows/Emission to water/unspecified,m3,elementary,,,
3706,true,662a32d3-d2cf-3073-be37-a6f7c43697b7,"Water, unspecified natural origin, VE",Elementary flows/Resource/in water,m3,elementary,,,
3707,false,85ac64f9-3ad8-3c36-8f73-2507d0400a8f,"Water, RO",Elementary flows/Emission to water/unspecified,m3,elementary,,,
3708,true,1ba56136-54c1-3840-ab0c-34f1e333412c,"Water, unspecified natural origin, RO",Elementary flows/Resource/in water,m3,elementary,,,
3709,true,e4521dfd-1897-3ab4-a281-b8de776efeb4,"Water, process, unspecified natural origin/kg",Elementary flows/Resource/land,kg,elementary,,,
3710,false,66fb27c2-c0e3-3eb5-be52-06e5749edcba,"Water, IE",Elementary flows/Emission to water/unspecified,m3,elementary,,,
3711,true,a14b80e7-0349-387a-bdf9-14b4e3175ab7,"Water, unspecified natural origin, IE",Elementary flows/Resource/in water,m3,elementary,,,
3712,false,731adefc-57d1-301d-b4a1-d6bba3cd85f9,"Water, RU",Elementary flows/Emission to water/unspecified,m3,elementary,,,
3713,true,13aaabea-44e4-3313-a5ef-f659583457c8,"Water, unspecified natural origin, RU",Elementary flows/Resource/in water,m3,elementary,,,
3714,false,996ac4d2-6dd8-31f5-a8fa-fb6e3dc8e8a2,"Water, OM",Elementary flows/Emission to water/unspecified,m3,elementary,,,
3715,true,4860998f-d904-455d-96a9-f67462d00c8b,"Water, unspecified natural origin, OM",Elementary flows/Resource/in water,m3,elementary,,,
3716,false,ba7aa999-1469-4e78-8c27-41b08e77af47,Tebupirimfos,Elementary flows/Emission to soil/unspecified,kg,elementary,,,
3717,true,2f931a4c-85e7-32a2-ae1c-5f2ed70f579c,"Occupation, annual crop",Elementary flows/Resource/land,m2*a,elementary,,,
3718,false,35ec8817-55b9-4fdc-badb-8470fa7ebc8e,Cyfluthrin,Elementary flows/Emission to soil/agricultural,kg,elementary,,,
3719,false,6f520895-d257-3a69-ac4d-2ea3adb6645c,"Water, HR",Elementary flows/Emission to air/unspecified,kg,elementary,,,
3720,true,ccb94b1f-82c6-36a8-beab-23780c7aef13,"Water, unspecified natural origin, KZ",Elementary flows/Resource/in water,m3,elementary,,,
3721,false,7b56eb77-cb09-3c2a-a307-ec63f90a3da2,"Water, KZ",Elementary flows/Emission to water/unspecified,m3,elementary,,,
3722,false,c87a653e-d6c6-3475-be9c-4a5466767cf7,"Water, CS",Elementary flows/Emission to air/unspecified,kg,elementary,,,
3723,false,d80d764d-6a49-3688-b1fd-65e0b1501be4,"Water, IL",Elementary flows/Emission to air/unspecified,kg,elementary,,,
3724,false,6570b202-29b7-4525-ab23-c56f1913903d,Silver I,"Elementary flows/Emission to water/river, long-term",kg,elementary,,,
3725,true,51ed3016-26da-36b0-a45b-99d18c196ad8,"Water, unspecified natural origin, UZ",Elementary flows/Resource/in water,m3,elementary,,,
3726,false,5f9c4967-a877-3264-bf3c-e8abf414d2f2,"Water, UZ",Elementary flows/Emission to water/unspecified,m3,elementary,,,
3727,false,1410e5b4-1e67-3cb8-b9b6-b277d1897d48,"Water, QA",Elementary flows/Emission to water/unspecified,m3,elementary,,,
3728,true,da1212dd-fcbc-4dbc-879d-870a8bfc175b,"Water, unspecified natural origin, QA",Elementary flows/Resource/in water,m3,elementary,,,
3729,true,9c902cbf-7ad2-316b-9741-ca1886b12582,"Water, unspecified natural origin, FI",Elementary flows/Resource/in water,m3,elementary,,,
3730,false,b9fd18fc-2ee5-36f7-b739-440e831d3477,"Water, FI",Elementary flows/Emission to water/unspecified,m3,elementary,,,
3731,false,07cc7464-738b-378f-a832-7a50a0bf9963,"Water, TR",Elementary flows/Emission to air/unspecified,kg,elementary,,,
3732,true,b1ce6081-bd7a-3a6b-93ac-db263d62a141,"Water, unspecified natural origin, CL",Elementary flows/Resource/in water,m3,elementary,,,
3733,false,9b709486-884f-3e43-8acd-28289ca79b0e,"Water, CL",Elementary flows/Emission to water/unspecified,m3,elementary,,,
3734,true,c1da8827-6e4a-3fbd-a3aa-756507cb6c2b,"Water, unspecified natural origin, TH",Elementary flows/Resource/in water,m3,elementary,,,
3735,false,c302a479-f891-39b1-acc1-785af3498ed1,"Water, TH",Elementary flows/Emission to water/unspecified,m3,elementary,,,
3736,false,331785e5-d4e6-3d59-aab4-523c3335c226,"Water, DK",Elementary flows/Emission to air/unspecified,kg,elementary,,,
3737,false,7ae398c3-8532-11e0-9d78-0800200c9a66,"Particulates, unspecified",Elementary flows/Emission to air/unspecified,kg,elementary,,,
3738,false,44c1c65e-d7ac-3836-bdee-c186cd62c244,"Water, CO",Elementary flows/Emission to water/unspecified,m3,elementary,,,
3739,true,744c9feb-f213-37a3-b059-d02c95079634,"Water, unspecified natural origin, CO",Elementary flows/Resource/in water,m3,elementary,,,
3740,true,1f336260-3f58-3bde-9a62-471222d9248d,"Water, unspecified natural origin, CZ",Elementary flows/Resource/in water,m3,elementary,,,
3741,false,4b252136-e335-394e-8339-d016b00b3af7,"Water, CZ",Elementary flows/Emission to water/unspecified,m3,elementary,,,
3742,false,086bf8b7-9cea-48d4-9624-c07a9ba609e8,Elemental carbon,Elementary flows/Emission to air/high population density,kg,elementary,,,
