index,is input,flow ID,flow name,flow category,flow unit,flow type,location ID,location name,location code
0,false,f9749677-9c9f-4678-ab55-c607dfdc2cb9,"Carbon dioxide, fossil",Elementary flows/Emission to air/high population density,kg,elementary,,,
1,false,b01462dc-5676-4b86-a3f6-bed1055e0e6b,"Suspended solids, unspecified",Elementary flows/Emission to water/fresh water,kg,elementary,,,
2,true,0c6d244f-6086-3c6e-bd96-f287f8bb74f7,"Water, cooling, unspecified natural origin/m3",Elementary flows/Resource/in water,m3,elementary,,,
3,true,7c337428-fb1b-45c7-bbb2-2ee4d29e17ba,"Gas, natural",Elementary flows/Resource/in ground,m3,elementary,,,
4,false,b411ec8b-c60a-4235-a3b2-8bf8443cbc55,"Heat, waste",Elementary flows/Emission to air/high population density,MJ,elementary,,,
5,false,6edcc2df-88a3-48e1-83d8-ffc38d31c35b,"Carbon monoxide, fossil",Elementary flows/Emission to air/high population density,kg,elementary,,,
6,false,175baa64-d985-4c5e-84ef-67cc3a1cf952,"NMVOC, non-methane volatile organic compounds",Elementary flows/Emission to air/high population density,kg,elementary,,,
7,false,6da0e891-3648-43a5-b0cf-f1872c57db8d,"Oils, unspecified",Elementary flows/Emission to water/unspecified,kg,elementary,,,
8,false,3564b893-744f-326d-a75d-a086409ef6ca,Water,Elementary flows/Emission to water/unspecified,kg,elementary,,,
9,true,19aab6f1-1672-3234-8388-12b718220714,"Water, unspecified natural origin/m3",Elementary flows/Resource/in water,m3,elementary,,,
10,false,5f7aad3d-566c-4d0d-ad59-e765f971aa0f,"Methane, fossil",Elementary flows/Emission to air/high population density,kg,elementary,,,
11,false,5125318a-2e7b-4d2d-a2c9-071fba71cd3a,Sodium,Elementary flows/Emission to water/ocean,kg,elementary,,,
12,false,ed3fdab8-6123-4c08-a25b-0a74a7fa779a,Water,Elementary flows/Emission to water/ocean,kg,elementary,,,
13,false,70ef743b-3ed5-4a6d-b192-fb6d62378555,"Methane, fossil",Elementary flows/Emission to air/low population density,kg,elementary,,,
14,false,d4f02ee2-ecb5-4572-91c8-c20cd2abb2c3,Hypochlorite,Elementary flows/Emission to water/ocean,kg,elementary,,,
15,true,629ffbca-ca71-4e4b-a006-ca9bdd9cd1df,"Water, salt, ocean",Elementary flows/Resource/in water,m3,elementary,,,
16,false,b84e31d0-cf7b-4c3f-bc8a-3cc93bdb30d9,Fluoride,Elementary flows/Emission to water/ground water,kg,elementary,,,
17,true,b6d0042d-0ef8-49ed-9162-a07ff1ccf750,"Coal, hard",Elementary flows/Resource/in ground,kg,elementary,,,
18,false,ca53777e-d36e-4db0-95ce-009f1d8593b8,"Solids, inorganic",Elementary flows/Emission to water/ground water,kg,elementary,,,
19,false,736f52e8-9703-4076-8909-7ae80a7f8005,Ammonium,Elementary flows/Emission to water/ground water,kg,elementary,,,
20,false,51c35cf0-3417-4d42-936f-9a6fd7a2638a,"Suspended solids, unspecified",Elementary flows/Emission to water/ground water,kg,elementary,,,
21,true,a76ab6e5-c67b-35b1-963a-5dc06af130e4,"Gas, mine, off-gas, process, coal mining/m3",Elementary flows/Resource/in ground,m3,elementary,,,
22,true,1eaa9ea4-40b8-414a-b198-5626400372e1,"Occupation, dump site",Elementary flows/Resource/land,m2*a,elementary,,,
23,false,583eec00-1480-4cd7-8670-31eaf94053ad,Manganese,Elementary flows/Emission to water/ground water,kg,elementary,,,
24,false,2e0c9efa-d55c-49db-8be3-0376d5921ff4,Aluminium III,Elementary flows/Emission to water/ground water,kg,elementary,,,
25,true,12264257-7f8b-4afe-b3cb-3ac28ca1661a,"Transformation, from unknown",Elementary flows/Resource/land,m2,elementary,,,
26,false,f2b5acd3-d019-4bab-bbf5-5e40a247059a,Nickel,Elementary flows/Emission to water/ground water,kg,elementary,,,
27,true,379ba5c9-5c3a-43d0-8e2d-605ad9c39e46,"Occupation, mineral extraction site",Elementary flows/Resource/land,m2*a,elementary,,,
28,false,1551f1cd-7cb7-4f68-a628-cb9301323c7b,Radon-222,Elementary flows/Emission to air/low population density,kBq,elementary,,,
29,false,070f9c6e-584d-40ed-8b07-6b1f7f75dd3f,Strontium II,Elementary flows/Emission to water/ground water,kg,elementary,,,
30,false,7678cec7-b8e1-439d-8242-99cd452834b1,"Particulate Matter, > 10 um",Elementary flows/Emission to air/low population density,kg,elementary,,,
31,false,85bec19f-c785-4364-8ef6-472b8e9dd90e,Chloride,Elementary flows/Emission to water/ground water,kg,elementary,,,
32,true,626915e9-2424-4059-8b6a-fae47161acdf,"Transformation, to mineral extraction site",Elementary flows/Resource/land,m2,elementary,,,
33,true,90a5a447-af6f-421a-8201-011f07ad1150,"Transformation, to dump site",Elementary flows/Resource/land,m2,elementary,,,
34,true,0c755f21-5270-3341-9239-4f4fd780e143,"Water, well",Elementary flows/Resource/in water,m3,elementary,,,
35,false,31eacbfc-683a-4d36-afc1-80dee42a3b94,Sulfate,Elementary flows/Emission to water/ground water,kg,elementary,,,
36,false,6c204f18-769f-4195-ab7a-c57138034aec,Iron,Elementary flows/Emission to water/ground water,kg,elementary,,,
37,false,07f704a2-2746-4364-bcfd-606cefc30715,"Heat, waste",Elementary flows/Emission to air/low population density,MJ,elementary,,,
38,false,7e769b3e-03fb-4b53-be15-85a910dcfea9,Zinc II,Elementary flows/Emission to water/ground water,kg,elementary,,,
39,false,0c2efb61-ac49-4ff1-9f66-7f1aff286b5e,Sulfur,Elementary flows/Emission to water/fresh water,kg,elementary,,,
40,false,e395a1a3-6915-4b72-a533-ff1a82fc3da1,"AOX, Adsorbable Organic Halides",Elementary flows/Emission to water/surface water,kg,elementary,,,
41,true,26e62e38-880d-3c67-a705-33aa05ca78e3,"Water, fossil",Elementary flows/Resource/in water,m3,elementary,,,
42,false,14855254-9651-473b-92a2-1d0e4438ddbd,Nitrogen,Elementary flows/Emission to water/fresh water,kg,elementary,,,
43,false,85cc4ef6-5fa2-3a1e-809d-3502836bf657,Chemically polluted water,Elementary flows/Emission to water/unspecified,kg,elementary,,,
44,false,9a18c383-d624-3134-9357-08a774408831,"Water, US",Elementary flows/Emission to water/unspecified,m3,elementary,,,
45,false,77357947-ccc5-438e-9996-95e65e1e1bce,Nitrogen oxides,Elementary flows/Emission to air/low population density,kg,elementary,,,
46,false,08ace03b-27d9-4bf1-bf4d-cbe177992052,"DOC, Dissolved Organic Carbon",Elementary flows/Emission to water/fresh water,kg,elementary,,,
47,false,9d73edf8-57c4-443b-80bd-e7cfaeeb93e0,"TOC, Total Organic Carbon",Elementary flows/Emission to water/fresh water,kg,elementary,,,
48,true,45fa090d-ec34-3e43-b374-bf56e72ad973,"Water, unspecified natural origin, US",Elementary flows/Resource/in water,m3,elementary,,,
49,false,78c3efe4-421c-4d30-82e4-b97ac5124993,Sulfur dioxide,Elementary flows/Emission to air/low population density,kg,elementary,,,
50,false,b3cfad3f-b7da-490b-a491-8507a1bb7c4b,"COD, Chemical Oxygen Demand",Elementary flows/Emission to water/fresh water,kg,elementary,,,
51,true,88d06db9-59a1-4719-9174-afeb1fa4026a,"Oil, crude",Elementary flows/Resource/in ground,kg,elementary,,,
52,false,21f77eaa-6f3e-426d-8932-fde33cd936d6,"Oils, unspecified",Elementary flows/Emission to soil/unspecified,kg,elementary,,,
53,false,4574cd53-77cc-4540-827b-5736dda9c4d7,"BOD5, Biological Oxygen Demand",Elementary flows/Emission to water/fresh water,kg,elementary,,,
54,true,a7ff17d4-d3fe-4a70-9f2e-392b34630772,"Energy, solar, converted",Elementary flows/Resource/in air,MJ,elementary,,,
55,false,e611414e-1245-3c07-b7c4-6971ee4bf4bc,"Water, AU",Elementary flows/Emission to air/unspecified,kg,elementary,,,
56,false,f2d84834-d0b3-42e5-b41a-f04cc80337a4,"Heat, waste",Elementary flows/Emission to air/unspecified,MJ,elementary,,,
57,false,dfbe093a-f470-4ae7-a207-50444f1f23f1,"Heat, waste",Elementary flows/Emission to soil/unspecified,MJ,elementary,,,
58,false,35d1dff5-b535-4628-9826-4a8fce08a1f2,Sulfur hexafluoride,Elementary flows/Emission to air/unspecified,kg,elementary,,,
59,false,39946c56-cdf6-4a22-9ac9-1cd333b65533,Toluene,Elementary flows/Emission to air/high population density,kg,elementary,,,
60,false,1ef5b43a-c846-4942-ba9d-2d2686063eff,Arsenic ion,Elementary flows/Emission to air/high population density,kg,elementary,,,
61,false,18282ab8-5b46-4c56-9038-588ed28a4a95,"Hydrocarbons, aliphatic, alkanes, cyclic",Elementary flows/Emission to air/high population density,kg,elementary,,,
62,true,a4bab069-74a9-5b4c-8d6e-5ca984cd9ecd,Magnesite,Elementary flows/Resource/in ground,kg,elementary,,,
63,false,b8823bae-a149-44d7-825b-30708a97cb5f,Silicon,Elementary flows/Emission to water/unspecified,kg,elementary,,,
64,false,826677aa-8347-4494-85da-a26fe3e1e824,Sulfate,Elementary flows/Emission to air/high population density,kg,elementary,,,
65,true,6b7c3ba0-daa7-3fef-a2e1-f11f3c4bcfab,"Wood, unspecified, standing/m3",Elementary flows/Resource/unspecified,m3,elementary,,,
66,false,5fb7fbc0-e7d1-4be5-a194-ec5ef5fb4f64,Aluminium III,Elementary flows/Emission to water/fresh water,kg,elementary,,,
67,false,e1ea501a-7c9f-4cc6-a194-22543ab1b941,"Acidity, unspecified",Elementary flows/Emission to water/fresh water,kg,elementary,,,
68,true,a4b01216-5a08-4078-b5fd-16e437929eb9,Aluminium III,Elementary flows/Resource/in ground,kg,elementary,,,
69,true,a4375a18-172c-4f82-90b7-bca972f75548,Granite,Elementary flows/Resource/in ground,kg,elementary,,,
70,true,c2586875-bb56-4b1e-84c5-5ff255a1108b,Manganese,Elementary flows/Resource/in ground,kg,elementary,,,
71,false,ada09403-d5f2-4496-9201-a6dcca0b1717,Propylene,Elementary flows/Emission to air/high population density,kg,elementary,,,
72,false,9990b51b-7023-4700-bca0-1a32ef921f74,Ammonia,Elementary flows/Emission to air/high population density,kg,elementary,,,
73,false,b713c6cf-2a23-40f6-8e8d-ef5175d16bd0,Carbonate,Elementary flows/Emission to water/fresh water,kg,elementary,,,
74,true,093ee058-47f9-3e35-8fef-0cd2f536f7b0,Calcite,Elementary flows/Resource/in ground,kg,elementary,,,
75,false,baf58fc9-573c-419c-8c16-831ac03203b9,"Methane, non-fossil",Elementary flows/Emission to air/high population density,kg,elementary,,,
76,false,ac25fbf1-2fa6-41dd-80b9-a9bc1cdb2c19,Bromate,Elementary flows/Emission to water/fresh water,kg,elementary,,,
77,true,8ce3ff02-7a1e-48e3-881e-3248b944f28a,Iron,Elementary flows/Resource/in ground,kg,elementary,,,
78,false,1eb1b94c-e9d8-47ab-969b-9cca920157d8,"Particulate Matter, > 10 um",Elementary flows/Emission to air/high population density,kg,elementary,,,
79,true,01c12fca-ad8b-4902-8b48-2d5afe3d3a0f,"Energy, gross calorific value, in biomass",Elementary flows/Resource/biotic,MJ,elementary,,,
80,false,a850e6de-a007-432f-be7f-ce6e2cf1f2ae,Mercury II,Elementary flows/Emission to air/high population density,kg,elementary,,,
81,false,fadaaa0e-6cd2-43af-b3fd-4f3b92ca72e2,Phenol,Elementary flows/Emission to water/fresh water,kg,elementary,,,
82,false,8e906def-6bd5-4248-ac2b-94e6eedde3c9,Hydrogen,Elementary flows/Emission to air/high population density,kg,elementary,,,
83,false,d068f3e2-b033-417b-a359-ca4f25da9731,Nitrogen oxides,Elementary flows/Emission to air/high population density,kg,elementary,,,
84,true,a2a4f255-ad47-4cf8-b6a9-e10885d61407,Sodium nitrate,Elementary flows/Resource/in ground,kg,elementary,,,
85,false,4d11b9d2-f8b4-413f-822f-141d7ae493d8,Phosphorus,Elementary flows/Emission to water/fresh water,kg,elementary,,,
86,false,247ac273-60fa-4e21-9408-793f75fa1d37,Chlorine,Elementary flows/Emission to air/high population density,kg,elementary,,,
87,true,238f8ea9-98df-41dc-ab93-ea5b549a0b96,Gravel,Elementary flows/Resource/in ground,kg,elementary,,,
88,true,93806a54-46f5-409c-99c5-4144a1e73b5d,"Clay, bentonite",Elementary flows/Resource/in ground,kg,elementary,,,
89,false,ca347524-6865-416f-95b5-76e086b46fd7,Chloride,Elementary flows/Emission to water/fresh water,kg,elementary,,,
90,false,5c713f70-cf9f-4854-bd25-28c6f1082868,Chlorine,Elementary flows/Emission to water/fresh water,kg,elementary,,,
91,false,88cde01c-df69-40bb-9b14-6eac71bea5b8,Copper ion,Elementary flows/Emission to air/high population density,kg,elementary,,,
92,false,f069e9b3-0fb0-4e2c-adc7-bb7df6580cc7,Magnesium,Elementary flows/Emission to water/fresh water,kg,elementary,,,
93,true,79df5650-160a-4ab7-a14f-cc8162877f4a,"Copper, 0.99% in sulfide, Cu 0.36% and Mo 8.2E-3% in crude ore",Elementary flows/Resource/in ground,kg,elementary,,,
94,false,73ed05cc-9727-4abf-9516-4b5c0fe54a16,"Carbon dioxide, non-fossil",Elementary flows/Emission to air/high population density,kg,elementary,,,
95,false,e2c3a1e9-f431-4936-a6d5-24c7f6552885,"Ethane, 1,2-dichloro-",Elementary flows/Emission to water/fresh water,kg,elementary,,,
96,false,921df5eb-cde6-40ea-8744-c02746db0a3c,Cyanide,Elementary flows/Emission to air/high population density,kg,elementary,,,
97,false,7213c990-49f1-4416-b154-64fba3771f50,Zinc II,Elementary flows/Emission to water/fresh water,kg,elementary,,,
98,false,550eaab3-16d8-3b28-a1a1-5aa018fd394c,"Carbon monoxide, non-fossil",Elementary flows/Emission to air/high population density,kg,elementary,,,
99,false,c6462d84-caa9-425a-a923-45238690c6f3,Silver I,Elementary flows/Emission to air/high population density,kg,elementary,,,
100,true,6df9ea09-115a-4678-9f30-d92c877a46ec,Anhydrite,Elementary flows/Resource/in ground,kg,elementary,,,
101,true,8c75e7ab-8ab8-41e4-b394-c166ff5b050d,"Water, river",Elementary flows/Resource/in water,m3,elementary,,,
102,false,26fd0df4-74ca-4144-b632-6e6f5f6d07b1,Ammonium,Elementary flows/Emission to water/fresh water,kg,elementary,,,
103,false,36e53653-1338-42c7-816c-f6667809e0b1,Cadmium II,Elementary flows/Emission to air/high population density,kg,elementary,,,
104,false,78443a3c-a25a-47bc-a1a1-48d2a57e04df,Arsenic ion,Elementary flows/Emission to water/fresh water,kg,elementary,,,
105,true,e47e4e5f-6528-413d-a8fb-1cd1875fbd73,"Nickel, 1.98% in silicates, 1.04% in crude ore",Elementary flows/Resource/in ground,kg,elementary,,,
106,true,19fafab5-f4a8-380e-9d9d-1b873e20cfee,Sand,Elementary flows/Resource/in ground,kg,elementary,,,
107,false,3ea5684a-6d64-4f96-8c09-1d90f997c9d4,Antimony ion,Elementary flows/Emission to air/high population density,kg,elementary,,,
108,false,748f22a9-eba4-4726-bef5-92c7442ce189,Zinc II,Elementary flows/Emission to air/high population density,kg,elementary,,,
109,false,a1faf981-6b10-45c6-87c0-86bff464c0d6,Fluoride,Elementary flows/Emission to water/fresh water,kg,elementary,,,
110,false,549b1a2a-6675-4bf9-b0d7-47a5113a9787,Strontium,Elementary flows/Emission to water/fresh water,kg,elementary,,,
111,true,9e9b6792-40e6-4d62-a3e0-ebebc0c65166,Shale,Elementary flows/Resource/in ground,kg,elementary,,,
112,false,a2632dc9-f27b-4f4d-bf67-c0bab45421dd,Potassium,Elementary flows/Emission to water/fresh water,kg,elementary,,,
113,false,8b5d5c1d-c786-4367-94f0-fae42cd3ac0a,"Hydrocarbons, aromatic",Elementary flows/Emission to air/high population density,kg,elementary,,,
114,true,08a91e70-3ddc-11dd-97f9-0050c2490048,Barite,Elementary flows/Resource/in ground,kg,elementary,,,
115,false,d85a44cb-8407-4997-a146-581e4f35f39d,Styrene,Elementary flows/Emission to air/high population density,kg,elementary,,,
116,false,80b3c2a1-af98-4dde-b298-abf7e78e38ee,Lead II,Elementary flows/Emission to water/fresh water,kg,elementary,,,
117,false,ed8da356-ed40-4a35-8de4-57aee1d3c279,"Xylenes, unspecified",Elementary flows/Emission to air/high population density,kg,elementary,,,
118,false,7705f0e1-5b14-44f4-b330-1245b5c7fc08,Chromium III,Elementary flows/Emission to air/high population density,kg,elementary,,,
119,false,f6f5933a-5119-41aa-a5ec-7919706c59f2,"Chlorinated solvents, unspecified",Elementary flows/Emission to water/unspecified,kg,elementary,,,
120,true,2ba5e39b-adb6-4767-a51d-90c1cf32fe98,Uranium,Elementary flows/Resource/in ground,kg,elementary,,,
121,false,afcbd980-14c2-4e1d-a0aa-5f6464e5c76b,Hydrochloric acid,Elementary flows/Emission to air/high population density,kg,elementary,,,
122,false,e3cfaa07-9b68-4461-a06f-a0e4e59d41d3,Hydrogen sulfide,Elementary flows/Emission to air/high population density,kg,elementary,,,
123,false,257eacb9-96fe-4a3d-961a-f5e6c7823ff0,Hydrogen fluoride,Elementary flows/Emission to air/high population density,kg,elementary,,,
124,true,f509a295-e2a2-37cb-b61e-94807d9be413,Clay,Elementary flows/Resource/in ground,kg,elementary,,,
125,false,2716807d-0266-48ff-bb7a-6e6c5fbfd5c5,Dichloromethane,Elementary flows/Emission to air/high population density,kg,elementary,,,
126,true,041f5cea-6556-11dd-ad8b-0800200c9a66,Phosphorus,Elementary flows/Resource/in ground,kg,elementary,,,
127,false,b30b71c1-459c-4f65-b0aa-7d8b391a8ed4,"Hydrocarbons, unspecified",Elementary flows/Emission to water/fresh water,kg,elementary,,,
128,false,7c09916a-b6b5-47f5-bdf6-30d2511beb82,Ethyl benzene,Elementary flows/Emission to air/high population density,kg,elementary,,,
129,false,6c445f1d-db0f-431c-a2f0-d25aa28bdfd1,Iron ion,Elementary flows/Emission to water/fresh water,kg,elementary,,,
130,true,041ff934-6556-11dd-ad8b-0800200c9a66,Potassium chloride,Elementary flows/Resource/in ground,kg,elementary,,,
131,false,df28f5b4-4754-4e51-ac98-31238976d7c7,Tin ion,Elementary flows/Emission to water/fresh water,kg,elementary,,,
132,true,be73218b-18af-492e-96e6-addd309d1e32,Zinc,Elementary flows/Resource/in ground,kg,elementary,,,
133,true,024c9722-1e88-412b-8c4b-10c532be8dca,"Coal, brown",Elementary flows/Resource/in ground,kg,elementary,,,
134,false,77b23aa4-9f0a-4d3f-8857-29ee054cdae1,Nickel II,Elementary flows/Emission to water/fresh water,kg,elementary,,,
135,false,408b3ab9-9ef7-4535-b7eb-975d55b3c6b6,Molybdenum VI,Elementary flows/Emission to water/fresh water,kg,elementary,,,
136,false,6a903634-c97f-4c49-a7c0-88f0e6ac7a23,Lead II,Elementary flows/Emission to air/high population density,kg,elementary,,,
137,true,0b9159dd-305d-4add-802f-f7b780ed0289,Sodium chloride,Elementary flows/Resource/in ground,kg,elementary,,,
138,false,127ff74d-018b-43b9-8a4e-fb5577d5ee5a,Vinyl chloride,Elementary flows/Emission to air/high population density,kg,elementary,,,
139,false,9e82f459-ca38-43dd-9c30-3913ed433ed8,Calcium,Elementary flows/Emission to water/fresh water,kg,elementary,,,
140,false,230d8a0a-517c-43fe-8357-1818dd12997a,"Particulate Matter, < 2.5 um",Elementary flows/Emission to air/high population density,kg,elementary,,,
141,false,14b6726a-44bf-4ad4-b933-02470d84c22a,Carbon disulfide,Elementary flows/Emission to air/high population density,kg,elementary,,,
142,false,626dd1d8-5355-40cb-8569-9c87c2c6ab18,"Hydrocarbons, chlorinated",Elementary flows/Emission to air/high population density,kg,elementary,,,
143,false,e43a270f-4f88-4789-a0b8-7aba56677743,Nickel II,Elementary flows/Emission to air/high population density,kg,elementary,,,
144,false,1bb6a502-3ff9-4a79-835c-5588b855f1f5,Benzene,Elementary flows/Emission to air/high population density,kg,elementary,,,
145,false,cfe43cd8-3356-4d29-bb02-5b9c9ede0aec,Vinyl chloride,Elementary flows/Emission to water/surface water,kg,elementary,,,
146,true,d7cadc9a-f42c-4711-a8e2-0b626c0a4c7a,Olivine,Elementary flows/Resource/in ground,kg,elementary,,,
147,true,ec0fa5ce-51b4-4792-a8e8-c4ee668eddc3,"TiO2, 95% in rutile, 0.40% in crude ore",Elementary flows/Resource/in ground,kg,elementary,,,
148,true,08a91e70-3ddc-11dd-97f7-0050c2490048,Fluorspar,Elementary flows/Resource/in ground,kg,elementary,,,
149,false,cd26472d-d670-49fd-9df2-f689a14e9892,Cadmium II,Elementary flows/Emission to water/fresh water,kg,elementary,,,
150,false,aa567547-9821-456a-8412-e726735eeb29,Fluorine,Elementary flows/Emission to air/high population density,kg,elementary,,,
151,true,1f30fd77-6556-11dd-ad8b-0800200c9a66,Sulfur,Elementary flows/Resource/in ground,kg,elementary,,,
152,true,c7aee986-b7d8-4ad9-ad45-1ac0d68e6b78,Dolomite,Elementary flows/Resource/in ground,kg,elementary,,,
153,false,d961f86b-e36b-4ac6-8cd4-b253e496de79,"Aldehydes, unspecified",Elementary flows/Emission to air/high population density,kg,elementary,,,
154,false,b3ab5f13-cc7b-40be-882c-936cc8697707,Chlorate,Elementary flows/Emission to water/fresh water,kg,elementary,,,
155,false,a79be2ee-ac83-4328-a136-a34ba1f99089,Selenium IV,Elementary flows/Emission to air/high population density,kg,elementary,,,
156,false,6dc1b46f-ee89-4495-95c4-b8a637bcd6cb,Dinitrogen monoxide,Elementary flows/Emission to air/high population density,kg,elementary,,,
157,false,ccb169c3-8aae-4727-89bb-a7dd122946f3,"Particulate Matter, > 2.5 um and < 10um",Elementary flows/Emission to air/high population density,kg,elementary,,,
158,false,5a3a2d9f-c3cc-4b3a-9f41-7f28cf398bf7,Benzene,Elementary flows/Emission to water/fresh water,kg,elementary,,,
159,false,4bee7636-9d37-439a-9847-3fce996d89da,Cyanide,Elementary flows/Emission to water/fresh water,kg,elementary,,,
160,false,e2a4c2f8-3671-47e7-8649-f5e97a4ad32e,Copper ion,Elementary flows/Emission to water/fresh water,kg,elementary,,,
161,false,45fa8c92-6047-4bae-b70a-43a7e7730c7b,Sulfide,Elementary flows/Emission to water/fresh water,kg,elementary,,,
162,true,fbcb9c7a-eea7-4694-ba6c-568e01d28883,Lead,Elementary flows/Resource/in ground,kg,elementary,,,
163,false,468bebea-17ee-49d3-b11d-c603d91c67c8,Ethylene dichloride,Elementary flows/Emission to air/high population density,kg,elementary,,,
164,true,c0dd7ccd-9e7a-42b3-b899-dfd18c2150ca,"Energy, potential (in hydropower reservoir), converted",Elementary flows/Resource/in water,MJ,elementary,,,
165,true,26296ec9-ff93-41e6-bbbf-6175af04284d,Feldspar,Elementary flows/Resource/in ground,kg,elementary,,,
166,true,15545dca-018d-4f7f-aa1f-796b707180af,Cinnabar,Elementary flows/Resource/in ground,kg,elementary,,,
167,false,36270548-9316-424b-9aeb-e0de134b0be1,Ethylene,Elementary flows/Emission to air/high population density,kg,elementary,,,
168,false,796c56b3-a863-444c-8b75-1412832af498,Sulfate,Elementary flows/Emission to water/fresh water,kg,elementary,,,
169,false,6d5c5a51-42ce-412a-9517-d0baba8b5b99,Sodium,Elementary flows/Emission to water/fresh water,kg,elementary,,,
170,false,8c52f40c-69b7-4538-8923-b371523c71f5,Sulfur dioxide,Elementary flows/Emission to air/high population density,kg,elementary,,,
171,true,e189e2d4-3d3f-4ada-b302-91611784311f,Chromium,Elementary flows/Resource/in ground,kg,elementary,,,
172,false,e529c930-e3c6-4d2d-8a96-f052ec23f2e7,Mercury II,Elementary flows/Emission to water/fresh water,kg,elementary,,,
173,true,bc97531c-12d8-4113-bcb2-663a47d12d0f,Talc,Elementary flows/Resource/in ground,kg,elementary,,,
174,true,c5035ce2-5ee5-431f-a287-4b25da42be74,Peat,Elementary flows/Resource/biotic,kg,elementary,,,
175,false,7c84d9a4-a5bb-4fe5-95ad-b51a096a255a,Chromium III,Elementary flows/Emission to water/fresh water,kg,elementary,,,
176,false,237a5f15-8119-472a-8988-88b7ecb42405,"Dioxins, measured as 2,3,7,8-tetrachlorodibenzo-p-dioxin",Elementary flows/Emission to air/high population density,kg,elementary,,,
177,false,180520a0-34e8-4058-bac9-27cbbb32c527,Nitrate,Elementary flows/Emission to water/fresh water,kg,elementary,,,
178,false,d3a50c57-7caf-4400-87f5-b0c10d69e760,Manganese II,Elementary flows/Emission to water/fresh water,kg,elementary,,,
179,false,e8fc62ba-678e-4706-97d2-b79d83e227d5,Nickel II,Elementary flows/Emission to air/low population density,kg,elementary,,,
180,false,349b29d1-3e58-4c66-98b9-9d1a076efd2e,"Carbon dioxide, fossil",Elementary flows/Emission to air/unspecified,kg,elementary,,,
181,false,2718482b-8399-442e-b89a-52fbcc22d2e6,Lead II,Elementary flows/Emission to air/low population density,kg,elementary,,,
182,false,e336eee7-148a-4d1c-8027-780cbfafa12b,Copper ion,Elementary flows/Emission to air/low population density,kg,elementary,,,
183,false,33b38ccb-593b-4b11-b965-10d747ba3556,"NMVOC, non-methane volatile organic compounds",Elementary flows/Emission to air/low population density,kg,elementary,,,
184,false,5d4b497b-d265-42d1-a41a-113785a6d694,Beryllium II,Elementary flows/Emission to air/low population density,kg,elementary,,,
185,true,92b7ea9a-59d5-3486-a300-3028ea0e1538,"Rhodium, Rh 2.4E-5%, Pt 4.8E-4%, Pd 2.0E-4%, Ni 3.7E-2%, Cu 5.2E-2% in ore",Elementary flows/Resource/in ground,kg,elementary,,,
186,false,26da57a3-0cd5-4737-afe2-c1a950f971b1,Arsenic ion,Elementary flows/Emission to air/low population density,kg,elementary,,,
187,false,ada3ecfe-8244-4389-bcce-e83ca4f66e09,Zinc II,Elementary flows/Emission to air/low population density,kg,elementary,,,
188,false,f563b90e-a300-4403-b278-d2fdcd73e5a7,Tin ion,Elementary flows/Emission to air/low population density,kg,elementary,,,
189,false,2732c215-d02a-4f48-84c5-c18ab6143d1d,"Nitrogen, organic bound",Elementary flows/Emission to water/fresh water,kg,elementary,,,
190,false,15f9ebbb-b1b5-4bf7-88c6-d99424f5eced,Carbon disulfide,Elementary flows/Emission to air/low population density,kg,elementary,,,
191,false,b10faa87-2c1d-4f6e-aa65-9f80b376939a,Cobalt II,Elementary flows/Emission to air/low population density,kg,elementary,,,
192,false,b8d738ce-98cd-4487-88f9-686209bd1376,Fluorine,Elementary flows/Emission to air/low population density,kg,elementary,,,
193,false,66f50b33-fd62-4fdd-a373-c5b0de7de00d,"Particulate Matter, < 2.5 um",Elementary flows/Emission to air/low population density,kg,elementary,,,
194,false,e6551223-73b6-4289-b841-c5cdeb25abd9,Selenium IV,Elementary flows/Emission to air/low population density,kg,elementary,,,
195,false,512364ac-5bba-4b77-8712-981247617519,Boron,Elementary flows/Emission to air/low population density,kg,elementary,,,
196,false,e2d58f90-9aac-4ac4-87f7-bbd6cfc358e3,Cadmium II,Elementary flows/Emission to air/low population density,kg,elementary,,,
197,false,5ec9c16a-959d-44cd-be7d-a935727d2151,Mercury II,Elementary flows/Emission to air/low population density,kg,elementary,,,
198,false,295c9740-6fdb-4676-9eb8-15e3786f713d,"Particulate Matter, > 2.5 um and < 10um",Elementary flows/Emission to air/low population density,kg,elementary,,,
199,false,43b29ad9-26dd-4838-b931-6216e55a0120,Antimony ion,Elementary flows/Emission to air/low population density,kg,elementary,,,
200,false,2460f868-54a9-404c-bec8-c809a44ae72c,Manganese II,Elementary flows/Emission to air/low population density,kg,elementary,,,
201,false,017c1ca1-8e93-3c85-b743-c8676bfd305a,Chromium III,Elementary flows/Emission to air/low population density,kg,elementary,,,
202,false,f77c5e36-ee47-4437-b757-03139bb1d6d6,"Dioxins, measured as 2,3,7,8-tetrachlorodibenzo-p-dioxin",Elementary flows/Emission to air/low population density,kg,elementary,,,
203,false,e69510c5-d9c6-42aa-a6cb-ff6336b3eae4,Cobalt II,Elementary flows/Emission to water/fresh water,kg,elementary,,,
204,false,fa5512cf-04a2-4014-8e96-d3e2d137f0df,Butane,Elementary flows/Emission to air/low population density,kg,elementary,,,
205,false,e7e0031e-791d-42f4-b26c-ec322db637bc,Ethane,Elementary flows/Emission to air/low population density,kg,elementary,,,
206,false,9beb60a3-3a8c-4345-9a0e-107eec2f709f,Propane,Elementary flows/Emission to air/low population density,kg,elementary,,,
207,false,aa7cac3a-3625-41d4-bc54-33e2cf11ec46,"Carbon dioxide, fossil",Elementary flows/Emission to air/low population density,kg,elementary,,,
208,false,5e883a00-04e6-4d96-8dce-12d7117c6635,Benzene,Elementary flows/Emission to air/low population density,kg,elementary,,,
209,false,92259b90-6f92-42ec-b3f2-30775167aff7,o-Xylene,Elementary flows/Emission to air/low population density,kg,elementary,,,
210,false,12840cef-c3b8-4ef2-b7d4-3a73dbd6a280,Acrolein,Elementary flows/Emission to air/low population density,kg,elementary,,,
211,false,d24f41d7-279e-4f5a-9ac9-00f726dc3bcc,m-Xylene,Elementary flows/Emission to air/low population density,kg,elementary,,,
212,false,20664d0e-24e3-4daa-8c5c-2ade6e0c2723,Formaldehyde,Elementary flows/Emission to air/high population density,kg,elementary,,,
213,false,fe65f7e4-ee5b-4a6f-9d60-6c2f829dca3f,Benzaldehyde,Elementary flows/Emission to air/high population density,kg,elementary,,,
214,false,afd6d670-bbb0-4625-9730-04088a5b035e,Dinitrogen monoxide,Elementary flows/Emission to air/low population density,kg,elementary,,,
215,false,5ad58fcc-e9ba-4155-a3c9-e4ffb3065a6f,Acetaldehyde,Elementary flows/Emission to air/high population density,kg,elementary,,,
216,false,2f052025-4072-4d8e-b22d-68d50bfb260c,Pentane,Elementary flows/Emission to air/low population density,kg,elementary,,,
217,false,7a59e8d5-cd11-4ee7-b1ca-30979d2b0b3a,Chromium VI,Elementary flows/Emission to air/high population density,kg,elementary,,,
218,false,099b36ab-4c03-4587-87f4-2f81e337afb8,"Carbon monoxide, fossil",Elementary flows/Emission to air/low population density,kg,elementary,,,
219,false,fc9f9a81-c4b9-4dce-bc20-9f04e05ca2f1,Acetaldehyde,Elementary flows/Emission to air/low population density,kg,elementary,,,
220,false,0f440cc0-0f74-446d-99d6-8ff0e97a2444,Ammonia,Elementary flows/Emission to air/low population density,kg,elementary,,,
221,false,d6626dfb-3ac8-4169-9e75-54c41ef2a582,"Hydrocarbons, chlorinated",Elementary flows/Emission to air/low population density,kg,elementary,,,
222,false,77f17646-cede-4a49-99dd-55950098b077,Toluene,Elementary flows/Emission to air/low population density,kg,elementary,,,
223,false,2d456fb8-592b-46a7-97f0-81fc2a18e587,Styrene,Elementary flows/Emission to air/low population density,kg,elementary,,,
224,false,5a6eb27d-9157-46d5-be32-92bbd543ada9,o-Xylene,Elementary flows/Emission to air/high population density,kg,elementary,,,
225,false,9d1efa17-070a-4602-a65f-daf5056b0647,"PAH, polycyclic aromatic hydrocarbons",Elementary flows/Emission to air/high population density,kg,elementary,,,
226,false,13d898ac-b9be-4723-a153-565e2a9144ac,"PAH, polycyclic aromatic hydrocarbons",Elementary flows/Emission to air/low population density,kg,elementary,,,
227,false,307a17c2-6434-3cf4-9527-2bd1c2288f3e,"Noise, road, lorry, average",Elementary flows/Immaterial emission/unspecified,m,elementary,,,
228,false,9ea11aea-7cb7-4b38-b936-a42c2a4bac97,Ethane,Elementary flows/Emission to air/high population density,kg,elementary,,,
229,false,025fcb20-0591-4bae-80fc-7c34e9af2e7b,Heptane,Elementary flows/Emission to air/low population density,kg,elementary,,,
230,false,892f10da-7bf2-42b3-b171-221989661a05,Butane,Elementary flows/Emission to air/high population density,kg,elementary,,,
231,false,10571d92-ea97-4ac6-adb6-b25893a631cb,m-Xylene,Elementary flows/Emission to air/high population density,kg,elementary,,,
232,false,2813518d-c4a8-4a8d-9542-f1882ec27c1c,Benzaldehyde,Elementary flows/Emission to air/low population density,kg,elementary,,,
233,false,e87f039d-d9ce-4242-ac18-c9284cc80f3d,"1,1,1,2-Tetrafluoroethane",Elementary flows/Emission to air/unspecified,kg,elementary,,,
234,false,03b279a7-4626-4703-a451-d0650599dbd9,Chromium VI,Elementary flows/Emission to air/low population density,kg,elementary,,,
235,false,f4bb66f1-c78c-409f-8368-85c1205a3573,Heptane,Elementary flows/Emission to air/high population density,kg,elementary,,,
236,false,7ed6dc0d-9c2e-4046-a44b-e8a708c2081e,Acrolein,Elementary flows/Emission to air/high population density,kg,elementary,,,
237,false,98c66fdb-091d-46e9-a533-686f821e8f6a,Propane,Elementary flows/Emission to air/high population density,kg,elementary,,,
238,false,0b9698ec-8b52-4986-8f9f-ad30915aa00c,Pentane,Elementary flows/Emission to air/high population density,kg,elementary,,,
239,false,fd7aa71c-508c-480d-81a6-8052aad92646,Sulfur dioxide,Elementary flows/Emission to air/unspecified,kg,elementary,,,
240,false,9167dca7-615e-435c-8ba6-dbbf50e50e34,Formaldehyde,Elementary flows/Emission to air/low population density,kg,elementary,,,
241,false,eba59fd6-f37e-41dc-9ca3-c7ea22d602c7,"Carbon dioxide, non-fossil",Elementary flows/Emission to air/unspecified,kg,elementary,,,
242,false,46e63323-cffd-4c46-829b-5f006b50fa9b,Aluminium III,"Elementary flows/Emission to air/low population density, long-term",kg,elementary,,,
243,false,1471acca-34ab-4e04-9bd6-e3825b20580f,Iodine,Elementary flows/Emission to air/low population density,kg,elementary,,,
244,false,b26b758d-85cc-41b8-872c-3683caa638d1,Strontium II,Elementary flows/Emission to water/unspecified,kg,elementary,,,
245,false,22798ed2-c8bb-42d5-8d7c-8e3b14d3bc3e,Ruthenium-103,Elementary flows/Emission to air/low population density,kBq,elementary,,,
246,false,72958cbe-6609-46c2-bbfa-ee4ab826ca12,"Aerosols, radioactive, unspecified",Elementary flows/Emission to air/low population density,kBq,elementary,,,
247,false,feb813f2-ff76-4f52-a966-55297494de4a,m-Xylene,Elementary flows/Emission to water/unspecified,kg,elementary,,,
248,false,c4d10bd2-09da-4082-8cb3-022c92c53221,Cyanide,Elementary flows/Emission to water/unspecified,kg,elementary,,,
249,false,c5cd9e97-8986-4cb5-b3a5-adac2cc40d1a,Krypton-87,Elementary flows/Emission to air/low population density,kBq,elementary,,,
250,true,994d61de-fbb0-4187-a4d4-b11c3c2b9102,"Transformation, to forest, intensive",Elementary flows/Resource/land,m2,elementary,,,
251,true,65b5162f-5ca9-4721-91cf-00a929960222,"Transformation, to sea and ocean",Elementary flows/Resource/unspecified,m2,elementary,,,
252,false,ce9fd912-233a-4807-a33e-0323b1e4a7a2,Magnesium,"Elementary flows/Emission to water/ground water, long-term",kg,elementary,,,
253,false,168c970b-91c9-4427-a3a0-6686ad6cc2c4,Tin ion,Elementary flows/Emission to soil/agricultural,kg,elementary,,,
254,false,41067ac7-bf36-47ef-a19f-683d9b758a28,Hexane,Elementary flows/Emission to air/low population density,kg,elementary,,,
255,false,81c4ba39-8a3f-4a43-97b4-401605bbebf5,Benzo(a)pyrene,Elementary flows/Emission to air/low population density,kg,elementary,,,
256,false,bfc0bf1c-e5e2-4702-a502-08c892031837,Sulfate,"Elementary flows/Emission to water/ground water, long-term",kg,elementary,,,
257,true,b9a35003-86ed-45d8-b616-ef6859087b40,"Occupation, water bodies, artificial",Elementary flows/Resource/unspecified,m2*a,elementary,,,
258,false,7e66a41c-d311-4949-bdd8-eef09cdcfa47,Copper ion,Elementary flows/Emission to soil/agricultural,kg,elementary,,,
259,false,2feed42c-5c1a-4770-a233-6d4e0cf8f02e,Calcium,Elementary flows/Emission to water/unspecified,kg,elementary,,,
260,false,e9e856c2-868e-435e-8425-8df1c9297cfc,Lead II,Elementary flows/Emission to water/ocean,kg,elementary,,,
261,false,2becddd1-aa5a-4c35-be0e-aefb9bd469f8,Formamide,Elementary flows/Emission to air/high population density,kg,elementary,,,
262,false,c161d9b4-2237-4053-b549-9e0cfc201e0d,"Oils, non-fossil",Elementary flows/Emission to soil/unspecified,kg,elementary,,,
263,false,113746e5-66a9-4d8c-b72b-4a99e7fcd052,"VOC, volatile organic compounds",Elementary flows/Emission to water/ocean,kg,elementary,,,
264,false,f8f772bc-7204-4fda-aa97-080fd0f1b34c,Titanium ion,Elementary flows/Emission to air/high population density,kg,elementary,,,
265,false,cfba50f9-99a2-4d76-ad0f-26f23d2c842b,Propylene oxide,Elementary flows/Emission to water/fresh water,kg,elementary,,,
266,false,0330e73b-c9ba-4440-b153-284c6a9210d0,"Hydrocarbons, aromatic",Elementary flows/Emission to water/fresh water,kg,elementary,,,
267,false,d896ced7-a107-4017-b284-d95a8ef3e735,Acrolein,Elementary flows/Emission to air/unspecified,kg,elementary,,,
268,false,c75dd699-08a5-4215-acf5-e618995e768f,Pentachlorobenzene,Elementary flows/Emission to air/high population density,kg,elementary,,,
269,false,8dba66e2-0f2e-4038-84ef-1e40b4f573a6,Iron ion,Elementary flows/Emission to air/unspecified,kg,elementary,,,
270,false,543421e8-f0b3-45a2-b0ed-03489e878138,Uranium-238,Elementary flows/Emission to air/high population density,kBq,elementary,,,
271,false,082903e4-45d8-4078-94cb-736b15279277,"Dioxins, measured as 2,3,7,8-tetrachlorodibenzo-p-dioxin",Elementary flows/Emission to air/unspecified,kg,elementary,,,
272,false,caa6bc06-e7e6-4f08-acd3-2163db51e395,Chromium VI,Elementary flows/Emission to water/fresh water,kg,elementary,,,
273,true,c5f5aeb8-7558-4a0c-9594-27621b9cfbc5,Chrysotile,Elementary flows/Resource/in ground,kg,elementary,,,
274,false,caae5c9b-66bf-4e1a-aa73-f84d11a41753,Thorium-228,Elementary flows/Emission to water/ground water,kBq,elementary,,,
275,false,a793710a-1990-4e65-a95e-cfbbc5332355,t-Butyl methyl ether,Elementary flows/Emission to air/high population density,kg,elementary,,,
276,false,ada8c83c-995a-3fa1-bdec-36a0590efbd2,Sodium,"Elementary flows/Emission to water/ground water, long-term",kg,elementary,,,
277,true,90e42c10-53b5-3d2f-9905-ea8b98fdcf8e,"Transformation, to water courses, artificial",Elementary flows/Resource/land,m2,elementary,,,
278,false,6d89125e-e9b7-4d7e-a1fc-ada45dbd8815,"Carbon dioxide, land transformation",Elementary flows/Emission to air/lower stratosphere + upper troposphere,kg,elementary,,,
279,false,9bbae55a-35de-4eff-a219-814a9fec5ac2,Chromium VI,Elementary flows/Emission to water/ground water,kg,elementary,,,
280,false,97db3d38-00fc-417e-a1e8-2fd4fa7dc191,Uranium-234,Elementary flows/Emission to water/fresh water,kBq,elementary,,,
281,false,9036f1b8-4be6-4d97-96d8-c504acdfa2f0,Butyrolactone,Elementary flows/Emission to air/high population density,kg,elementary,,,
282,false,e60edb16-3c74-415b-9aff-a22a6f49fecb,Arsenic ion,"Elementary flows/Emission to water/ground water, long-term",kg,elementary,,,
283,false,ad419049-3445-481f-97a3-3d4529ee924f,Teflubenzuron,Elementary flows/Emission to soil/agricultural,kg,elementary,,,
284,false,c941d6d0-a56c-4e6c-95de-ac685635218d,Hydrogen chloride,Elementary flows/Emission to air/unspecified,kg,elementary,,,
285,false,b9b68c0c-053e-41de-ab72-8dfe1c3f5755,Acetic acid,Elementary flows/Emission to air/high population density,kg,elementary,,,
286,false,4d54a415-82d7-49ac-88e1-712bd0009363,Selenium IV,"Elementary flows/Emission to water/ground water, long-term",kg,elementary,,,
287,false,ea70cc93-c68c-4228-8b8e-1b189b4c705c,Chloride,"Elementary flows/Emission to water/ground water, long-term",kg,elementary,,,
288,false,2712fe5f-0d3c-4c8e-8bc4-26c604413849,Cadmium II,Elementary flows/Emission to water/unspecified,kg,elementary,,,
289,true,9a7380d1-6e23-48ad-b35a-14bd1ecb3133,"Phosphorus, 18% in apatite, 4% in crude ore",Elementary flows/Resource/in ground,kg,elementary,,,
290,true,c24fe83a-3170-49a3-ab67-279d34b8d920,"Transformation, to industrial area, built up",Elementary flows/Resource/unspecified,m2,elementary,,,
291,false,7e7039a1-6186-4ef6-a7e6-d135b7fe5601,Diethylamine,Elementary flows/Emission to air/high population density,kg,elementary,,,
292,false,f5d022f1-c26d-4044-ac88-d7c5bbff83c4,Nitrite,"Elementary flows/Emission to water/ground water, long-term",kg,elementary,,,
293,false,2bbffe32-86bd-485c-95a2-844bbfd42840,"Radioactive species, Nuclides, unspecified",Elementary flows/Emission to water/ocean,kBq,elementary,,,
294,false,2dfc14b5-0785-3155-8b1b-427810d22402,Copper ion,Elementary flows/Emission to soil/unspecified,kg,elementary,,,
295,true,31998285-fb5c-411d-b853-ce78be2a0b49,"Copper, 1.18% in sulfide, Cu 0.39% and Mo 8.2E-3% in crude ore",Elementary flows/Resource/in ground,kg,elementary,,,
296,true,ff741136-d6ee-444a-a15b-3b308e376db8,"Gold, Au 1.1E-4%, Ag 4.2E-3%, in ore",Elementary flows/Resource/in ground,kg,elementary,,,
297,false,0c209634-80bb-4909-8442-3189b7cb01d7,Isoprene,Elementary flows/Emission to air/unspecified,kg,elementary,,,
298,false,febf61e5-5772-4a92-a047-bfca7965395b,2-Methyl-1-propanol,Elementary flows/Emission to water/fresh water,kg,elementary,,,
299,false,43ea452a-a55c-3abc-ac05-8702536a1749,Acrylate,Elementary flows/Emission to water/unspecified,kg,elementary,,,
300,false,09257283-72d9-4d13-838b-ee7f28e6d146,Radium-228,Elementary flows/Emission to water/ocean,kBq,elementary,,,
301,false,5dcb435e-8f61-4775-8112-9a57454adb88,Rubidium,Elementary flows/Emission to water/fresh water,kg,elementary,,,
302,false,7538ab50-2ef6-4e49-880d-48d5b283a79b,"Oils, unspecified",Elementary flows/Emission to soil/forestry,kg,elementary,,,
303,true,aca1714f-0040-4a65-a73a-0e38aa9f50f4,"Occupation, forest, intensive",Elementary flows/Resource/land,m2*a,elementary,,,
304,true,76bcc22f-224c-40a4-9b22-9621467498cf,Zirconium,Elementary flows/Resource/in ground,kg,elementary,,,
305,false,b8595a76-4c10-4093-bd23-1f667490ff33,Strontium-90,Elementary flows/Emission to water/fresh water,kBq,elementary,,,
306,false,ba2f3f82-c93a-47a5-822a-37ec97495275,"Carbon monoxide, fossil",Elementary flows/Emission to air/unspecified,kg,elementary,,,
307,false,d3816f54-d6be-4806-8c7b-cb4e183e73a6,Caesium-136,Elementary flows/Emission to water/fresh water,kBq,elementary,,,
308,false,23eaa36d-add4-4219-961e-ca7104dc0de9,Cadmium II,"Elementary flows/Emission to air/low population density, long-term",kg,elementary,,,
309,false,09eca9fb-65fe-4d44-956f-c3143fee2192,"Methane, dichloro-, HCC-30",Elementary flows/Emission to water/fresh water,kg,elementary,,,
310,false,890c2697-3463-4466-bebb-aecc1e1e730b,Strontium II,Elementary flows/Emission to air/low population density,kg,elementary,,,
311,false,62f3d964-9b53-4d01-9ee0-04112dcfc6d2,Phosphorus,Elementary flows/Emission to water/ocean,kg,elementary,,,
312,true,775fdf03-b0bb-5c25-b14d-107231d5b2f0,Tantalum,Elementary flows/Resource/in ground,kg,elementary,,,
313,false,c6e27975-c0a0-4189-ac1d-068f47a7b629,Acenaphthylene,Elementary flows/Emission to water/fresh water,kg,elementary,,,
314,false,08a91e70-3ddc-11dd-9234-0050c2490048,Calcium,Elementary flows/Emission to water/ocean,kg,elementary,,,
315,true,5514ccd2-469f-4074-9905-529154e7f742,"Molybdenum, 0.014% in sulfide, Mo 8.2E-3% and Cu 0.81% in crude ore",Elementary flows/Resource/in ground,kg,elementary,,,
316,true,3f12d09b-9c00-3c64-974d-fe55c7853a32,"Transformation, to pasture, man made",Elementary flows/Resource/land,m2,elementary,,,
317,false,d4238781-b3da-4efc-b20f-a5ec1d9d85b6,Platinum,Elementary flows/Emission to air/low population density,kg,elementary,,,
318,false,f9923ae7-bdab-44d8-897c-44310aea76b7,Iodine,Elementary flows/Emission to air/high population density,kg,elementary,,,
319,false,2b17b6a0-2884-4ef4-9116-eb33ea77291d,Vanadium V,Elementary flows/Emission to soil/agricultural,kg,elementary,,,
320,false,e12a5d26-dbc4-427c-a92e-3fdaf349df9f,Thorium-228,Elementary flows/Emission to water/fresh water,kBq,elementary,,,
321,true,adb4b590-7fb2-47b6-84e7-d4746a94c7b5,"Volume occupied, final repository for radioactive waste",Elementary flows/Resource/in ground,m3,elementary,,,
322,false,35b4d818-1019-413b-b99d-d351d8a67ac4,Molybdenum VI,"Elementary flows/Emission to air/low population density, long-term",kg,elementary,,,
323,false,81e17d9a-3e0b-414e-9b2e-eca7e5b3bd4a,Chromium VI,Elementary flows/Emission to air/unspecified,kg,elementary,,,
324,false,235b2f02-ff98-4da9-82e2-e4246c7b7990,Sodium I,Elementary flows/Emission to air/unspecified,kg,elementary,,,
325,false,10b69d7a-018d-44c6-9a5e-e67fc9475b86,Terpenes,Elementary flows/Emission to air/low population density,kg,elementary,,,
326,false,f5f7c4c3-ce9d-47ec-8c97-62d70b286203,Xenon-133,Elementary flows/Emission to air/low population density,kBq,elementary,,,
327,false,a708a1f6-7297-45ba-8fda-47a1ce6f11c3,Vanadium V,Elementary flows/Emission to water/fresh water,kg,elementary,,,
328,false,00e73fdb-98df-4a03-8290-79931cddfd12,Lead-210,Elementary flows/Emission to air/unspecified,kBq,elementary,,,
329,false,24541c8c-9f11-49ae-9de5-456f238a3f5e,Hydrogen fluoride,Elementary flows/Emission to air/unspecified,kg,elementary,,,
330,false,d317b7de-adc0-478c-8c7f-9d6d0f476e97,Fenpiclonil,Elementary flows/Emission to soil/agricultural,kg,elementary,,,
331,false,3b1ecf8e-1d2c-4330-81da-a79f9068976d,Toluene,Elementary flows/Emission to air/unspecified,kg,elementary,,,
332,true,b569dc97-52fe-4e39-9627-183b1002c287,"Copper, 2.19% in sulfide, Cu 1.83% and Mo 8.2E-3% in crude ore",Elementary flows/Resource/in ground,kg,elementary,,,
333,false,a2017716-a6ee-3c76-adf4-eab05dcfeb14,Calcium,"Elementary flows/Emission to water/ground water, long-term",kg,elementary,,,
334,false,739234c8-5359-48b4-983f-9cb170d68c8d,Lead II,Elementary flows/Emission to soil/unspecified,kg,elementary,,,
335,false,c864aa15-0abc-41ad-9889-348106e485d8,Lead II,Elementary flows/Emission to water/ground water,kg,elementary,,,
336,false,0bb66845-6ccf-4648-b565-2e704989d7c0,Ethylene oxide,Elementary flows/Emission to air/lower stratosphere + upper troposphere,kg,elementary,,,
337,false,c7c769bb-89b9-4459-afed-e3acecd39339,Sulfur hexafluoride,Elementary flows/Emission to air/low population density,kg,elementary,,,
338,false,e804f989-40c6-4a57-8a69-838ffb2ca08f,Ruthenium-103,Elementary flows/Emission to water/fresh water,kBq,elementary,,,
339,false,4ea9bb4f-e4ab-45d7-beb5-dc07fc1c685a,Radium-228,Elementary flows/Emission to water/unspecified,kBq,elementary,,,
340,false,d0fa3cee-a088-49c0-b80e-f3acac182f0b,Water,Elementary flows/Emission to air/low population density,kg,elementary,,,
341,false,5ce5a503-6244-4272-b306-0e67b73fcac3,Chloroform,Elementary flows/Emission to water/fresh water,kg,elementary,,,
342,false,efc4290c-1404-4e01-8b5e-e75c6d90615c,Butanol,Elementary flows/Emission to air/high population density,kg,elementary,,,
343,false,08a91e70-3ddc-11dd-94eb-0050c2490048,Zinc II,Elementary flows/Emission to water/ocean,kg,elementary,,,
344,false,24594cef-c50b-4e02-a5e3-c40cb06fea18,Krypton-89,Elementary flows/Emission to air/low population density,kBq,elementary,,,
345,false,3aaf9017-0d8a-42aa-9a60-cbc39e994e73,Phosphate,Elementary flows/Emission to water/ocean,kg,elementary,,,
346,false,8c66a07d-1b6f-488f-b301-afc79b46aa76,Caesium-134,Elementary flows/Emission to water/fresh water,kBq,elementary,,,
347,false,3dd549fd-825c-4ceb-a5f9-2988d322dc5d,Ethyl benzene,Elementary flows/Emission to water/unspecified,kg,elementary,,,
348,true,7d2c1cdd-a64a-5936-a577-5b82db0c0d1b,Lithium,Elementary flows/Resource/in ground,kg,elementary,,,
349,true,bafff3e8-f51e-42d6-8924-dcab1098c8ef,"Occupation, forest, intensive, short-cycle",Elementary flows/Resource/land,m2*a,elementary,,,
350,true,e6dd1a4b-0a12-4b46-9245-6ec9b63c8255,"Transformation, to industrial area, benthos",Elementary flows/Resource/unspecified,m2,elementary,,,
351,false,b61057a3-a0bc-4158-882e-b819c4797419,Nitrate,"Elementary flows/Emission to water/ground water, long-term",kg,elementary,,,
352,false,ed38a7d2-ffa5-4c28-9aea-dd9df0d1898b,Chloroacetic acid,Elementary flows/Emission to air/high population density,kg,elementary,,,
353,true,d0696f95-6cb3-453b-b849-c99ba9c90c28,Ulexite,Elementary flows/Resource/in ground,kg,elementary,,,
354,false,44dd80c7-9960-4881-8431-939509b81f53,Polonium-210,Elementary flows/Emission to air/low population density,kBq,elementary,,,
355,false,a25e7873-b0fd-46eb-81da-e49d84c2ac25,Benomyl,Elementary flows/Emission to soil/agricultural,kg,elementary,,,
356,false,6284e146-54b2-4067-a478-9b8ee24c6400,Selenium IV,Elementary flows/Emission to water/unspecified,kg,elementary,,,
357,false,01056d4b-f9b0-4dfc-b8d9-8407c8376efb,Aluminium III,"Elementary flows/Emission to water/ground water, long-term",kg,elementary,,,
358,false,19e97bd6-d0ae-4208-bd77-d58e5d46d827,Beryllium II,Elementary flows/Emission to air/high population density,kg,elementary,,,
359,false,e64254e3-07d3-4330-b6de-6a858f108124,Acetylene,Elementary flows/Emission to air/low population density,kg,elementary,,,
360,true,57c71b25-4663-4fad-9167-7ce5be3e8268,"Energy, kinetic (in wind), converted",Elementary flows/Resource/in air,MJ,elementary,,,
361,false,11f41c41-7733-49bc-b1b1-1f00fbade521,Ammonium carbonate,Elementary flows/Emission to air/high population density,kg,elementary,,,
362,false,39f248d5-dd9b-4460-8f34-3415dc3f3e43,Silicon,Elementary flows/Emission to soil/agricultural,kg,elementary,,,
363,false,21c257b2-57ce-4a6e-b4bd-40f0f75f310f,Silver I,Elementary flows/Emission to water/ocean,kg,elementary,,,
364,false,5716c728-bd33-414d-8691-16e5534f5d37,"Particulate Matter, > 2.5 um and < 10um","Elementary flows/Emission to air/low population density, long-term",kg,elementary,,,
365,false,1a217018-e3e5-499c-9eb5-5aacb9e6ae9a,Magnesium,Elementary flows/Emission to water/ocean,kg,elementary,,,
366,false,4f6390e3-bca5-4d3b-aead-7d63f2534440,Mancozeb,Elementary flows/Emission to soil/agricultural,kg,elementary,,,
367,false,1c389e81-9f9d-4e52-a6e9-11cc6b73d90d,Fluorine,Elementary flows/Emission to air/unspecified,kg,elementary,,,
368,false,94426df9-63b1-4dc6-ad1b-3509e22f1154,Silver I,"Elementary flows/Emission to water/ground water, long-term",kg,elementary,,,
369,false,5b78d61d-e67a-4f52-b15c-bb57a07ce649,Propene,Elementary flows/Emission to water/fresh water,kg,elementary,,,
370,false,142ce3b0-4bd6-47a3-9991-7c657c947ffe,Furan,Elementary flows/Emission to air/low population density,kg,elementary,,,
371,false,0795345f-c7ae-410c-ad25-1845784c75f5,"Methane, fossil",Elementary flows/Emission to air/unspecified,kg,elementary,,,
372,false,bc269269-1874-4423-b5f0-eed0f5227684,Potassium I,Elementary flows/Emission to soil/industrial,kg,elementary,,,
373,false,72f14baf-d36c-4f8e-8c17-5304a995f00a,"DOC, Dissolved Organic Carbon",Elementary flows/Emission to water/ocean,kg,elementary,,,
374,false,39153cb9-a8fe-4fc8-beef-1bf1edceb8e7,Phenol,Elementary flows/Emission to water/unspecified,kg,elementary,,,
375,true,8c920eda-3eee-4782-ace6-c706fb363b88,"Transformation, from forest, intensive, clear-cutting",Elementary flows/Resource/land,m2,elementary,,,
376,false,eaaf9b66-c5b1-4c49-9399-fc0f84bc9587,"Benzene, chloro-",Elementary flows/Emission to water/fresh water,kg,elementary,,,
377,true,bd7e559d-8a9e-3a98-81d4-2f6bcd6eca91,"Transformation, from forest, extensive",Elementary flows/Resource/land,m2,elementary,,,
378,false,3e419ebc-c0f1-4f85-a544-cf3460a680b6,Boron,Elementary flows/Emission to air/high population density,kg,elementary,,,
379,false,67799e83-54c8-4c89-90dc-1a7fa7780d2b,"Hydrocarbons, aromatic",Elementary flows/Emission to water/ocean,kg,elementary,,,
380,false,0b111253-26b5-4a03-97fb-ed7799c21797,"Solids, inorganic",Elementary flows/Emission to water/unspecified,kg,elementary,,,
381,false,f681eb3c-854a-4f78-bcfe-76dfbcf9df3c,"2,4-D",Elementary flows/Emission to soil/agricultural,kg,elementary,,,
382,false,404a34e3-251d-4d4f-9f53-9c27f99bfc0e,Ozone,Elementary flows/Emission to air/low population density,kg,elementary,,,
383,false,154f63d2-0300-3667-b374-9cd550201cc6,Mercury II,Elementary flows/Emission to air/lower stratosphere + upper troposphere,kg,elementary,,,
384,false,b301fa9a-ba60-4eac-8ccc-6ccbdf099b35,Hydrogen,Elementary flows/Emission to air/unspecified,kg,elementary,,,
385,false,63e7fe55-8549-11e0-9d78-0800200c9a66,Nickel II,Elementary flows/Emission to water/unspecified,kg,elementary,,,
386,false,08a91e70-3ddc-11dd-96d0-0050c2490048,Nickel II,Elementary flows/Emission to water/ocean,kg,elementary,,,
387,false,cbcf386d-63a5-4234-b77b-e2bd84403b36,Fluosilicic acid,Elementary flows/Emission to water/fresh water,kg,elementary,,,
388,false,b613b3b0-a98d-4b7a-a908-999ccfe1452d,Radon-220,Elementary flows/Emission to air/unspecified,kBq,elementary,,,
389,false,9b6d6f07-ebc6-447d-a3c0-f2017d77d852,Iron ion,"Elementary flows/Emission to water/ground water, long-term",kg,elementary,,,
390,false,36c96aed-9335-4564-8cdd-46f01a13700c,"NMVOC, non-methane volatile organic compounds",Elementary flows/Emission to air/lower stratosphere + upper troposphere,kg,elementary,,,
391,false,8f87dcf1-0177-4d62-bea0-a5dd8647ef8c,Trifluoromethane,Elementary flows/Emission to air/high population density,kg,elementary,,,
392,true,4b420f19-0421-461e-a0b6-7efbf580089b,"Transformation, from annual crop, non-irrigated",Elementary flows/Resource/land,m2,elementary,,,
393,false,d2d4b344-3c58-4b0c-868a-ac0bdb2027dc,Tetrachloroethylene,Elementary flows/Emission to air/high population density,kg,elementary,,,
394,false,64165202-4870-47d0-8602-b85e5d672865,Propylene,Elementary flows/Emission to air/unspecified,kg,elementary,,,
395,false,b3fd01ce-4eb3-461f-8639-4c7aa166f40e,Xenon-135m,Elementary flows/Emission to air/low population density,kBq,elementary,,,
396,false,60d55006-b236-4d9d-8700-71e92bc401af,Silver I,Elementary flows/Emission to water/fresh water,kg,elementary,,,
397,false,c89a0749-40a5-4c9c-8770-c4295ea34977,Phosphorus,Elementary flows/Emission to soil/agricultural,kg,elementary,,,
398,false,313b9346-b5b7-385a-b5d6-a59e11fd57cf,Calcium,Elementary flows/Emission to water/ground water,kg,elementary,,,
399,false,cec4a04d-562a-4a38-a98f-5fb3d07eea6b,"TOC, Total Organic Carbon",Elementary flows/Emission to water/unspecified,kg,elementary,,,
400,false,1af44724-172c-462b-b277-bb4b2fd32c33,Hexachlorobenzene,Elementary flows/Emission to air/high population density,kg,elementary,,,
401,false,091d8157-f865-4858-8ceb-0a49ac84614b,Argon-41,Elementary flows/Emission to air/low population density,kBq,elementary,,,
402,false,494eb62d-3e16-4a81-b344-6d6dfd9fd4e2,Bromochlorodifluoromethane,Elementary flows/Emission to air/low population density,kg,elementary,,,
403,true,13c774db-2063-35d2-9c25-7e0f1d40063a,"Transformation, from annual crop",Elementary flows/Resource/land,m2,elementary,,,
404,false,9ee7f4ab-b826-47ae-8623-e138f944b42e,Lead II,"Elementary flows/Emission to air/low population density, long-term",kg,elementary,,,
405,true,2d65a3f7-2a10-4a10-ac9e-a0cc7cd57979,"Gold, Au 2.1E-4%, Ag 2.1E-4%, in ore",Elementary flows/Resource/in ground,kg,elementary,,,
406,true,55beee8d-d04e-4307-bb0e-4e113dc07ee7,"Transformation, to urban, discontinuously built",Elementary flows/Resource/land,m2,elementary,,,
407,false,7069a2cd-257a-4a29-b10f-1e21ed853709,Potassium-40,Elementary flows/Emission to air/low population density,kBq,elementary,,,
408,false,7c555ee7-ee15-4ca1-a571-dd56c446840c,Ethylene,Elementary flows/Emission to water/fresh water,kg,elementary,,,
409,false,0367c22a-f1f5-48bc-8dea-95e784d19df2,Boron trifluoride,Elementary flows/Emission to air/high population density,kg,elementary,,,
410,false,08a91e70-3ddc-11dd-999e-0050c2490048,Titanium ion,Elementary flows/Emission to water/ocean,kg,elementary,,,
411,false,42948a91-29c3-3789-883e-c50836d1dbe8,Caesium-137,Elementary flows/Emission to air/low population density,kBq,elementary,,,
412,false,0ff15165-d761-48c9-9814-2d1dcdd56857,Lead II,"Elementary flows/Emission to water/ground water, long-term",kg,elementary,,,
413,false,fdefdf7a-897d-4213-ba2c-4e04d560fb00,Hydrogen peroxide,Elementary flows/Emission to water/fresh water,kg,elementary,,,
414,false,bf633941-aa40-4c37-b361-b5cbfb1089f5,Isoprene,Elementary flows/Emission to air/low population density,kg,elementary,,,
415,false,0437e787-ef47-4a50-b11f-df7c743e860c,Magnesium,Elementary flows/Emission to air/low population density,kg,elementary,,,
416,false,cdcbbd53-293a-41ef-a3d4-c599a86d29e3,Chloroacetic acid,Elementary flows/Emission to water/fresh water,kg,elementary,,,
417,false,5ac2254e-6b60-45f5-a700-6e0b93f411c8,Sulfur,Elementary flows/Emission to water/unspecified,kg,elementary,,,
418,false,693921ef-e02d-4072-add0-55aa4631b213,"Suspended solids, unspecified",Elementary flows/Emission to water/unspecified,kg,elementary,,,
419,false,08fbcb07-e7a1-352c-b779-9d7c578059d5,Titanium ion,"Elementary flows/Emission to water/ground water, long-term",kg,elementary,,,
420,false,9597c1a2-ecda-4a89-97c5-efcdc679058d,Potassium I,Elementary flows/Emission to air/low population density,kg,elementary,,,
421,false,21b46c65-491e-40a9-ac74-5877af997d7c,Sodium chlorate,Elementary flows/Emission to air/high population density,kg,elementary,,,
422,false,d4f71fc2-2fb6-4d80-b3cd-6e4f197a114f,Ozone,Elementary flows/Emission to air/high population density,kg,elementary,,,
423,false,9bc66656-9f37-44bc-ae0b-5d5243b8137e,Tetrachloroethylene,Elementary flows/Emission to air/unspecified,kg,elementary,,,
424,false,ef7bc7b8-f85b-4687-9cb1-eb60384650fa,"Hydrocarbons, aliphatic, unsaturated",Elementary flows/Emission to water/unspecified,kg,elementary,,,
425,false,481c0dd4-3ab2-47b5-94c4-b990e8a9dde5,Vanadium V,Elementary flows/Emission to air/low population density,kg,elementary,,,
426,false,51f80fcc-8eb0-4912-afbd-e9b9861e45a4,Antimony-125,Elementary flows/Emission to air/low population density,kBq,elementary,,,
427,true,b79e26a0-88db-441f-b79b-508506e81b93,"Transformation, from dump site, sanitary landfill",Elementary flows/Resource/land,m2,elementary,,,
428,false,3cca7f02-58b0-4b49-9938-e0f8bea03064,"Hydrocarbons, aromatic",Elementary flows/Emission to air/unspecified,kg,elementary,,,
429,false,d73952b6-7af5-4473-b68d-b0ce7f063317,Radium-224,Elementary flows/Emission to water/fresh water,kBq,elementary,,,
430,true,04eb0695-e67b-46e5-9516-da6bde119822,"Transformation, to traffic area, rail/road embankment",Elementary flows/Resource/land,m2,elementary,,,
431,false,dab33577-e9d4-4f6d-b141-a456521d4c1b,"Heat, waste",Elementary flows/Emission to soil/industrial,MJ,elementary,,,
432,false,fa9b9736-6de8-4bd6-ba22-1bd78c798373,Chloroform,Elementary flows/Emission to air/low population density,kg,elementary,,,
433,false,a1ecc854-a399-4b01-bae2-3a88b12ed44f,Propionic acid,Elementary flows/Emission to air/unspecified,kg,elementary,,,
434,false,99585564-bfce-4845-9aaa-2f24b8f26a41,"1,1,1-Trichloroethane",Elementary flows/Emission to air/low population density,kg,elementary,,,
435,false,f2e74872-f56d-4e49-8dfd-1428c6fbd59c,Helium,Elementary flows/Emission to air/unspecified,kg,elementary,,,
436,false,08a91e70-3ddc-11dd-91e3-0050c2490048,Arsenic ion,Elementary flows/Emission to water/ocean,kg,elementary,,,
437,false,ebc5f04e-ae40-49b1-b07b-495f67e26c28,Rubidium,Elementary flows/Emission to water/ocean,kg,elementary,,,
438,false,15cfc784-a719-4230-ad2e-f4104d56c427,"Nitrogen, organic bound","Elementary flows/Emission to water/ground water, long-term",kg,elementary,,,
439,true,c033dd2f-87a4-435d-a7cb-477b15310066,"Occupation, dump site, benthos",Elementary flows/Resource/unspecified,m2*a,elementary,,,
440,true,c15f6c4d-bf7a-4a7c-91c6-53aad6a630a8,"Silver, 0.007% in sulfide, Ag 0.004%, Pb, Zn, Cd, In",Elementary flows/Resource/in ground,kg,elementary,,,
441,true,05a9f970-d413-321a-8161-88b70933593f,"Transformation, to forest, intensive, normal",Elementary flows/Resource/land,m2,elementary,,,
442,false,7f8fd1ca-0412-4b2e-90fd-a9d294d947a3,Carbon,Elementary flows/Emission to soil/industrial,kg,elementary,,,
443,false,238cb6c4-b307-4c7c-8c31-ef5d0f56a402,Copper ion,"Elementary flows/Emission to water/ground water, long-term",kg,elementary,,,
444,false,98eb1d16-9d7a-4716-9be4-1449341a832f,Sodium I,Elementary flows/Emission to air/high population density,kg,elementary,,,
445,false,871b6f07-de14-48d4-b4aa-7745872c7e9a,Sulfur,Elementary flows/Emission to water/ocean,kg,elementary,,,
446,false,04f42988-6207-4d09-a91f-155be8d27eb0,Hexachlorobenzene,Elementary flows/Emission to air/unspecified,kg,elementary,,,
447,false,39b3200d-f95a-413a-9c96-6d90345d9dca,Caesium-134,Elementary flows/Emission to air/low population density,kBq,elementary,,,
448,false,605f4376-2e06-4fdb-8ecb-505ccebeb2d7,Butyl acetate,Elementary flows/Emission to water/fresh water,kg,elementary,,,
449,false,368b8a39-0503-4607-b838-1daa8db1d67c,Sodium formate,Elementary flows/Emission to water/fresh water,kg,elementary,,,
450,false,4d9a8790-3ddd-11dd-96d1-0050c2490048,Copper ion,Elementary flows/Emission to water/ocean,kg,elementary,,,
451,false,68e32537-beae-41c2-be72-74df4d273c11,Hydrochloric acid,Elementary flows/Emission to air/low population density,kg,elementary,,,
452,false,fa89c354-2263-4ed2-ac56-99946be5c665,Beryllium II,Elementary flows/Emission to water/ground water,kg,elementary,,,
453,false,1584734d-c5c8-42a5-aa51-0f6a92a9cc0d,"1,2-Dichloro-1,1,2,2-tetrafluoroethane",Elementary flows/Emission to air/low population density,kg,elementary,,,
454,false,725c7923-0ed8-43e5-b485-fad7e34bef08,"DOC, Dissolved Organic Carbon","Elementary flows/Emission to water/ground water, long-term",kg,elementary,,,
455,false,0e907e32-c2f3-4cd6-a7e6-64363f82d635,Arsenic ion,Elementary flows/Emission to soil/industrial,kg,elementary,,,
456,false,ef06f2a4-4b8c-4740-9e06-0c2126d1839a,Methyl acetate,Elementary flows/Emission to air/high population density,kg,elementary,,,
457,false,479daf8f-657e-46a6-bdea-3cb2c61c44b1,Silicon,Elementary flows/Emission to air/low population density,kg,elementary,,,
458,false,b5eb4783-f470-4bf5-800f-7e12ada63c1d,Technetium-99m,Elementary flows/Emission to water/unspecified,kBq,elementary,,,
459,false,c9b97088-efc6-43c1-8d26-f78d6cdbb50b,Polychlorinated biphenyls,Elementary flows/Emission to air/unspecified,kg,elementary,,,
460,false,e3de5903-aa75-4d7b-a804-2c75248b4c6d,Tellurium-123m,Elementary flows/Emission to water/unspecified,kBq,elementary,,,
461,false,7ca6314d-4ca2-49ab-b1a5-83811a3a9b1f,Molybdenum-99,Elementary flows/Emission to water/fresh water,kBq,elementary,,,
462,false,613f4eaf-afee-4934-877f-dc91aef6411f,Thorium-230,Elementary flows/Emission to water/fresh water,kBq,elementary,,,
463,true,bf377e4f-3a95-4ce2-a9ba-66ee31f00f60,Cadmium,Elementary flows/Resource/in ground,kg,elementary,,,
464,false,c796eed5-8e5d-43bb-8dd9-feaae3e90511,Fluoride,Elementary flows/Emission to water/ocean,kg,elementary,,,
465,false,788c0461-92d9-4a39-b89b-e3c42a5c68ae,Radium-226,Elementary flows/Emission to water/ground water,kBq,elementary,,,
466,false,4cff006f-c6df-42a8-9dee-cc064f14326e,"Hydrocarbons, aliphatic, unsaturated",Elementary flows/Emission to air/unspecified,kg,elementary,,,
467,false,2f8952b0-c90c-4e3d-b546-52b862fc8f11,Phosphorus,Elementary flows/Emission to soil/industrial,kg,elementary,,,
468,false,a861cfae-a310-4e9d-b9eb-5d555c9a684c,Formaldehyde,Elementary flows/Emission to air/unspecified,kg,elementary,,,
469,false,108a082e-3772-4a76-ac4b-659ffc001e53,Silver I,Elementary flows/Emission to water/ground water,kg,elementary,,,
470,false,a649f89b-2e2a-48e9-9677-b85b4cbcc30c,"Heat, waste",Elementary flows/Emission to water/ocean,MJ,elementary,,,
471,false,3d719c07-ec27-4971-b7cc-4bcf17d77dd3,Sodium I,Elementary flows/Emission to air/low population density,kg,elementary,,,
472,false,26966946-81f2-4023-ab6d-f072a6d0a873,Hypochlorite,Elementary flows/Emission to water/fresh water,kg,elementary,,,
473,false,33681770-a0e1-4ce8-93c3-941fd607fa5f,Tetrafluoromethane,Elementary flows/Emission to air/unspecified,kg,elementary,,,
474,false,554be2fb-9bb9-46c6-a4df-46df0d53cb65,Hydrogen sulfide,"Elementary flows/Emission to water/ground water, long-term",kg,elementary,,,
475,false,32fccda4-0d99-40ab-b65f-c7203080b62b,Thallium I,Elementary flows/Emission to water/unspecified,kg,elementary,,,
476,false,01248058-8a0f-40f6-8555-13ec37c7931d,Sodium I,"Elementary flows/Emission to air/low population density, long-term",kg,elementary,,,
477,false,d28f10c4-a8d0-4891-b7a4-362e12360079,Thorium,Elementary flows/Emission to air/low population density,kg,elementary,,,
478,false,619efb89-ffd5-3fc1-b0c7-46680f5a3310,Nickel II,Elementary flows/Emission to air/unspecified,kg,elementary,,,
479,false,1753af55-cfa1-4fb2-a059-33594a759982,Nitrobenzene,Elementary flows/Emission to air/high population density,kg,elementary,,,
480,false,59c2b461-3992-4b18-8f27-699f4880cc4e,Plutonium-238,Elementary flows/Emission to air/low population density,kBq,elementary,,,
481,false,207a9d66-c6e7-31c4-ad29-e3ba3f6916cb,Selenium IV,Elementary flows/Emission to air/unspecified,kg,elementary,,,
482,false,594fdc19-25cd-4c22-b3f3-58b1f2f42965,Aldrin,Elementary flows/Emission to soil/agricultural,kg,elementary,,,
483,false,4b09c2cb-937f-43a5-a3f8-b20ff8f047d3,Iodide,Elementary flows/Emission to water/ocean,kg,elementary,,,
484,false,90d374f1-b739-45b2-a734-d6bdd8c8dc9c,2-Nitrobenzoic acid,Elementary flows/Emission to air/high population density,kg,elementary,,,
485,false,f6266ac7-9608-47f2-bc91-3857eb366446,Scandium,"Elementary flows/Emission to water/ground water, long-term",kg,elementary,,,
486,false,16cd83f0-c5c0-4b6f-8dd0-26d4e3b9a017,Uranium-238,Elementary flows/Emission to water/ground water,kBq,elementary,,,
487,false,f16fa1da-e426-4820-bf9d-71595c22283b,Calcium II,Elementary flows/Emission to soil/agricultural,kg,elementary,,,
488,false,356c6086-4835-4a0d-b1f2-10f8b6656d23,Lead-210,Elementary flows/Emission to air/high population density,kBq,elementary,,,
489,false,99654797-afd2-4340-8d36-08d3cd92dac4,Carbon disulfide,Elementary flows/Emission to water/fresh water,kg,elementary,,,
490,false,957d4d94-9f88-4f40-9755-cfc3918882bb,Manganese,"Elementary flows/Emission to water/ground water, long-term",kg,elementary,,,
491,false,581ddcdf-82b7-4f87-83ee-761a44fea7f7,Magnesium,Elementary flows/Emission to soil/industrial,kg,elementary,,,
492,true,d0779a5e-6969-4144-954e-ceb81fb83f15,Cobalt,Elementary flows/Resource/in ground,kg,elementary,,,
493,false,e17ab5b1-0e70-409c-b7fd-0a01e6a26de3,Thorium-232,Elementary flows/Emission to air/high population density,kBq,elementary,,,
494,false,5dc90a86-a720-4177-a52a-75f43254936f,Barium-140,Elementary flows/Emission to water/fresh water,kBq,elementary,,,
495,true,4624deff-2016-41d4-b2bf-3db8dab88779,"Transformation, to industrial area",Elementary flows/Resource/land,m2,elementary,,,
496,false,006aa3f7-59ba-450f-aa45-a2b2d1752647,Sulfate,Elementary flows/Emission to air/low population density,kg,elementary,,,
497,false,5baed830-f676-4031-a036-8a9599bd7237,Boron,Elementary flows/Emission to water/ocean,kg,elementary,,,
498,false,3a6c936c-0276-4f11-9d98-1bd011387a6e,Propane,Elementary flows/Emission to air/unspecified,kg,elementary,,,
499,false,7ad7644f-8796-438e-a15b-86345622886b,Lactic acid,Elementary flows/Emission to air/high population density,kg,elementary,,,
500,false,8a377f10-d147-41ff-b9ef-53fad50245ce,Arsenic ion,Elementary flows/Emission to water/unspecified,kg,elementary,,,
501,true,c199261c-8234-43c5-b906-5b67707e4395,"Occupation, shrub land, sclerophyllous",Elementary flows/Resource/land,m2*a,elementary,,,
502,false,8217561a-01c7-4275-9574-ae8f76f7602f,Methyl acrylate,Elementary flows/Emission to water/fresh water,kg,elementary,,,
503,false,68ba2022-830e-45fb-8c85-b35e94754ae9,Chromium VI,Elementary flows/Emission to soil/unspecified,kg,elementary,,,
504,false,63e8256a-8549-11e0-9d78-0800200c9a66,Tin ion,Elementary flows/Emission to water/unspecified,kg,elementary,,,
505,false,4a094654-0a37-4492-87cb-5065366d9bc4,2-Aminopropanol,Elementary flows/Emission to water/fresh water,kg,elementary,,,
506,false,1febb3ea-a4ee-4b7d-a6e7-0c4b6da28188,Cyanide,Elementary flows/Emission to water/ocean,kg,elementary,,,
507,false,d761f94e-517d-41cf-89fa-17dc72f7a69b,Phosphorus,Elementary flows/Emission to air/unspecified,kg,elementary,,,
508,false,ea5789d9-c0f9-4aeb-9df9-0caaf211534b,o-Chlorotoluene,Elementary flows/Emission to water/surface water,kg,elementary,,,
509,false,96b0e9d0-5bfc-4113-ac30-c9b8a310b534,Fluoride,Elementary flows/Emission to water/unspecified,kg,elementary,,,
510,false,27d2b49d-9ecb-4b0a-80dc-9c6598464c6a,Thorium-228,Elementary flows/Emission to water/ocean,kBq,elementary,,,
511,false,cf5e52c1-b1fc-46c8-b6f9-8e085657632e,Zinc-65,Elementary flows/Emission to air/low population density,kBq,elementary,,,
512,false,e7f7fd97-a1c8-4be9-8a21-68ef06437d20,Formic acid,Elementary flows/Emission to air/low population density,kg,elementary,,,
513,true,9877ce00-65f8-4c0c-9fcf-92aa53a2c9c0,Diatomite,Elementary flows/Resource/in ground,kg,elementary,,,
514,false,932d7913-eb64-484c-b2ec-7aae36e29017,Cyanoacetic acid,Elementary flows/Emission to air/high population density,kg,elementary,,,
515,false,53fc7ec9-1b3f-4d89-ade6-8ca2934c1695,Butene,Elementary flows/Emission to air/high population density,kg,elementary,,,
516,false,e8783a01-d3f5-4c08-b7b0-12af0f33c20d,Lead-210,Elementary flows/Emission to air/low population density,kBq,elementary,,,
517,false,f2d5f01a-3e16-4a6c-a3dc-f6ee9a728957,Toluene,Elementary flows/Emission to water/ocean,kg,elementary,,,
518,false,30f484ee-dec4-47ae-8e92-d00d4b93fe05,Chromium III,Elementary flows/Emission to water/unspecified,kg,elementary,,,
519,false,9e9d143b-f89b-335a-9f04-835f7354a85e,"2-Butene, 2-methyl-",Elementary flows/Emission to water/unspecified,kg,elementary,,,
520,false,23856318-9583-426b-ab04-12e4506b60a8,Propylene,Elementary flows/Emission to air/low population density,kg,elementary,,,
521,false,c26d4716-ce1e-43da-a662-cd9498b1e8bc,Molybdenum VI,Elementary flows/Emission to air/high population density,kg,elementary,,,
522,false,16916dd2-a145-4cb2-9769-19c551b2ff5e,Uranium alpha,Elementary flows/Emission to air/low population density,kBq,elementary,,,
523,false,b09f5508-e2a9-4cf4-8499-afffd4d1d206,Iron-59,Elementary flows/Emission to water/fresh water,kBq,elementary,,,
524,true,fe1524b9-afe4-380d-99a8-822964917db0,"Palladium, Pd 7.3E-4%, Pt 2.5E-4%, Rh 2.0E-5%, Ni 2.3E+0%, Cu 3.2E+0% in ore",Elementary flows/Resource/in ground,kg,elementary,,,
525,false,a3833724-a816-4c9e-b6fd-ac43e8aeedc2,o-Chlorotoluene,Elementary flows/Emission to air/high population density,kg,elementary,,,
526,true,32791291-9f65-3e12-a44e-91a43039858e,"Occupation, industrial area",Elementary flows/Resource/land,m2*a,elementary,,,
527,false,ea4e9316-5080-4b3b-bbf3-1949f6d7577a,Phosphorus,Elementary flows/Emission to air/low population density,kg,elementary,,,
528,false,f012d2d5-ebb4-4531-8285-0b98af3dcbd4,"BOD5, Biological Oxygen Demand",Elementary flows/Emission to water/ocean,kg,elementary,,,
529,false,c2e854f9-fe22-4fe7-9083-cf6d0a8c7254,Chromium VI,"Elementary flows/Emission to air/low population density, long-term",kg,elementary,,,
530,true,d02343bd-b00d-4fb3-9bda-2e8183f3b012,"Silver, Ag 2.1E-4%, Au 2.1E-4%, in ore",Elementary flows/Resource/in ground,kg,elementary,,,
531,false,b1fca66f-8e83-469a-a7b5-018e14d5d545,Phosphorus,Elementary flows/Emission to water/ground water,kg,elementary,,,
532,false,fbf6ab3a-74e3-4cbe-b61d-959728bdce46,Chloroform,Elementary flows/Emission to air/unspecified,kg,elementary,,,
533,false,19108dfd-9b70-4fca-bac5-d523f8b5d3c0,Benzene,Elementary flows/Emission to water/ocean,kg,elementary,,,
534,false,4793b8fb-08c5-412a-8bdf-789cc2e3abab,Metaldehyde (tetramer),Elementary flows/Emission to soil/agricultural,kg,elementary,,,
535,false,fdba525b-f037-4018-b31d-abe3868ae256,Tellurium-132,Elementary flows/Emission to water/fresh water,kBq,elementary,,,
536,false,1e904267-caa3-40e6-a3a0-fc104489770b,Cobalt II,"Elementary flows/Emission to water/ground water, long-term",kg,elementary,,,
537,false,916801f0-3980-4408-a577-62b222aa1543,Copper ion,Elementary flows/Emission to water/lake,kg,elementary,,,
538,false,ebfe261d-ab0d-4ade-8743-183c8c6bdcc6,Magnesium,Elementary flows/Emission to air/high population density,kg,elementary,,,
539,false,2b84be2e-7b2a-48d1-b641-c68a5d717809,Chloramine,Elementary flows/Emission to water/fresh water,kg,elementary,,,
540,false,305af6f4-1a7e-487e-8479-0e37e3ec9d9e,Cobalt-58,Elementary flows/Emission to water/fresh water,kBq,elementary,,,
541,false,309785ae-645a-4541-b225-5422d73b21a6,m-Xylene,Elementary flows/Emission to water/fresh water,kg,elementary,,,
542,false,eb15dd66-43ee-4161-ac90-2cd6d19ca72d,Benzene,Elementary flows/Emission to air/lower stratosphere + upper troposphere,kg,elementary,,,
543,false,9e8d685c-9948-4dc0-9c0b-d5c511e14d05,Cyanide,Elementary flows/Emission to air/low population density,kg,elementary,,,
544,false,68b3e437-3381-4208-822d-f5dbb768a52d,t-Butyl methyl ether,Elementary flows/Emission to water/fresh water,kg,elementary,,,
545,false,9c706cff-cb82-4207-a589-95896e04dc08,Manganese II,Elementary flows/Emission to soil/industrial,kg,elementary,,,
546,false,9b132374-dce2-4ce0-86aa-53201b30f617,"1,1,2-Trichloro-1,2,2-trifluoroethane",Elementary flows/Emission to air/high population density,kg,elementary,,,
547,false,df5dd437-2e12-4af6-8f7a-9c8224857dc5,Hexafluoroethane,Elementary flows/Emission to air/high population density,kg,elementary,,,
548,false,79b3f708-dd3f-4ccb-9121-a4cdd46e0dc4,o-Dichlorobenzene,Elementary flows/Emission to water/surface water,kg,elementary,,,
549,false,71234253-b3a7-4dfe-b166-a484ad15bee7,Mercury II,Elementary flows/Emission to air/unspecified,kg,elementary,,,
550,false,e70d3563-78c4-42cf-8cf3-5ac42c499589,Radon-220,Elementary flows/Emission to air/low population density,kBq,elementary,,,
551,false,401e79d4-43a3-4000-ae78-39ba6cb80948,Cerium-144,Elementary flows/Emission to water/fresh water,kBq,elementary,,,
552,false,c76ddd9e-fd9c-47c5-9b95-ad924146f0bb,Chlorine,Elementary flows/Emission to air/low population density,kg,elementary,,,
553,false,5ffb3576-740f-41ba-814f-8538d83a4b3b,Barium II,Elementary flows/Emission to air/high population density,kg,elementary,,,
554,false,b9291c72-4b1d-4275-8068-4c707dc3ce33,Nitrate,Elementary flows/Emission to water/ground water,kg,elementary,,,
555,false,d78a3d22-4bed-4ad3-8a9c-1cc4645188d0,Acetone,Elementary flows/Emission to water/unspecified,kg,elementary,,,
556,false,aef694fb-8da8-4e26-8b7d-6769a6aa03a4,Mercury II,Elementary flows/Emission to water/lake,kg,elementary,,,
557,false,961ccd56-2eee-4f57-bb18-fc4362b49000,"COD, Chemical Oxygen Demand",Elementary flows/Emission to water/unspecified,kg,elementary,,,
558,false,35df5fe0-c90d-43b4-a35a-3d97022114d2,Silver I,Elementary flows/Emission to air/low population density,kg,elementary,,,
559,false,3184c902-c587-4fd7-bd89-769d3cf30072,Barium II,"Elementary flows/Emission to water/ground water, long-term",kg,elementary,,,
560,false,6089e9e4-f382-4066-9968-fc7e42b51066,Titanium ion,Elementary flows/Emission to water/unspecified,kg,elementary,,,
561,false,d3260d0e-8203-4cbb-a45a-6a13131a5108,"NMVOC, non-methane volatile organic compounds",Elementary flows/Emission to air/unspecified,kg,elementary,,,
562,false,48524bfc-be91-406e-986b-9550744e0360,Strontium-90,Elementary flows/Emission to water/ocean,kBq,elementary,,,
563,false,a4420691-4666-4855-9124-3030ed233407,o-Nitrotoluene,Elementary flows/Emission to air/high population density,kg,elementary,,,
564,false,795b9f74-ca43-4acc-8d29-79165973500a,Iodide,Elementary flows/Emission to water/fresh water,kg,elementary,,,
565,true,b4157c65-4181-3279-8c4b-30a58ca47b10,"Palladium, Pd 2.0E-4%, Pt 4.8E-4%, Rh 2.4E-5%, Ni 3.7E-2%, Cu 5.2E-2% in ore",Elementary flows/Resource/in ground,kg,elementary,,,
566,false,f1c0cd31-8d5e-4bc9-91f6-79e76329234e,Propionic acid,Elementary flows/Emission to air/high population density,kg,elementary,,,
567,false,a3beb5ac-5149-47f6-a035-53fc5030f10a,"Carbon monoxide, fossil",Elementary flows/Emission to air/lower stratosphere + upper troposphere,kg,elementary,,,
568,false,15ca802b-f541-44aa-bd33-35560a053193,Nitrate,Elementary flows/Emission to air/high population density,kg,elementary,,,
569,true,ac3a8914-35f0-4c34-a956-f26b3a053e4a,Basalt,Elementary flows/Resource/in ground,kg,elementary,,,
570,false,7d3f7498-3596-478a-9fa1-72201ef94082,Molybdenum VI,"Elementary flows/Emission to water/ground water, long-term",kg,elementary,,,
571,false,17505bf8-40af-4580-8608-5841ff063d23,Scandium,Elementary flows/Emission to air/low population density,kg,elementary,,,
572,false,996829cc-2d40-418a-beda-7c50399952f9,Nitrogen,Elementary flows/Emission to water/ocean,kg,elementary,,,
573,true,0930b6b8-d9c6-4462-966f-ac7495b63bed,"Transformation, from forest, unspecified",Elementary flows/Resource/land,m2,elementary,,,
574,false,b3701449-fe4b-4513-b4a4-065e62f03e5c,Titanium ion,"Elementary flows/Emission to air/low population density, long-term",kg,elementary,,,
575,false,93b2bac7-4b0b-45d8-a178-94a79d2e249a,Bromide,Elementary flows/Emission to water/fresh water,kg,elementary,,,
576,false,7880e65c-0321-4295-ba55-3186ad36e489,Aluminium III,Elementary flows/Emission to water/unspecified,kg,elementary,,,
577,false,5f4baaf6-055e-491e-9852-258897ab5194,"Hydrocarbons, aliphatic, alkanes, cyclic",Elementary flows/Emission to air/low population density,kg,elementary,,,
578,false,2aff27b3-72b7-4ec7-8960-e99ec776c92b,Xylene,Elementary flows/Emission to water/fresh water,kg,elementary,,,
579,false,3850d44e-8919-47bc-9c0a-51ccc4ec9d9f,Glyphosate,Elementary flows/Emission to soil/agricultural,kg,elementary,,,
580,false,50f3bc1e-fafc-44a2-9800-4468d8c3b643,Hydrochloric acid,Elementary flows/Emission to air/lower stratosphere + upper troposphere,kg,elementary,,,
581,false,1d2439de-751b-469a-ba3e-fda8fe9802b2,Methanol,Elementary flows/Emission to air/low population density,kg,elementary,,,
582,false,dcf8705e-f066-4a89-9311-d2993c27fb84,Potassium,Elementary flows/Emission to water/ground water,kg,elementary,,,
583,false,e6aafd63-a6d5-41f7-9b82-45f791c7037c,Uranium-238,Elementary flows/Emission to air/low population density,kBq,elementary,,,
584,false,f9d36529-abde-4ed2-a82c-d365ae2c713f,Methyl isobutyl ketone,Elementary flows/Emission to water/unspecified,kg,elementary,,,
585,false,793f8194-88c0-4315-b59e-58de48ba6ce4,Radium-228,Elementary flows/Emission to air/low population density,kBq,elementary,,,
586,false,440262bc-edd4-474d-931c-fa8712202bf2,Formaldehyde,Elementary flows/Emission to water/fresh water,kg,elementary,,,
587,false,a8fea8cf-9b09-49fc-aa58-5a732494a2a0,"COD, Chemical Oxygen Demand","Elementary flows/Emission to water/ground water, long-term",kg,elementary,,,
588,false,4d9a8790-3ddd-11dd-8dc2-0050c2490048,Vanadium V,Elementary flows/Emission to water/ocean,kg,elementary,,,
589,false,43c700bb-0b3b-4fb1-8bd1-3d1da82b6844,Nitrate,Elementary flows/Emission to water/ocean,kg,elementary,,,
590,false,acd68ded-df6f-4a5f-b95d-bbbf2567c735,"Hydrocarbons, aliphatic, alkanes, unspecified",Elementary flows/Emission to water/unspecified,kg,elementary,,,
591,false,89dc9c0f-bf19-4c66-ad66-3d664009725a,Cumene,Elementary flows/Emission to water/fresh water,kg,elementary,,,
592,false,6b248529-b754-4be7-8b1a-91b9756fc2bc,Hexane,Elementary flows/Emission to air/unspecified,kg,elementary,,,
593,true,8c90daf4-cbc1-309b-9f36-78377bfef810,"Rhodium, Rh 2.0E-5%, Pt 2.5E-4%, Pd 7.3E-4%, Ni 2.3E+0%, Cu 3.2E+0% in ore",Elementary flows/Resource/in ground,kg,elementary,,,
594,false,cada56a9-5b09-4490-84a3-70e5ec1bd735,Propanol,Elementary flows/Emission to water/fresh water,kg,elementary,,,
595,false,d4b61c6c-a620-4a91-afc6-ca87ef97b55a,Dichloromethane,Elementary flows/Emission to air/low population density,kg,elementary,,,
596,false,6b99e3e0-59ed-43cf-a17b-d5edea71e1bd,Water,Elementary flows/Emission to air/high population density,kg,elementary,,,
597,false,4991c714-c124-4148-aebd-b32cdc2eaa18,Formic acid,Elementary flows/Emission to water/fresh water,kg,elementary,,,
598,false,d4049741-cef2-4edd-a3af-9728b9e3a568,Sulfur,Elementary flows/Emission to soil/agricultural,kg,elementary,,,
599,false,3822809c-cc03-469d-ac2a-9f85842f8440,Molybdenum VI,Elementary flows/Emission to water/ground water,kg,elementary,,,
600,false,4841a0fe-c250-4a39-94a1-1bc31426c0f1,Nitrogen oxides,Elementary flows/Emission to air/lower stratosphere + upper troposphere,kg,elementary,,,
601,false,e4f501bb-02e2-4562-be3c-5a047b6d2581,"2,4-Dichlorophenol",Elementary flows/Emission to air/high population density,kg,elementary,,,
602,false,d68f41b3-6887-49a8-8efa-96812f8ec9f6,Barium II,Elementary flows/Emission to water/ground water,kg,elementary,,,
603,false,04512c78-0228-4291-8c4d-7e64b6ad670c,Beryllium II,Elementary flows/Emission to water/fresh water,kg,elementary,,,
604,true,c1513682-45ad-444e-afb5-27c660714e88,"Transformation, from dump site, inert material landfill",Elementary flows/Resource/land,m2,elementary,,,
605,true,36965153-1daf-452a-8089-f4b5222c46ae,"Transformation, to unknown",Elementary flows/Resource/land,m2,elementary,,,
606,false,a9ec0c9b-982a-4329-99ae-dab1f9fb62d3,Chromium VI,Elementary flows/Emission to water/unspecified,kg,elementary,,,
607,false,79def65c-bd77-4fb2-a1df-f4dba98ada8f,Aniline,Elementary flows/Emission to air/high population density,kg,elementary,,,
608,false,0d9f52b2-f2d5-46a3-90a3-e22ef252cc37,Strontium II,Elementary flows/Emission to air/unspecified,kg,elementary,,,
609,true,23e83c1f-07c9-4b5f-a898-0f4f09a6691f,"Wood, unspecified, standing",Elementary flows/Resource/biotic,m3,elementary,,,
610,false,d32f9dd8-9514-4c22-8c99-2e108609731f,Bromine,Elementary flows/Emission to air/low population density,kg,elementary,,,
611,false,8b7dc667-f04e-492c-a161-80b1482126b0,Hydrogen fluoride,Elementary flows/Emission to air/low population density,kg,elementary,,,
612,false,63974d2c-11f3-45eb-be9c-726261b04d85,Phenol,Elementary flows/Emission to air/low population density,kg,elementary,,,
613,false,6e769b2f-11ce-4ec1-ad99-a27c93361e72,Thorium-228,Elementary flows/Emission to air/high population density,kBq,elementary,,,
614,false,7c44db6f-bf0e-4a63-bd94-d376ec941786,Xenon-138,Elementary flows/Emission to air/low population density,kBq,elementary,,,
615,false,4870313f-52a4-4c41-8a08-a25745f2fce9,Sulfide,Elementary flows/Emission to water/ocean,kg,elementary,,,
616,false,e3787169-170a-3047-a5f2-16e292861643,"Methane, tetrachloro-, CFC-10",Elementary flows/Emission to air/high population density,kg,elementary,,,
617,false,b8fc2875-a1ce-4a7c-a73d-6ba5b26319d3,Boron,Elementary flows/Emission to air/unspecified,kg,elementary,,,
618,false,7b66aae2-1d58-490b-8ee7-7677f93c4282,Tin ion,Elementary flows/Emission to water/ground water,kg,elementary,,,
619,false,a192f5ac-fb5d-4e14-ac11-3c38283da9d0,Cumene,Elementary flows/Emission to air/unspecified,kg,elementary,,,
620,false,3d92a9a3-8942-4ed9-8522-fe027656e9e9,Tebutam,Elementary flows/Emission to soil/agricultural,kg,elementary,,,
621,false,86eaeab4-5769-342f-9659-3505361510a6,Cadmium II,Elementary flows/Emission to soil/agricultural,kg,elementary,,,
622,true,86c6e6cd-c2f5-4977-bad6-ce9cd48cf721,"Nickel, 1.13% in sulfide, Ni 0.76% and Cu 0.76% in crude ore",Elementary flows/Resource/in ground,kg,elementary,,,
623,false,f8ff2106-63ee-3b88-8116-6bcb96b3a0e5,Selenium IV,Elementary flows/Emission to air/lower stratosphere + upper troposphere,kg,elementary,,,
624,false,60a6702f-20ad-444f-a6df-f6374f1e3183,Tin ion,"Elementary flows/Emission to water/ground water, long-term",kg,elementary,,,
625,true,28528881-7154-48d5-9cc3-5c13ddcdc47a,"Wood, primary forest, standing",Elementary flows/Resource/biotic,m3,elementary,,,
626,false,8a970585-5ce2-4226-b60d-df1c34649a56,Butadiene,Elementary flows/Emission to air/low population density,kg,elementary,,,
627,false,0ace7678-a181-48e8-8728-d912a8b56c57,Aluminium III,Elementary flows/Emission to water/ocean,kg,elementary,,,
628,false,bae57811-0343-41be-97cf-2c74279dd638,Thorium-228,Elementary flows/Emission to air/low population density,kBq,elementary,,,
629,false,87f683ed-44ae-41a6-b4bc-230622f8cfef,Ethylene,Elementary flows/Emission to air/low population density,kg,elementary,,,
630,false,7a2d7097-20c4-4b5f-b2ee-bcfc2ba1378f,Acetone,Elementary flows/Emission to air/low population density,kg,elementary,,,
631,false,7282b430-0b75-426c-a8c0-6aff91985c0d,Tungsten,Elementary flows/Emission to water/fresh water,kg,elementary,,,
632,false,29650884-f650-3ebe-918a-030f507b9ef1,Zinc II,Elementary flows/Emission to air/lower stratosphere + upper troposphere,kg,elementary,,,
633,false,9d9e8c2a-645e-4a88-bfcf-3b100b09196b,Methanol,Elementary flows/Emission to water/ocean,kg,elementary,,,
634,false,4b6f838f-fde2-4f2b-9dc9-87e39a52b94e,Acetone,Elementary flows/Emission to water/fresh water,kg,elementary,,,
635,false,5fa36ce3-aed0-443b-a09d-4cdf25b41995,Molybdenum VI,Elementary flows/Emission to air/low population density,kg,elementary,,,
636,true,0878c1c6-4c1d-4f90-a2de-a9383855d5c6,Gallium,Elementary flows/Resource/in ground,kg,elementary,,,
637,false,30b9fd62-6ca2-4fd9-bc3c-c12417e6c73d,Strontium-89,Elementary flows/Emission to water/fresh water,kBq,elementary,,,
638,false,58a3086e-3ded-4751-a313-05608f725081,Boron,Elementary flows/Emission to soil/industrial,kg,elementary,,,
639,false,205617ae-ebc5-4245-8df6-8710d5d40615,Nitrate,"Elementary flows/Emission to air/low population density, long-term",kg,elementary,,,
640,true,6b47b4de-2322-358e-a3b8-57e2f26eafb3,"Platinum, Pt 4.8E-4%, Pd 2.0E-4%, Rh 2.4E-5%, Ni 3.7E-2%, Cu 5.2E-2% in ore",Elementary flows/Resource/in ground,kg,elementary,,,
641,false,0ee08c3a-1553-4637-8f17-c486c115ef2b,Barium II,Elementary flows/Emission to water/fresh water,kg,elementary,,,
642,false,5efff566-462f-4ded-b5b4-6761cf50c376,Sulfate,Elementary flows/Emission to water/ocean,kg,elementary,,,
643,false,f873299d-0675-4fdc-ad01-c5a4b951b583,Methanol,Elementary flows/Emission to air/high population density,kg,elementary,,,
644,false,2a51889e-9264-45df-9753-64c25a755d9e,Vinyl chloride,Elementary flows/Emission to air/unspecified,kg,elementary,,,
645,false,6d25e386-4ef9-4d40-85c6-e694f523a4da,Chloride,Elementary flows/Emission to water/unspecified,kg,elementary,,,
646,false,d65a94b4-0479-42cc-8274-2db66e1e6aeb,Radium-226,Elementary flows/Emission to water/unspecified,kBq,elementary,,,
647,false,89ca077d-583d-4293-8d32-248f12bd3e5b,Tungsten,Elementary flows/Emission to air/low population density,kg,elementary,,,
648,false,bba88093-bd9b-4b95-b869-74e718b796dc,Scandium,Elementary flows/Emission to air/high population density,kg,elementary,,,
649,false,9e13835a-58af-4809-a8b9-88a26a3a58b8,Thorium-234,Elementary flows/Emission to water/fresh water,kBq,elementary,,,
650,false,02703daf-fde4-489a-b7e5-523e46151312,"Actinides, radioactive, unspecified",Elementary flows/Emission to air/low population density,kBq,elementary,,,
651,true,3048af84-1d72-5e3f-a739-b2d7fa7d4773,Fluorine,Elementary flows/Resource/in ground,kg,elementary,,,
652,false,e98084d6-88a2-48cf-9ad5-6462fe9cf857,Lithium I,Elementary flows/Emission to water/surface water,kg,elementary,,,
653,false,bc069d24-fbbd-4c05-8b6e-4089dc8249ae,Ammonium,Elementary flows/Emission to water/ocean,kg,elementary,,,
654,false,2e518059-747c-4ff1-8da3-17134c547ac2,Uranium,Elementary flows/Emission to air/low population density,kg,elementary,,,
655,false,0b0ea9d1-9c54-4e23-bcfc-1b8fc2cf0358,Hydrogen sulfide,Elementary flows/Emission to air/low population density,kg,elementary,,,
656,false,a3178646-f9e4-3a94-9988-e81e3935aea7,Vanadium V,Elementary flows/Emission to water/ground water,kg,elementary,,,
657,false,8e123669-94d3-41d8-9480-a79211fe7c43,Lead II,Elementary flows/Emission to air/unspecified,kg,elementary,,,
658,false,4a6af581-af93-4d79-9f45-a5c43f463bbb,Propanol,Elementary flows/Emission to air/high population density,kg,elementary,,,
659,false,16521d00-4b6f-464f-b5dd-8da4a27b15ca,Sulfur dioxide,Elementary flows/Emission to air/lower stratosphere + upper troposphere,kg,elementary,,,
660,false,9c3bd678-1b2f-4b95-a245-d5c8a3fe326b,Aluminium III,Elementary flows/Emission to air/low population density,kg,elementary,,,
661,false,b4f9a201-2a20-4f41-a572-eabc98c75e1b,Glyphosate,Elementary flows/Emission to soil/industrial,kg,elementary,,,
662,false,bdce3a7c-e008-4391-be26-285f71a02453,Zinc II,"Elementary flows/Emission to water/ground water, long-term",kg,elementary,,,
663,false,18ddd879-5496-4419-8ab7-e0d3864d977d,Bromotrifluoromethane,Elementary flows/Emission to air/high population density,kg,elementary,,,
664,false,b912f4b4-34ac-4ec1-aba1-01b9c83683e5,Radium-226,Elementary flows/Emission to air/unspecified,kBq,elementary,,,
665,false,cf8f17ae-5625-44b0-aa47-addedf0ba68a,Butyrolactone,Elementary flows/Emission to water/fresh water,kg,elementary,,,
666,false,dadccbaa-c0c5-46b3-aff7-0ac2ba2c3aa4,Propylamine,Elementary flows/Emission to water/fresh water,kg,elementary,,,
667,false,456b8003-1508-4000-a53c-752e02023445,Polychlorinated biphenyls,Elementary flows/Emission to air/high population density,kg,elementary,,,
668,true,7fdc928c-f347-45e7-82d7-046acdf878ae,"Transformation, from dump site, residual material landfill",Elementary flows/Resource/land,m2,elementary,,,
669,false,f992dcb8-c19c-46b1-a36b-3053ef83b755,Thiram,Elementary flows/Emission to soil/agricultural,kg,elementary,,,
670,false,ec76fb5c-b402-416b-825c-53e074fe7525,"COD, Chemical Oxygen Demand",Elementary flows/Emission to water/ocean,kg,elementary,,,
671,false,2451f9df-0596-49ec-8380-08e4ad75a153,"Hydrocarbons, aliphatic, alkanes, unspecified",Elementary flows/Emission to air/unspecified,kg,elementary,,,
672,false,38a622c6-f086-4763-a952-7c6b3b1c42ba,"1,4-Butanediol",Elementary flows/Emission to air/high population density,kg,elementary,,,
673,false,2d4b8ec1-8d53-4e62-8a11-ebc45909b02e,Phosphorus,Elementary flows/Emission to water/unspecified,kg,elementary,,,
674,false,32cd0492-c0cb-4898-a2b1-675eedc5b688,Iron ion,Elementary flows/Emission to air/high population density,kg,elementary,,,
675,false,57c27ba7-a61a-4932-8cd5-095c88ff0245,"BOD5, Biological Oxygen Demand",Elementary flows/Emission to water/ground water,kg,elementary,,,
676,false,79a87f98-0b00-4e7e-86f8-70667307f696,2-Methyl-2-butene,Elementary flows/Emission to air/high population density,kg,elementary,,,
677,false,0af26a55-d357-469f-abad-8ced785cb4fb,Manganese II,"Elementary flows/Emission to air/low population density, long-term",kg,elementary,,,
678,false,fa260f53-4850-4585-9b67-5cdbc603c5ef,Zirconium-95,Elementary flows/Emission to air/low population density,kBq,elementary,,,
679,false,c5b4869c-f131-4a8c-911f-f252cafb2e30,t-Butyl methyl ether,Elementary flows/Emission to water/ocean,kg,elementary,,,
680,false,640e30d2-3158-4a1a-82ef-fd0c72922c9a,Molybdenum VI,Elementary flows/Emission to air/unspecified,kg,elementary,,,
681,true,1a568858-efa8-4c2a-b46e-82b6e66b6072,"Transformation, to dump site, sanitary landfill",Elementary flows/Resource/land,m2,elementary,,,
682,false,16f40b1c-f7c8-4100-9916-81a260493951,Sulfur,Elementary flows/Emission to soil/industrial,kg,elementary,,,
683,false,b13777bb-a8b6-4be4-8f6b-675ac75f31b2,Xenon-131m,Elementary flows/Emission to air/low population density,kBq,elementary,,,
684,false,db652d59-898e-46f3-acce-b28596c26dc7,Thallium I,Elementary flows/Emission to water/fresh water,kg,elementary,,,
685,false,42f51ad5-6190-4641-b961-f411310554e9,Acrylic acid,Elementary flows/Emission to air/high population density,kg,elementary,,,
686,false,307c1028-7727-4627-ac0b-a3c14fef1d7a,Selenium IV,Elementary flows/Emission to water/fresh water,kg,elementary,,,
687,false,4b22b04e-4cfa-4a8c-b1da-6cd436d03ef6,Triethylene glycol,Elementary flows/Emission to water/ocean,kg,elementary,,,
688,false,1f4afa32-a9a2-40da-8396-104452cb637f,Acenaphthene,Elementary flows/Emission to air/unspecified,kg,elementary,,,
689,false,836493d4-5c50-4713-b2a8-7979b830c1a5,Strontium II,Elementary flows/Emission to water/ocean,kg,elementary,,,
690,false,591b0a62-8064-4697-86ed-47bfa1f8b5e6,Vanadium V,Elementary flows/Emission to air/unspecified,kg,elementary,,,
691,false,9cec94a2-e7fe-43f4-82f4-293c477f86dc,Styrene,Elementary flows/Emission to air/unspecified,kg,elementary,,,
692,false,e2d860e3-1038-4386-a5f1-25ad75d18bbd,Isobutanol,Elementary flows/Emission to air/high population density,kg,elementary,,,
693,true,26efe47c-92a5-4dea-b4d0-eac13e418a58,"Occupation, traffic area, road network",Elementary flows/Resource/land,m2*a,elementary,,,
694,false,09257c34-f323-436a-81be-ef90e9171ed2,Nitrite,Elementary flows/Emission to water/fresh water,kg,elementary,,,
695,false,f72fe27e-d3bf-45f7-8950-542c72cb4502,Isopropylamine,Elementary flows/Emission to air/high population density,kg,elementary,,,
696,false,379a827c-3290-4810-9689-b9e892945836,Ethanol,Elementary flows/Emission to air/high population density,kg,elementary,,,
697,false,3c1079bf-01fb-455d-aa49-026a26ec9445,Butanol,Elementary flows/Emission to water/fresh water,kg,elementary,,,
698,false,bfa26b15-5340-441e-acb4-0bb19a4028d3,"Hydrocarbons, aliphatic, alkanes, unspecified",Elementary flows/Emission to air/high population density,kg,elementary,,,
699,false,4b2fee8b-eb81-439a-bb0c-be075daec7af,Trimethylamine,Elementary flows/Emission to water/fresh water,kg,elementary,,,
700,false,7ae3e6e8-75e6-4566-b18f-6d848086c4e5,Fluoride,"Elementary flows/Emission to water/ground water, long-term",kg,elementary,,,
701,false,4010918f-7fd0-4925-8fbb-8fd7a44a806c,Lead II,Elementary flows/Emission to soil/agricultural,kg,elementary,,,
702,false,43a411aa-8f29-4744-bc56-1deaa8105338,Ethylene oxide,Elementary flows/Emission to air/low population density,kg,elementary,,,
703,false,06ee87f5-4946-4ecd-9615-b4723595fbaf,Manganese,Elementary flows/Emission to water/unspecified,kg,elementary,,,
704,false,5bf42116-d991-4688-bf12-e3a6d9330b68,"Carboxylic acids, unspecified",Elementary flows/Emission to water/ocean,kg,elementary,,,
705,false,6b1b495b-70ee-4be6-b1c2-3031aa4d6add,"Methane, fossil",Elementary flows/Emission to air/lower stratosphere + upper troposphere,kg,elementary,,,
706,false,f0e28a62-ddf9-4c93-af81-676a58c3f2d4,Cobalt II,Elementary flows/Emission to air/unspecified,kg,elementary,,,
707,false,393d0862-04cc-45ae-8d08-9dc2a4461b35,"1,1-Difluoroethane",Elementary flows/Emission to air/high population density,kg,elementary,,,
708,false,24acc516-974c-4ff3-b7e1-5950b8d37206,Magnesium,Elementary flows/Emission to water/ground water,kg,elementary,,,
709,false,62cc5e18-da24-4fb7-9f7c-1601fedba341,Selenium IV,Elementary flows/Emission to water/ocean,kg,elementary,,,
710,false,051aaf7a-6c1a-4e86-999f-85d5f0830df6,"Particulate Matter, < 2.5 um","Elementary flows/Emission to air/low population density, long-term",kg,elementary,,,
711,false,c89873de-cd23-4323-a948-f5cfeebd2fc9,Nickel II,"Elementary flows/Emission to air/low population density, long-term",kg,elementary,,,
712,false,8e30c990-5ed4-4f94-9d0e-2f5e4ff1a1f9,Ethane,Elementary flows/Emission to air/unspecified,kg,elementary,,,
713,false,4f2e5082-46e3-4bf1-a366-3fd79451800e,Methanol,Elementary flows/Emission to water/fresh water,kg,elementary,,,
714,true,8842042d-7f07-45f8-bf43-fa83833d75de,"Energy, gross calorific value, in biomass, primary forest",Elementary flows/Resource/biotic,MJ,elementary,,,
715,true,3573b5ab-5158-4048-a364-aad9e706acb4,"Transformation, to forest, intensive, short-cycle",Elementary flows/Resource/land,m2,elementary,,,
716,false,48adac6a-94d3-4a65-901b-e60824c01a65,Anthranilic acid,Elementary flows/Emission to air/high population density,kg,elementary,,,
717,false,d2885a24-b728-4832-8638-15697630eff9,Metolachlor,Elementary flows/Emission to soil/agricultural,kg,elementary,,,
718,true,14b92328-e08d-4fac-b16a-da5dcd0e5627,"Occupation, traffic area, road embankment",Elementary flows/Resource/unspecified,m2*a,elementary,,,
719,false,8d179ea0-7b52-441e-954b-b5349d66340f,Hydrogen peroxide,Elementary flows/Emission to air/high population density,kg,elementary,,,
720,false,2bcad3b3-5305-481c-a166-ad5e6eac2675,Nickel II,Elementary flows/Emission to soil/unspecified,kg,elementary,,,
721,false,d3ac53b1-17d5-40e7-b51d-422e16316404,Methylamine,Elementary flows/Emission to water/unspecified,kg,elementary,,,
722,false,fb13070e-06f1-4964-832f-a23945b880cc,Protactinium-234,Elementary flows/Emission to air/low population density,kBq,elementary,,,
723,false,e98b9661-2844-49dc-9ae4-855b9912c700,Silicon,Elementary flows/Emission to air/unspecified,kg,elementary,,,
724,false,a86c05d6-fd47-4f0d-8ece-559afa4fd339,Titanium ion,Elementary flows/Emission to water/fresh water,kg,elementary,,,
725,false,8c6412f6-e293-499a-897a-e33e3774b665,Propyl amine,Elementary flows/Emission to air/high population density,kg,elementary,,,
726,false,130cedc6-f6ed-4f1b-bd1e-881177f79e74,Ammonium,"Elementary flows/Emission to water/ground water, long-term",kg,elementary,,,
727,false,834e7547-a8ea-4765-a76e-357612ba65c4,Sodium hydroxide,Elementary flows/Emission to air/high population density,kg,elementary,,,
728,false,1c0699e2-9be2-4c30-8328-fc0ad8caac58,Pirimicarb,Elementary flows/Emission to soil/agricultural,kg,elementary,,,
729,true,1acb026e-9de6-48fe-9e0d-be4d24125bbc,"Water, lake",Elementary flows/Resource/in water,m3,elementary,,,
730,false,ef475b50-9cd0-4e7c-9c59-07868fe16e91,Chromium VI,"Elementary flows/Emission to water/ground water, long-term",kg,elementary,,,
731,false,9645e02f-855a-4b9f-8baf-f34a08fa80c4,o-Dichlorobenzene,Elementary flows/Emission to air/high population density,kg,elementary,,,
732,false,d1679eda-eac2-4be4-876f-3be480c53dc4,Radium-226,Elementary flows/Emission to air/low population density,kBq,elementary,,,
733,false,cac53ea3-b11c-47a6-adfd-678672a088e6,Calcium II,"Elementary flows/Emission to air/low population density, long-term",kg,elementary,,,
734,false,e1aa92d7-9297-452e-ade0-e5e2acc52ad7,Mercury II,Elementary flows/Emission to water/ground water,kg,elementary,,,
735,false,926fdcf3-6c44-44e2-acb6-159060ac65cf,Potassium I,"Elementary flows/Emission to air/low population density, long-term",kg,elementary,,,
736,false,b00950bc-99cb-4ee2-bbc0-5f878ea170c3,Sulfur trioxide,Elementary flows/Emission to air/high population density,kg,elementary,,,
737,false,516606eb-99f6-4e8c-b99a-6b439aaed48c,Pentane,Elementary flows/Emission to air/unspecified,kg,elementary,,,
738,false,e0e605c8-370b-4b5a-b6d4-2e7a5a1a6709,Ethyl benzene,Elementary flows/Emission to air/low population density,kg,elementary,,,
739,false,0a5e8a67-f9ae-48b3-bfa7-e9d37c30a191,Copper ion,Elementary flows/Emission to soil/industrial,kg,elementary,,,
740,true,06874cbb-2daf-4981-a55e-2c38be5b7277,"Molybdenum, 0.010% in sulfide, Mo 8.2E-3% and Cu 1.83% in crude ore",Elementary flows/Resource/in ground,kg,elementary,,,
741,false,56747f2f-3e6c-4a83-864c-5614a96eba6c,Ethyl acetate,Elementary flows/Emission to water/fresh water,kg,elementary,,,
742,false,9542444c-7c7a-48e2-bc9c-9c7c34fb7b3e,Cobalt II,Elementary flows/Emission to soil/agricultural,kg,elementary,,,
743,false,c67be924-e68d-4bc1-9dd9-25f33a6cad34,"Hydrocarbons, aromatic",Elementary flows/Emission to air/low population density,kg,elementary,,,
744,false,329fc7d8-4011-4327-84e4-34ff76f0e42d,Phosphate,Elementary flows/Emission to water/ground water,kg,elementary,,,
745,false,b1991748-2151-4b51-8cdb-a8b4203677dc,Chloride,Elementary flows/Emission to soil/industrial,kg,elementary,,,
746,false,33a69662-583b-45b8-8cb9-94f59fca9133,Trichlorofluoromethane,Elementary flows/Emission to air/high population density,kg,elementary,,,
747,false,7ee1a767-185e-444b-913d-6acbfdbab3bd,Dimethyl malonate,Elementary flows/Emission to air/high population density,kg,elementary,,,
748,true,45d6f26b-596b-5182-8c08-d6d975ff4efe,Bromine,Elementary flows/Resource/in water,kg,elementary,,,
749,false,e4343ebf-a8a4-480b-adcf-fc9cc88324a8,Lactic acid,Elementary flows/Emission to water/fresh water,kg,elementary,,,
750,false,b8de5961-4e83-4731-bac1-77a4d01234a4,Vanadium V,"Elementary flows/Emission to air/low population density, long-term",kg,elementary,,,
751,false,0097bf60-3729-40b6-94d0-06bd6146cfc2,Caesium-137,Elementary flows/Emission to water/ocean,kBq,elementary,,,
752,false,540106ac-eb8e-446b-91f5-3fdbad5a5886,Lead II,Elementary flows/Emission to water/lake,kg,elementary,,,
753,false,ee2c5c6c-ff01-4151-8332-d4bf1508c759,Methanol,Elementary flows/Emission to water/unspecified,kg,elementary,,,
754,false,922a7ccf-3338-43ad-bd7e-77d51df051ab,Acenaphthene,Elementary flows/Emission to air/low population density,kg,elementary,,,
755,false,9cf3a683-ed3d-40e9-b039-7653e4fc9e20,Molybdenum VI,Elementary flows/Emission to soil/agricultural,kg,elementary,,,
756,true,a2e6fb74-b047-5697-b5dd-e28cc68f29e6,Rhenium,Elementary flows/Resource/in ground,kg,elementary,,,
757,false,40f89b03-64f8-466d-9480-bca47d8a435c,Mercury II,"Elementary flows/Emission to water/ground water, long-term",kg,elementary,,,
758,false,28be1d65-6b09-4ebd-8599-4366c3c2abab,Krypton-85,Elementary flows/Emission to air/low population density,kBq,elementary,,,
759,false,2ef56ffc-fa69-4b57-a936-3d588923ea8b,Iodide,Elementary flows/Emission to water/ground water,kg,elementary,,,
760,false,6ba6a13a-fba6-4c15-af46-4aab37ed99b8,Radium-228,Elementary flows/Emission to water/fresh water,kBq,elementary,,,
761,false,8c283de2-50d3-40c8-8bff-1e172c3398f8,Bromomethane,Elementary flows/Emission to air/unspecified,kg,elementary,,,
762,false,7f0873fe-731e-4b99-a384-17f0ad36a318,Strontium II,Elementary flows/Emission to soil/agricultural,kg,elementary,,,
763,false,2cbe35d9-052c-4fe8-8eb2-08769f10b2c7,Formic acid,Elementary flows/Emission to air/high population density,kg,elementary,,,
764,false,7aca2bc2-51ed-4ef5-b569-fb153216fea9,Nickel II,Elementary flows/Emission to water/lake,kg,elementary,,,
765,false,35372933-4994-4200-9bbe-6f5118696dce,Protactinium-234,Elementary flows/Emission to water/fresh water,kBq,elementary,,,
766,true,928ba839-d6e5-4d1e-b5fd-122998a9bbe2,"Transformation, from seabed, unspecified",Elementary flows/Resource/land,m2,elementary,,,
767,false,cbd70647-6237-462a-9d01-d197a8b08506,Nitrate,Elementary flows/Emission to air/low population density,kg,elementary,,,
768,false,1be475e0-ccef-4145-98e0-0d47c570a71b,Selenium IV,Elementary flows/Emission to water/ground water,kg,elementary,,,
769,true,355785ee-56e0-455b-aaa6-bee43c82b49c,"Fluorine, 4.5% in apatite, 3% in crude ore",Elementary flows/Resource/in ground,kg,elementary,,,
770,false,8e2a5517-13ff-4423-b1ec-3632b0a72bf5,Thorium-234,Elementary flows/Emission to air/low population density,kBq,elementary,,,
771,true,d73b27a2-81bd-4264-baa5-ce4aca3545be,"Transformation, to dump site, slag compartment",Elementary flows/Resource/land,m2,elementary,,,
772,false,c24f5894-f95e-4661-ba76-130397348894,Bromine,Elementary flows/Emission to air/unspecified,kg,elementary,,,
773,false,fd153f15-1d16-410a-91fa-04d205e36c43,Copper ion,"Elementary flows/Emission to air/low population density, long-term",kg,elementary,,,
774,false,5c118626-2a29-4696-bb91-91f0349fc0b4,Antimony-122,Elementary flows/Emission to water/fresh water,kBq,elementary,,,
775,false,e8475907-2081-4fd5-9526-bfcef88380db,Magnesium,Elementary flows/Emission to soil/agricultural,kg,elementary,,,
776,true,79238018-8ec1-4615-9469-2b0df95a43c3,"Water, salt, sole",Elementary flows/Resource/in water,m3,elementary,,,
777,true,7d5b5802-3698-4be8-98f8-ab7c1a2e9328,"Transformation, from dump site, slag compartment",Elementary flows/Resource/land,m2,elementary,,,
778,false,d807e479-de1d-3a6f-8bce-173c4446c513,Lead II,Elementary flows/Emission to air/lower stratosphere + upper troposphere,kg,elementary,,,
779,false,6b44284d-6941-4ae6-815e-ce87f5b603bb,Uranium-235,Elementary flows/Emission to air/low population density,kBq,elementary,,,
780,false,8b84f97c-7b3a-4d63-b160-cf2ee381821f,"Benzene, chloro-","Elementary flows/Emission to water/river, long-term",kg,elementary,,,
781,false,15fd8f0f-c3c2-4f63-b8d0-86793a22aacd,Calcium II,Elementary flows/Emission to air/low population density,kg,elementary,,,
782,false,89324b2f-1e73-4eb1-9716-96b9be0349ac,Ethylene dichloride,Elementary flows/Emission to air/low population density,kg,elementary,,,
783,false,f276d4ca-b1ad-4575-9442-e35b5e3b618b,Propylene oxide,Elementary flows/Emission to air/high population density,kg,elementary,,,
784,false,24e0a9cb-a789-46e2-a25c-0278a90d67e5,Beryllium II,"Elementary flows/Emission to water/ground water, long-term",kg,elementary,,,
785,false,31a3e44c-4098-461e-aba2-f79540e05087,Dichlorodifluoromethane,Elementary flows/Emission to air/high population density,kg,elementary,,,
786,false,75ebd471-2671-4b1e-b6b7-e18ea4a4f26c,Uranium-238,Elementary flows/Emission to water/fresh water,kBq,elementary,,,
787,false,dab14b58-e435-4a70-a186-55d64ed3b6b4,Iodine-133,Elementary flows/Emission to water/fresh water,kBq,elementary,,,
788,false,2cba713d-ab0b-44cb-babb-f8cac262554f,Vanadium V,Elementary flows/Emission to air/high population density,kg,elementary,,,
789,false,fdaaef05-0d10-4032-b2e7-85cae3c7bd5c,Molybdenum VI,Elementary flows/Emission to water/unspecified,kg,elementary,,,
790,false,10319ea8-90db-4340-be33-b7182dca01db,Tungsten,"Elementary flows/Emission to water/ground water, long-term",kg,elementary,,,
791,true,e5cbe371-d33e-46ef-a832-a176f5e28520,"Indium, 0.005% in sulfide, In 0.003%, Pb, Zn, Ag, Cd",Elementary flows/Resource/in ground,kg,elementary,,,
792,false,dc46afa7-0142-49e8-a353-ab6a1327bbc8,Pentachlorophenol,Elementary flows/Emission to air/low population density,kg,elementary,,,
793,false,8f4c51d1-8cb0-4c6e-8da4-0aae01c5bd64,Niobium-95,Elementary flows/Emission to water/fresh water,kBq,elementary,,,
794,false,f970ac84-3896-4168-a701-c73bf475edbb,Potassium-40,Elementary flows/Emission to water/ground water,kBq,elementary,,,
795,true,7cd1d217-70a7-4452-abc4-3b1100763d6d,"Gold, Au 1.3E-4%, Ag 4.6E-5%, in ore",Elementary flows/Resource/in ground,kg,elementary,,,
796,false,165fe087-fe45-444f-92d7-9f00ecf10a3e,Chloroacetyl chloride,Elementary flows/Emission to water/fresh water,kg,elementary,,,
797,false,1c87de06-e58f-4684-a54c-d29f1a251a87,Chromium III,Elementary flows/Emission to water/ground water,kg,elementary,,,
798,false,20bc9500-2e2f-4cba-9332-8ea17d362aba,Bromine,"Elementary flows/Emission to water/ground water, long-term",kg,elementary,,,
799,false,33627701-feca-434d-a192-674a450eaaf7,Cobalt II,Elementary flows/Emission to water/unspecified,kg,elementary,,,
800,false,a912f450-5233-489b-a2e9-8c029fab480f,Calcium II,Elementary flows/Emission to air/high population density,kg,elementary,,,
801,false,60c851be-90e2-3de1-a5a3-9ffc8979a9c1,Chromium III,Elementary flows/Emission to soil/industrial,kg,elementary,,,
802,false,acc39720-dda7-4b3a-80c7-c6394cad4191,Hexafluoroethane,Elementary flows/Emission to air/unspecified,kg,elementary,,,
803,false,441ef9b3-0df0-461b-bd84-358973e0c2ca,Cobalt-60,Elementary flows/Emission to air/low population density,kBq,elementary,,,
804,false,bd64a010-0115-47ca-942f-cbdac1d26b87,"Noble gases, radioactive, unspecified",Elementary flows/Emission to air/low population density,kBq,elementary,,,
805,false,6f1e995b-5915-4363-bd2c-d1e76ee446e0,Niobium-95,Elementary flows/Emission to air/low population density,kBq,elementary,,,
806,false,41cce80a-82c1-4caa-b6ef-718ec4b83fd6,Ethyl acetate,Elementary flows/Emission to air/high population density,kg,elementary,,,
807,false,34550110-0552-46d2-b07d-6b9599892278,"Actinides, radioactive, unspecified",Elementary flows/Emission to water/ocean,kBq,elementary,,,
808,false,a3509543-8359-4e31-ba92-e82bb9d5351e,Methyl acetate,Elementary flows/Emission to water/fresh water,kg,elementary,,,
809,true,a55ba777-c1ec-338a-9482-fc6e006a56de,"Platinum, Pt 2.5E-4%, Pd 7.3E-4%, Rh 2.0E-5%, Ni 2.3E+0%, Cu 3.2E+0% in ore",Elementary flows/Resource/in ground,kg,elementary,,,
810,false,3573a5af-88f8-4f74-ade7-cd269cbc4e66,Copper ion,Elementary flows/Emission to air/lower stratosphere + upper troposphere,kg,elementary,,,
811,false,08b928d8-1812-4e0b-b057-4bcaaba24865,Pentachlorophenol,Elementary flows/Emission to air/high population density,kg,elementary,,,
812,false,eadea134-34d3-4581-9b0b-a59533dfd526,Iodine-133,Elementary flows/Emission to air/low population density,kBq,elementary,,,
813,false,490b267b-f429-4d9a-ac79-224e37fb4d58,Phosphate,"Elementary flows/Emission to water/ground water, long-term",kg,elementary,,,
814,true,fc924940-e7cd-3238-9d9c-cdb1b59c6aec,"Occupation, forest, intensive, normal",Elementary flows/Resource/land,m2*a,elementary,,,
815,false,deafd761-4499-40e3-8667-06c91f204f6f,Radium-228,Elementary flows/Emission to air/high population density,kBq,elementary,,,
816,false,25cb0874-0bc6-43b8-8660-c781de9d38f5,Ethylamine,Elementary flows/Emission to water/fresh water,kg,elementary,,,
817,false,76152de4-9499-48f7-af98-a5d41842484a,Iron ion,Elementary flows/Emission to air/low population density,kg,elementary,,,
818,false,46a9723a-aca5-4b66-9367-47412ec9e3a0,Manganese-54,Elementary flows/Emission to air/low population density,kBq,elementary,,,
819,true,36a3d172-7373-507f-85bd-12b8ba31a6d4,Iodine,Elementary flows/Resource/in water,kg,elementary,,,
820,true,8c888d2b-d608-4dac-bad5-1c2a17050838,"Gold, Au 4.9E-5%, in ore",Elementary flows/Resource/in ground,kg,elementary,,,
821,false,eeaa554c-edc0-4b69-8737-170ac48f6de1,Boron,Elementary flows/Emission to water/fresh water,kg,elementary,,,
822,false,3ea62da6-8b25-4c50-9d24-1d22cddc02c5,Lanthanum-140,Elementary flows/Emission to water/fresh water,kBq,elementary,,,
823,false,2cbb504a-ce2f-40e9-9d38-e130e95a1242,Benzo(a)pyrene,Elementary flows/Emission to air/high population density,kg,elementary,,,
824,false,0fbca534-f355-4477-b29f-7b5fc2fbce64,Boron,"Elementary flows/Emission to air/low population density, long-term",kg,elementary,,,
825,false,9639cba1-6e37-4b14-9a3b-cd98e01ec1f2,Cobalt-57,Elementary flows/Emission to water/fresh water,kBq,elementary,,,
826,false,50deb561-3de9-4b25-9b61-1695ad2dd136,Thallium I,Elementary flows/Emission to air/high population density,kg,elementary,,,
827,false,d46ae140-6502-4335-ab1c-9d6eab19ce78,Chlorosulfonic acid,Elementary flows/Emission to air/high population density,kg,elementary,,,
828,false,11a9c7c4-8368-467f-87c6-a8b12b124138,Scandium,Elementary flows/Emission to water/fresh water,kg,elementary,,,
829,false,fa39136e-1ef6-43c1-af68-104da104568d,Antimony ion,"Elementary flows/Emission to air/low population density, long-term",kg,elementary,,,
830,false,06b8a67f-5044-4060-be71-04e1dfc31e24,Chlorothalonil,Elementary flows/Emission to soil/agricultural,kg,elementary,,,
831,false,10ec2732-3828-4232-914e-941c38bdd08b,Antimony-125,Elementary flows/Emission to water/fresh water,kBq,elementary,,,
832,false,6f3fd3ca-1340-421a-9149-98a21c102041,Methanesulfonic acid,Elementary flows/Emission to air/high population density,kg,elementary,,,
833,false,ee7b9d2a-a8d7-4df3-ad61-7dd51a39480d,Silicon tetrafluoride,Elementary flows/Emission to air/low population density,kg,elementary,,,
834,false,553554e0-1442-444f-9f1d-9ed6b750bcfc,Borate,Elementary flows/Emission to water/fresh water,kg,elementary,,,
835,true,3e0034cd-21d6-4582-9fbf-09c26edd05df,Stibnite,Elementary flows/Resource/in ground,kg,elementary,,,
836,false,ee018b5e-c9c3-486b-aeb4-ef045a4e3ccd,Strontium II,Elementary flows/Emission to soil/industrial,kg,elementary,,,
837,false,34837fe3-4332-493c-86bb-95a207d9c234,"Hydrocarbons, aliphatic, unsaturated",Elementary flows/Emission to air/high population density,kg,elementary,,,
838,true,55836b23-8496-3e8f-bfa4-99163831b3c6,"Transformation, to forest, unspecified",Elementary flows/Resource/land,m2,elementary,,,
839,false,a71b27f2-3bcb-4bcc-a0c6-b6a123f0b42e,Methyl formate,Elementary flows/Emission to air/high population density,kg,elementary,,,
840,false,b2208d0f-61a7-4813-9861-af03bf496a05,Bromine,Elementary flows/Emission to water/ocean,kg,elementary,,,
841,false,5df5cb9f-812c-4ce8-ab1c-df6ab4d31900,Antimony ion,Elementary flows/Emission to water/ground water,kg,elementary,,,
842,false,5d830756-4153-4cc9-ade4-69f8c19e150f,"Oils, unspecified",Elementary flows/Emission to water/ocean,kg,elementary,,,
843,false,6c5a9bc2-a8ce-4b80-a3fa-68a77098eb2b,Dipropylamine,Elementary flows/Emission to water/fresh water,kg,elementary,,,
844,false,19b6e569-85a4-4ea9-a590-d61a21e3c846,Tin ion,Elementary flows/Emission to air/high population density,kg,elementary,,,
845,true,9348a45e-047c-4f05-9794-648e9b9dae33,"Transformation, to arable, non-irrigated, fallow",Elementary flows/Resource/unspecified,m2,elementary,,,
846,true,6c4a3fb1-813d-33f2-87e7-157699f2a835,"Transformation, to dump site, benthos",Elementary flows/Resource/land,m2,elementary,,,
847,false,e05d2993-7fa1-4108-801f-625a19d52b3c,Formate,Elementary flows/Emission to water/fresh water,kg,elementary,,,
848,false,2f1d0962-be5d-4e6d-9c9b-0846722d9c65,Glutaraldehyde,Elementary flows/Emission to water/ocean,kg,elementary,,,
849,false,025f8b4a-de06-40b6-967b-63da82dc4828,"DOC, Dissolved Organic Carbon",Elementary flows/Emission to water/lake,kg,elementary,,,
850,false,93e71b71-05d4-4a44-a85a-592a6f21cf0c,Selenium IV,"Elementary flows/Emission to air/low population density, long-term",kg,elementary,,,
851,false,96f27de7-48e1-4f60-8359-1eafdb14a72a,Acetaldehyde,Elementary flows/Emission to water/fresh water,kg,elementary,,,
852,false,7cf66fc2-b597-4c50-ab38-7d0aa813fd89,Sodium-24,Elementary flows/Emission to water/fresh water,kBq,elementary,,,
853,false,da1157e2-7593-4dfd-80dd-a3449b37a4d8,"Methane, non-fossil",Elementary flows/Emission to air/unspecified,kg,elementary,,,
854,false,c56e8024-a3ab-470c-8b3f-dd70ed38f83d,t-Butylamine,Elementary flows/Emission to water/fresh water,kg,elementary,,,
855,false,56b7d3b6-83d7-42b0-a65b-5ad23e29db47,Chlorodifluoromethane,Elementary flows/Emission to air/low population density,kg,elementary,,,
856,false,abb7f444-e74a-46b5-a6a5-080a847cbbc5,Strontium II,Elementary flows/Emission to air/high population density,kg,elementary,,,
857,false,0131a35d-1d37-46ee-aed2-5ca12ac07ad4,Trimethylchlorosilane,Elementary flows/Emission to air/high population density,kg,elementary,,,
858,false,08ebf986-d40a-4538-8aa7-21da2f99edf7,Thorium-232,Elementary flows/Emission to air/unspecified,kBq,elementary,,,
859,false,017be306-b88a-4d3a-a906-b8734b72b6fb,"Carboxylic acids, unspecified",Elementary flows/Emission to water/unspecified,kg,elementary,,,
860,false,5fefa2d0-133d-444f-b1fe-596d15f4673e,Silicon,Elementary flows/Emission to water/ocean,kg,elementary,,,
861,true,ec72c523-9e1a-466a-98c3-e4098e90fd27,Colemanite,Elementary flows/Resource/in ground,kg,elementary,,,
862,true,f9795c43-391d-4e31-a4ce-bee8259adb03,"Transformation, from industrial area, vegetation",Elementary flows/Resource/land,m2,elementary,,,
863,false,5dc5d0e8-b46b-446f-ba69-4a7ee3d79413,"Heat, waste",Elementary flows/Emission to water/fresh water,MJ,elementary,,,
864,false,163926e2-b4cc-42bb-ba7d-401028140985,Molybdenum VI,Elementary flows/Emission to water/ocean,kg,elementary,,,
865,false,c52555d3-077e-4970-9089-f5d30ab1212e,Potassium-40,Elementary flows/Emission to water/ocean,kBq,elementary,,,
866,false,dfa27331-6c6b-45f3-84d8-d66b1e82b812,Diethylamine,Elementary flows/Emission to water/fresh water,kg,elementary,,,
867,false,9bb73c31-c01d-4384-b567-15c1544ae581,Sulfuric acid,Elementary flows/Emission to soil/agricultural,kg,elementary,,,
868,false,06f0a67c-ec68-435d-8c32-0decd79a4a1a,"Aldehydes, unspecified",Elementary flows/Emission to air/unspecified,kg,elementary,,,
869,false,caf066cf-40ce-47a8-ba4c-969fcd6019c7,Cobalt II,Elementary flows/Emission to water/ocean,kg,elementary,,,
870,true,cf39ec61-e779-4614-97b7-ec622556040d,"Occupation, industrial area, built up",Elementary flows/Resource/unspecified,m2*a,elementary,,,
871,false,033fb239-a6c7-4486-9f92-f5a80b346778,Cobalt-58,Elementary flows/Emission to air/low population density,kBq,elementary,,,
872,false,eeaeefc1-0af9-45e5-99a8-2333a387f0ae,Propanal,Elementary flows/Emission to air/high population density,kg,elementary,,,
873,false,22b0b296-d066-4159-a44b-69fdb17dc802,Formaldehyde,Elementary flows/Emission to air/lower stratosphere + upper troposphere,kg,elementary,,,
874,false,cd4d51de-472f-45d4-9a04-96f5468225f7,Chloride,"Elementary flows/Emission to water/river, long-term",kg,elementary,,,
875,false,63e82560-8549-11e0-9d78-0800200c9a66,Silver I,Elementary flows/Emission to water/unspecified,kg,elementary,,,
876,false,b37294bd-947d-4f35-b9e6-3eb259c05ff5,"Acidity, unspecified",Elementary flows/Emission to water/unspecified,kg,elementary,,,
877,false,20557d93-2b1c-49b5-b6c0-3528a8bbc307,Beryllium II,Elementary flows/Emission to air/unspecified,kg,elementary,,,
878,false,d157416d-db9b-4f88-a7f3-a9a5f1ea88f2,Acetic acid,Elementary flows/Emission to air/unspecified,kg,elementary,,,
879,false,521f6650-daec-4724-b40b-bf7fea17ceb2,Fluosilicic acid,Elementary flows/Emission to air/high population density,kg,elementary,,,
880,true,f3380341-7f76-5423-9704-c25ccf777a39,Kieserite,Elementary flows/Resource/in ground,kg,elementary,,,
881,false,7ecc2b66-8dde-4266-8832-f492f564377b,Sulfuric acid,Elementary flows/Emission to air/high population density,kg,elementary,,,
882,false,a2809853-b54e-47e3-b8c1-3e95c80532f9,Zinc II,Elementary flows/Emission to water/lake,kg,elementary,,,
883,false,8cbaa905-41b0-4327-8403-bf1c8eb25429,1-Pentene,Elementary flows/Emission to air/high population density,kg,elementary,,,
884,false,5c234628-ab1e-4284-ae2b-f1c2f6883f71,"Xylenes, unspecified",Elementary flows/Emission to air/unspecified,kg,elementary,,,
885,false,6f0b8b7c-3888-4174-b7e3-916d42d678ee,Aluminium III,Elementary flows/Emission to air/high population density,kg,elementary,,,
886,false,1b279330-0469-4d04-9fe2-4e9a38011f0c,o-Xylene,Elementary flows/Emission to water/unspecified,kg,elementary,,,
887,true,5bbcdc6d-b1a7-4b63-b625-76060c767de7,Sodium sulfate,Elementary flows/Resource/in ground,kg,elementary,,,
888,false,ca04300a-8338-4601-ba7c-66c10a4f6322,Cobalt II,Elementary flows/Emission to air/high population density,kg,elementary,,,
889,false,7e246e3a-5cff-43fc-a8e6-02d191424559,Barium II,Elementary flows/Emission to air/unspecified,kg,elementary,,,
890,true,cdbfd224-21fe-457e-a47d-26a525965051,"Transformation, to forest, intensive, clear-cutting",Elementary flows/Resource/land,m2,elementary,,,
891,false,13738d15-2256-40f6-99da-d802e5f4c747,Polonium-210,Elementary flows/Emission to air/unspecified,kBq,elementary,,,
892,false,765546a9-b056-4d27-ad14-2f016511bdcb,Aluminium III,Elementary flows/Emission to soil/industrial,kg,elementary,,,
893,false,cdf99498-1489-4226-97ad-94fa85b0528b,t-Butyl amine,Elementary flows/Emission to air/high population density,kg,elementary,,,
894,false,8876917f-1875-3e54-abe5-8109839d0e5a,Copper ion,Elementary flows/Emission to air/unspecified,kg,elementary,,,
895,false,7d65e225-0ca3-4467-82f8-a8c09d66eac0,Cerium-141,Elementary flows/Emission to air/low population density,kBq,elementary,,,
896,false,2c9e7fba-dd57-4294-8a5e-2aa489930f69,Silver-110,Elementary flows/Emission to air/low population density,kBq,elementary,,,
897,false,5b6686f3-711c-4ebc-9190-6b153f048b93,Potassium-40,Elementary flows/Emission to water/fresh water,kBq,elementary,,,
898,false,b9f74a13-1d9c-444e-ba61-1ea1abac70b7,Monoethanolamine,Elementary flows/Emission to air/high population density,kg,elementary,,,
899,true,a42347d2-09f1-405e-95dd-bf6ac03765d8,"Transformation, to traffic area, road network",Elementary flows/Resource/land,m2,elementary,,,
900,false,cb3265f8-49a0-4b09-9bd9-c374370c4cc4,Radon-222,Elementary flows/Emission to air/unspecified,kBq,elementary,,,
901,false,0cc4fa9c-ed07-4249-988d-6b2fe84b7dff,Arsenic ion,Elementary flows/Emission to water/lake,kg,elementary,,,
902,false,0c5da324-34a7-4e38-98e5-18a8625a2b7c,Cadmium II,"Elementary flows/Emission to water/ground water, long-term",kg,elementary,,,
903,true,cf3d3dbc-0e4b-402d-92a1-8ea6b4869ed5,"Gold, Au 9.7E-4%, Ag 9.7E-4%, Zn 0.63%, Cu 0.38%, Pb 0.014%, in ore",Elementary flows/Resource/in ground,kg,elementary,,,
904,false,41608b3b-1057-4205-a0bc-0618e5af7e1b,"Radioactive species, alpha emitters",Elementary flows/Emission to water/unspecified,kBq,elementary,,,
905,false,1f130425-11f9-4ec2-8d2f-d282acaacf5c,Acetone,Elementary flows/Emission to air/high population density,kg,elementary,,,
906,false,8734eb08-50cf-4f5a-8d1a-db76d38efe3c,"TOC, Total Organic Carbon","Elementary flows/Emission to water/ground water, long-term",kg,elementary,,,
907,false,c14d4a87-bfe2-4451-93cc-95e1ad3456c2,Ethylene oxide,Elementary flows/Emission to water/fresh water,kg,elementary,,,
908,false,84792d87-a744-40ef-a3f2-f3a3c09d59cc,Sodium,Elementary flows/Emission to water/ground water,kg,elementary,,,
909,false,99c07b66-c039-4896-866d-06abdaa9d46a,Acenaphthene,Elementary flows/Emission to air/high population density,kg,elementary,,,
910,false,26b5c174-e20e-430a-a4b1-44de4af8b40f,Methyl ethyl ketone,Elementary flows/Emission to air/high population density,kg,elementary,,,
911,false,971f25e5-1501-454a-8a5a-2723f84d7974,Linuron,Elementary flows/Emission to soil/agricultural,kg,elementary,,,
912,false,198ce8e3-f05a-4bec-9f7f-325347453326,Phosphorus,Elementary flows/Emission to air/high population density,kg,elementary,,,
913,false,be10dd54-eb4d-48ae-9e14-7d79ce8b170d,"COD, Chemical Oxygen Demand",Elementary flows/Emission to water/ground water,kg,elementary,,,
914,false,171aebab-b5e0-493f-8776-43e1a694666f,Metribuzin,Elementary flows/Emission to soil/agricultural,kg,elementary,,,
915,false,87883a4e-1e3e-4c9d-90c0-f1bea36f8014,Ammonia,Elementary flows/Emission to air/unspecified,kg,elementary,,,
916,false,63e7d74e-8549-11e0-9d78-0800200c9a66,Iron ion,Elementary flows/Emission to water/unspecified,kg,elementary,,,
917,false,2f2083f7-404b-3c39-a1f6-2bc88e8b1e20,Potassium,"Elementary flows/Emission to water/ground water, long-term",kg,elementary,,,
918,false,faf05b06-da29-4af5-aa37-cfa4b802a297,"Hydrocarbons, aliphatic, alkanes, unspecified",Elementary flows/Emission to water/ocean,kg,elementary,,,
919,false,9b83f2bb-7d61-4e55-b37a-443f164c5f30,"Heat, waste",Elementary flows/Emission to water/unspecified,MJ,elementary,,,
920,false,e189eb4e-0f6a-4054-aaf8-47df28c87ec4,Caesium I,Elementary flows/Emission to water/ocean,kg,elementary,,,
921,false,dfe1da1e-7756-4f7e-a393-6d5e2342a962,Tetrafluoromethane,Elementary flows/Emission to air/high population density,kg,elementary,,,
922,false,1c46f06d-6ad5-3a2b-b6a3-c694ae3f2153,Mercury II,Elementary flows/Emission to soil/agricultural,kg,elementary,,,
923,true,9a9d71c7-79f7-42d0-af47-282d22a7cf07,"Volume occupied, reservoir",Elementary flows/Resource/in water,m3*a,elementary,,,
924,false,d761d96f-d236-4131-89c8-ad3269d02a6b,Phenol,Elementary flows/Emission to air/high population density,kg,elementary,,,
925,false,f4cf8d5c-f030-4b55-a3af-e3c20b855ee8,Antimony ion,Elementary flows/Emission to soil/agricultural,kg,elementary,,,
926,true,e97b784a-ec09-4b1b-9f14-cc0ce9799c9e,"Transformation, to annual crop, non-irrigated",Elementary flows/Resource/land,m2,elementary,,,
927,false,fb005c47-7b90-41f3-a5ca-f0eb11db354a,Ammonium,Elementary flows/Emission to water/unspecified,kg,elementary,,,
928,false,2a7b68ff-f12a-44c6-8b31-71ec91d29889,Tin ion,Elementary flows/Emission to air/unspecified,kg,elementary,,,
929,false,aeefa758-5f4f-4bb4-a28a-4075e81f2fde,Magnesium,Elementary flows/Emission to air/unspecified,kg,elementary,,,
930,false,aac39edf-68c5-4f38-9aa9-17e3ca265109,Potassium I,Elementary flows/Emission to air/high population density,kg,elementary,,,
931,false,0b618540-b445-3ae0-85b9-210d3fe3d514,Calcium,Elementary flows/Emission to water/lake,kg,elementary,,,
932,false,f5aa8364-8feb-4e1b-a9d0-2ceffa388306,Antimony ion,Elementary flows/Emission to water/fresh water,kg,elementary,,,
933,false,ab046420-da89-48e5-9e05-2a2b703eb2fe,Polonium-210,Elementary flows/Emission to air/high population density,kBq,elementary,,,
934,false,4407dc37-09ec-4d52-b65a-9c3f0a88306d,Ethylene oxide,Elementary flows/Emission to air/unspecified,kg,elementary,,,
935,false,16eeda8a-1ea2-408e-ab37-2648495058dd,"Carbon dioxide, fossil",Elementary flows/Emission to air/lower stratosphere + upper troposphere,kg,elementary,,,
936,false,d41ee922-fa80-45e3-a317-3e9b72ee385d,"Oils, non-fossil",Elementary flows/Emission to soil/forestry,kg,elementary,,,
937,true,8c1494a5-4987-4715-aa2d-1908c495f4eb,"Water, turbine use, unspecified natural origin",Elementary flows/Resource/in water,m3,elementary,,,
938,false,b311427f-0de3-4190-84a5-05c8460c62d1,Bromine,Elementary flows/Emission to water/ground water,kg,elementary,,,
939,false,12d6029e-3801-42ee-a1bc-1ebf936884fc,Cadmium II,Elementary flows/Emission to soil/unspecified,kg,elementary,,,
940,true,426e316e-db90-40ec-9f45-fa08e6db160c,"Transformation, to water bodies, artificial",Elementary flows/Resource/unspecified,m2,elementary,,,
941,false,4bc227ab-878c-46ba-a999-39f8206ed864,Polonium-210,Elementary flows/Emission to water/fresh water,kBq,elementary,,,
942,false,9783014c-4ec6-4c9c-84d7-d34c8b390a0b,Magnesium,Elementary flows/Emission to water/unspecified,kg,elementary,,,
943,false,4ac6979b-55f2-42ae-8d7e-37846e92506c,Radon-222,"Elementary flows/Emission to air/low population density, long-term",kBq,elementary,,,
944,false,56ce80e5-9a77-4a80-ad65-6208db560be5,Krypton-88,Elementary flows/Emission to air/low population density,kBq,elementary,,,
945,false,113d565b-aa39-4b56-9202-b8afc2e43204,Ethylene diamine,Elementary flows/Emission to water/fresh water,kg,elementary,,,
946,false,982b0510-96ac-4bcb-a758-e98006b95f4d,Butane,Elementary flows/Emission to air/unspecified,kg,elementary,,,
947,false,dca43ede-b779-47a7-b2e7-cb4e7b12c3da,"Heat, waste","Elementary flows/Emission to water/ground water, long-term",MJ,elementary,,,
948,false,d14eb0da-95fd-46c3-90db-55ca33d78701,"Hydrocarbons, chlorinated",Elementary flows/Emission to air/unspecified,kg,elementary,,,
949,false,77c7dcf8-1d10-4725-9f8f-bcdccaed0836,"Nitrogen, organic bound",Elementary flows/Emission to water/ocean,kg,elementary,,,
950,true,bea19217-6a28-4711-8142-2e71090c0b46,Vermiculite,Elementary flows/Resource/in ground,kg,elementary,,,
951,false,6ab08314-53e1-4c4b-963f-3c6e6970273d,Chloride,Elementary flows/Emission to soil/agricultural,kg,elementary,,,
952,true,8f5c8cb3-dccd-45da-9f1f-d1c61cd789c3,"Transformation, to dump site, residual material landfill",Elementary flows/Resource/land,m2,elementary,,,
953,true,30fed59d-d722-482f-be4f-f3d93bdd2527,"Molybdenum, 0.022% in sulfide, Mo 8.2E-3% and Cu 0.36% in crude ore",Elementary flows/Resource/in ground,kg,elementary,,,
954,false,b88999ec-84fd-462d-9dec-7e20a4636a58,Zinc II,Elementary flows/Emission to soil/industrial,kg,elementary,,,
955,false,19256c0f-bea8-4e61-9499-8cc2f84953f8,Carbon-14,Elementary flows/Emission to air/low population density,kBq,elementary,,,
956,false,300bed66-a3c8-46cf-92c2-92d28dff9f91,"PAH, polycyclic aromatic hydrocarbons",Elementary flows/Emission to water/ocean,kg,elementary,,,
957,false,2f100cfa-4feb-45e9-a43a-357128228889,Copper ion,Elementary flows/Emission to water/unspecified,kg,elementary,,,
958,false,df8c7706-a6c7-37f7-81d6-5feb3dd08b92,Titanium ion,Elementary flows/Emission to water/ground water,kg,elementary,,,
959,true,b93fac73-b3b1-4825-b1db-c129d404d3f3,"Transformation, from industrial area, benthos",Elementary flows/Resource/unspecified,m2,elementary,,,
960,false,82957257-07f3-4536-ac8b-175cb2353c75,Bromotrifluoromethane,Elementary flows/Emission to air/low population density,kg,elementary,,,
961,false,7238734e-18ef-4759-914d-61e9ed11bd4e,Methylamine,Elementary flows/Emission to air/high population density,kg,elementary,,,
962,true,956c5f83-65c8-4607-9749-147cfb9c8f70,"Occupation, traffic area, rail/road embankment",Elementary flows/Resource/land,m2*a,elementary,,,
963,false,41dbbe1f-06e1-4a34-8497-5986be8f9e51,Vanadium V,"Elementary flows/Emission to water/ground water, long-term",kg,elementary,,,
964,false,284d6491-de2c-4124-95db-7732cbb5136c,Furan,Elementary flows/Emission to air/unspecified,kg,elementary,,,
965,false,e47a779e-8fcb-4d0e-bcff-b9b14a5be827,Potassium-40,Elementary flows/Emission to air/high population density,kBq,elementary,,,
966,false,caffa231-9312-46b9-bbdf-c2782d225ef0,Chromium-51,Elementary flows/Emission to air/low population density,kBq,elementary,,,
967,false,77887584-ddca-4920-952c-3609730e0c13,Zinc II,Elementary flows/Emission to soil/unspecified,kg,elementary,,,
968,false,e93ba406-3df8-4e34-be54-0d556b2bb629,Dichlorodifluoromethane,Elementary flows/Emission to air/low population density,kg,elementary,,,
969,false,a87680bc-ecde-471a-88bb-6bc7482a62cf,Phosphate,Elementary flows/Emission to water/fresh water,kg,elementary,,,
970,false,826c7733-9b0a-4ec5-9f35-32294f9138e3,Toluene,Elementary flows/Emission to water/unspecified,kg,elementary,,,
971,false,997dccfb-6574-46b8-ad93-7f31074abf9a,Silicon,Elementary flows/Emission to air/high population density,kg,elementary,,,
972,false,e4ad89a2-c1d3-4d0b-ad44-2a7ff00b1f39,Platinum,Elementary flows/Emission to air/high population density,kg,elementary,,,
973,false,98bd0642-19d0-4c76-930e-03136c21cc20,Radon-220,Elementary flows/Emission to air/high population density,kBq,elementary,,,
974,false,c26b9e07-4540-4d7c-a1c0-75009b41542d,Toluene,Elementary flows/Emission to water/fresh water,kg,elementary,,,
975,false,e8bd2edd-f937-49f6-9e8b-9f445278775e,Iron ion,"Elementary flows/Emission to air/low population density, long-term",kg,elementary,,,
976,false,66729b69-c76f-43b2-bd9a-4a03c4983afd,Formaldehyde,Elementary flows/Emission to water/unspecified,kg,elementary,,,
977,false,fc91fc6f-596e-424a-9ee4-4432d718a66f,Silicon,Elementary flows/Emission to water/ground water,kg,elementary,,,
978,false,dc90db73-6f27-403d-baf1-cb7e0b6cae31,Mercury II,"Elementary flows/Emission to air/low population density, long-term",kg,elementary,,,
979,true,d10b390c-9d0c-4f59-b31d-3d0d70e77a35,"Transformation, to dump site, inert material landfill",Elementary flows/Resource/land,m2,elementary,,,
980,true,4b6b9b76-3199-4bd0-b11d-f8f2efbeac4e,"Occupation, construction site",Elementary flows/Resource/land,m2*a,elementary,,,
981,false,1a13d6e7-45c9-427a-a3c9-38887ce7b86a,Acetylene,Elementary flows/Emission to air/high population density,kg,elementary,,,
982,false,21e46cb8-6233-4c99-bac3-c41d2ab99498,"Particulate Matter, < 2.5 um",Elementary flows/Emission to air/unspecified,kg,elementary,,,
983,false,0d3ccb17-b3fe-4c08-b7cb-458ed3ababf1,Ethanol,Elementary flows/Emission to air/low population density,kg,elementary,,,
984,false,3277c200-21e3-4b45-8dcc-97cdc2e4c245,Tungsten,Elementary flows/Emission to water/ground water,kg,elementary,,,
985,true,cc6a1abb-b123-4ca6-8f16-38209df609be,"Carbon dioxide, in air",Elementary flows/Resource/in air,kg,elementary,,,
986,false,b98b3bb7-0ed2-41d1-b181-de0e21d8b42c,Sodium,Elementary flows/Emission to water/unspecified,kg,elementary,,,
987,false,295060ba-3c3d-45e4-99ca-e17b1204b553,Manganese II,Elementary flows/Emission to air/unspecified,kg,elementary,,,
988,false,47bf8e85-dd0a-4b61-b933-cf1e18f34d1e,lithium,Elementary flows/Emission to water/unspecified,kg,elementary,,,
989,false,d6235194-e4e6-4548-bfa3-ac095131aef4,"Carbon dioxide, non-fossil",Elementary flows/Emission to air/low population density,kg,elementary,,,
990,false,365010c0-d4dd-4281-a1a7-7e2302c4105f,Orbencarb,Elementary flows/Emission to soil/agricultural,kg,elementary,,,
991,false,b066708e-5bab-45ee-9244-e1be2fa5b5f3,"Hydrocarbons, aliphatic, unsaturated",Elementary flows/Emission to water/ocean,kg,elementary,,,
992,false,2058d91e-bb9f-4fce-8e53-131825b14a23,Ozone,Elementary flows/Emission to air/unspecified,kg,elementary,,,
993,false,d5ca33b3-f101-4371-b684-c720463ae2ab,Radium-228,Elementary flows/Emission to air/unspecified,kBq,elementary,,,
994,false,e7f1df40-788a-4403-81ea-e5e9e84e32d7,Cypermethrin,Elementary flows/Emission to soil/agricultural,kg,elementary,,,
995,false,5e13c2ab-5466-4ff5-816d-702dfdf25f76,Benzo(a)pyrene,Elementary flows/Emission to air/unspecified,kg,elementary,,,
996,false,ecc877ac-3c34-4838-b1f8-6ae0ff2cd2fc,Thorium-228,Elementary flows/Emission to air/unspecified,kBq,elementary,,,
997,false,91955aba-6ebc-4413-9342-f0298860b4aa,"BOD5, Biological Oxygen Demand",Elementary flows/Emission to water/unspecified,kg,elementary,,,
998,false,08a91e70-3ddc-11dd-9599-0050c2490048,Iron ion,Elementary flows/Emission to water/ocean,kg,elementary,,,
999,false,28999907-a8a7-45b3-857e-836495ca2aa0,Benzene,Elementary flows/Emission to air/unspecified,kg,elementary,,,
1000,false,c7d6ba99-2de5-4a3d-9a9d-f3303c2d9a5b,Chlorosulfonic acid,Elementary flows/Emission to water/fresh water,kg,elementary,,,
1001,false,4673a799-36a5-4359-ac6a-fa933281bc93,Arsenic ion,Elementary flows/Emission to soil/agricultural,kg,elementary,,,
1002,false,9f69cb8e-51fe-447b-a1ac-4da74de8ebe4,Nickel II,"Elementary flows/Emission to water/ground water, long-term",kg,elementary,,,
1003,false,83cf77ca-867b-4eef-b0f0-78d71b3d91d5,Antimony ion,"Elementary flows/Emission to water/ground water, long-term",kg,elementary,,,
1004,false,e3d5f160-6ed6-4d63-b0f4-2e1f05b9a590,Nitrobenzene,Elementary flows/Emission to water/fresh water,kg,elementary,,,
1005,false,80ef64e4-312c-485a-be3d-30856adc0c11,Methyl lactate,Elementary flows/Emission to air/high population density,kg,elementary,,,
1006,false,610bb3e9-3cb2-4d50-ad44-83d860736b86,Zirconium-95,Elementary flows/Emission to water/fresh water,kBq,elementary,,,
1007,false,b34d0551-cb9a-4d3f-95ad-2cdb380d5cd1,Chloramine,Elementary flows/Emission to air/high population density,kg,elementary,,,
1008,false,ba1a3dcb-d53a-42fd-80f0-d09f3a12ffe2,"Aldehydes, unspecified",Elementary flows/Emission to air/low population density,kg,elementary,,,
1009,false,52317c31-7bdc-47de-9c23-ecf55127de75,Uranium,Elementary flows/Emission to air/high population density,kg,elementary,,,
1010,false,7e9baf19-8fa4-49c6-a3c2-2e875217e60b,Thallium I,"Elementary flows/Emission to water/ground water, long-term",kg,elementary,,,
1011,false,eebb4011-af1d-4a45-8bc5-a20b6c06fbf4,Zirconium,Elementary flows/Emission to air/low population density,kg,elementary,,,
1012,true,cfaa80f4-8e19-4fd6-942a-eaea14812896,"Silver, Ag 9.7E-4%, Au 9.7E-4%, Zn 0.63%, Cu 0.38%, Pb 0.014%, in ore",Elementary flows/Resource/in ground,kg,elementary,,,
1013,false,efd3798a-ff6b-46ef-b408-0e74d80548cc,Atrazine,Elementary flows/Emission to soil/agricultural,kg,elementary,,,
1014,false,4764f5f1-69bc-4ebb-b7c6-6b54c251056e,Sodium formate,Elementary flows/Emission to air/high population density,kg,elementary,,,
1015,false,8f871bab-96dc-49d9-bf08-12cdd0715901,Zinc II,"Elementary flows/Emission to air/low population density, long-term",kg,elementary,,,
1016,false,abeab09e-eb0a-45f4-8a24-5726244d87dd,1-Pentanol,Elementary flows/Emission to water/fresh water,kg,elementary,,,
1017,false,c94d47dd-4ce2-4686-9de0-ef8b64ba5a09,Butene,Elementary flows/Emission to water/fresh water,kg,elementary,,,
1018,false,ed9c7879-2c8f-47ab-943d-c4363cf08b5b,Hydrogen sulfide,Elementary flows/Emission to water/fresh water,kg,elementary,,,
1019,false,92c58ab9-8864-45ea-86b2-00698ecc9df7,Cobalt-60,Elementary flows/Emission to water/fresh water,kBq,elementary,,,
1020,false,58fabee9-b4b6-48ee-857a-e16ed31bb354,Tritium,Elementary flows/Emission to water/ocean,kBq,elementary,,,
1021,false,3ac3442a-ca4d-4b4b-a486-3584bb29f9e0,Iodine-131,Elementary flows/Emission to water/fresh water,kBq,elementary,,,
1022,false,1a796dc4-5dcb-40da-a609-3a5a40655fad,Cumene,Elementary flows/Emission to air/low population density,kg,elementary,,,
1023,false,cbf58f64-9286-406f-8dcb-ef1d81eec980,Isopropanol,Elementary flows/Emission to air/high population density,kg,elementary,,,
1024,false,dc08e010-0bf9-4a36-a1dd-779684c84b3b,"Suspended solids, unspecified",Elementary flows/Emission to water/ocean,kg,elementary,,,
1025,false,6b9753b0-7284-4dd1-891b-01ba9f3fe5f7,"Chlorinated solvents, unspecified",Elementary flows/Emission to water/ocean,kg,elementary,,,
1026,false,e9bf9e2d-4bd1-4679-86ff-e34f6b750ea0,"Oils, unspecified",Elementary flows/Emission to soil/industrial,kg,elementary,,,
1027,false,b0546417-3064-4878-bd6f-2da75cefdf63,Manganese II,Elementary flows/Emission to air/high population density,kg,elementary,,,
1028,false,0cdaaa7e-3c23-419d-8ad5-12dc93c2e1e3,Tritium,Elementary flows/Emission to air/low population density,kBq,elementary,,,
1029,false,91c76c8e-d725-475d-9be6-a90b99747075,Butadiene,Elementary flows/Emission to air/lower stratosphere + upper troposphere,kg,elementary,,,
1030,true,7899bb60-56fd-3d8b-8c3a-9d6341b9d747,"Transformation, from tropical rain forest",Elementary flows/Resource/land,m2,elementary,,,
1031,true,0331d547-57ea-4ec6-a746-3ab289c3626a,"Transformation, from industrial area",Elementary flows/Resource/land,m2,elementary,,,
1032,false,fd9a5a38-992d-4c53-9b0f-16a69d37fb54,Arsine,Elementary flows/Emission to air/high population density,kg,elementary,,,
1033,false,aedea697-930a-4a0e-9e4f-b9c369aa9a33,"BOD5, Biological Oxygen Demand","Elementary flows/Emission to water/ground water, long-term",kg,elementary,,,
1034,false,620e4fde-d96a-4354-b354-53b8b4187d80,Uranium-235,Elementary flows/Emission to water/fresh water,kBq,elementary,,,
1035,true,2997b0b4-f6ec-4df0-9481-4bdab4e86507,"Occupation, permanent crop, fruit, intensive",Elementary flows/Resource/unspecified,m2*a,elementary,,,
1036,false,8844a749-f21f-4968-bff9-c4d970efe790,Lead-210,Elementary flows/Emission to water/ocean,kBq,elementary,,,
1037,true,d76320f7-6761-4864-92a6-660fa3453ffa,"Silver, Ag 4.2E-3%, Au 1.1E-4%, in ore",Elementary flows/Resource/in ground,kg,elementary,,,
1038,false,66020d27-7ae4-4e59-83a3-89214b72c40a,"Particulate Matter, > 10 um",Elementary flows/Emission to air/unspecified,kg,elementary,,,
1039,false,17a98e7f-a8fd-431d-9bb6-6c4bf3fc5517,"Hydrocarbons, aliphatic, alkanes, unspecified",Elementary flows/Emission to air/low population density,kg,elementary,,,
1040,false,3f206533-f017-4d74-8a2d-e563af85d417,Barium-140,Elementary flows/Emission to air/low population density,kBq,elementary,,,
1041,false,0a7de246-d762-4210-8656-56e1f26249b6,Radium-224,Elementary flows/Emission to water/ocean,kBq,elementary,,,
1042,true,95268685-7bea-4883-a412-119d7e88372c,"Gold, Au 4.3E-4%, in ore",Elementary flows/Resource/in ground,kg,elementary,,,
1043,false,4a15cd40-96e6-4912-8298-c0fa8f9e2aee,Boron,Elementary flows/Emission to water/unspecified,kg,elementary,,,
1044,false,446d8fe4-fde6-4640-bc23-f04a663bbc04,Iodine,Elementary flows/Emission to air/unspecified,kg,elementary,,,
1045,true,d28f9d42-5df5-41c3-be59-fdfa7ff57112,"Gold, Au 7.1E-4%, in ore",Elementary flows/Resource/in ground,kg,elementary,,,
1046,false,c626d246-a314-4dab-b4be-cfb79c230f55,Bromine,Elementary flows/Emission to water/fresh water,kg,elementary,,,
1047,false,79607917-9e12-4292-b289-21ff2b36e04b,"DOC, Dissolved Organic Carbon",Elementary flows/Emission to water/unspecified,kg,elementary,,,
1048,false,a65f4744-f555-44cb-8534-aa5adc72d7a7,Benzal chloride,Elementary flows/Emission to air/unspecified,kg,elementary,,,
1049,true,53d5ef26-66d8-4536-afa2-2f6b114189ba,Tin,Elementary flows/Resource/in ground,kg,elementary,,,
1050,false,f2b42152-1663-42c9-9be6-4e6bf2c643e4,"VOC, volatile organic compounds",Elementary flows/Emission to water/fresh water,kg,elementary,,,
1051,false,bc13f992-b93e-4ef3-921a-2898e7674a7c,"Radioactive species, other beta emitters",Elementary flows/Emission to air/high population density,kBq,elementary,,,
1052,false,362273f9-268a-389b-ae22-3d2e05364188,Zinc II,Elementary flows/Emission to soil/agricultural,kg,elementary,,,
1053,false,77927dac-dea3-429d-a434-d5a71d92c4f7,Antimony ion,Elementary flows/Emission to air/unspecified,kg,elementary,,,
1054,false,18aa2daa-0188-4328-b24b-1ad1398ecf81,Thallium I,Elementary flows/Emission to air/unspecified,kg,elementary,,,
1055,false,b5fae91e-cff0-4513-a997-cdb6922f1ab4,Iodide,"Elementary flows/Emission to water/ground water, long-term",kg,elementary,,,
1056,false,0ed1b1a1-e56d-4860-bac7-d76a39bde930,Silver I,"Elementary flows/Emission to air/low population density, long-term",kg,elementary,,,
1057,false,b07f7b3c-74ae-4de8-89dd-12d028cbcbdf,Aniline,Elementary flows/Emission to water/fresh water,kg,elementary,,,
1058,false,24cf82f8-c517-4fef-8f93-17519adb855e,Barium II,Elementary flows/Emission to air/low population density,kg,elementary,,,
1059,false,ce88a9b6-0afa-4f68-9b32-8c3438bf4025,Silicon,"Elementary flows/Emission to water/ground water, long-term",kg,elementary,,,
1060,false,e2d35af7-9806-46ff-9b75-b124a48fa5a1,Phosphorus,"Elementary flows/Emission to air/low population density, long-term",kg,elementary,,,
1061,false,4569028c-d2d9-4937-bd92-44a6c72e2b1b,Ethylamine,Elementary flows/Emission to air/high population density,kg,elementary,,,
1062,true,a6889a22-e99e-42ea-85cd-4a68d7975dcd,"Occupation, annual crop, non-irrigated",Elementary flows/Resource/land,m2*a,elementary,,,
1063,false,0a6ae675-cdf2-475d-b4ef-486e78757d65,Scandium,Elementary flows/Emission to water/ground water,kg,elementary,,,
1064,false,9dc481e4-e4cd-4cb1-a03e-d539f774e958,Acenaphthylene,Elementary flows/Emission to water/ocean,kg,elementary,,,
1065,false,e3b7b5aa-514e-430e-9544-07d8f5b8d494,Boron,Elementary flows/Emission to soil/unspecified,kg,elementary,,,
1066,true,e5a3dff5-72dc-5287-893c-597dd4a19566,Molybdenum,Elementary flows/Resource/in ground,kg,elementary,,,
1067,false,98693cdf-d9fc-43ed-bfe6-78dfe5742d33,Iron ion,Elementary flows/Emission to soil/industrial,kg,elementary,,,
1068,false,089c048e-f098-452a-b0da-f3480d8725bd,Chromium-51,Elementary flows/Emission to water/fresh water,kBq,elementary,,,
1069,false,60ea7a31-8f27-46af-bfe5-66417f00088b,Barite,Elementary flows/Emission to water/ocean,kg,elementary,,,
1070,true,11a2a7b1-ab2f-47b8-9e29-6f33d5207fa6,Gypsum,Elementary flows/Resource/in ground,kg,elementary,,,
1071,false,cecaa388-029f-409d-b764-6523e0b8de79,Thorium-232,Elementary flows/Emission to water/fresh water,kBq,elementary,,,
1072,false,42a2f3e7-5393-4a69-9b0b-f70a9139ee24,Acetylene,Elementary flows/Emission to air/unspecified,kg,elementary,,,
1073,false,c0e8ec60-a5ae-432e-97a5-cf76b6247a00,Dichlorodifluoromethane,Elementary flows/Emission to air/unspecified,kg,elementary,,,
1074,true,05cd834e-341d-3930-ac07-7874077b086b,"Transformation, from pasture, man made, intensive",Elementary flows/Resource/land,m2,elementary,,,
1075,false,0fecb735-f93d-3d6d-b559-6ab1dc284568,Cadmium II,Elementary flows/Emission to air/unspecified,kg,elementary,,,
1076,false,049a1473-3a62-4121-982b-5d15d0f2c683,"Hydrocarbons, unspecified",Elementary flows/Emission to water/ocean,kg,elementary,,,
1077,false,d94a5a1a-bc06-48fd-b6d9-7477ea65cacd,Carbon disulfide,Elementary flows/Emission to air/unspecified,kg,elementary,,,
1078,false,74a0aabb-e11b-4f3b-8921-45e447b33393,Radium-226,Elementary flows/Emission to water/ocean,kBq,elementary,,,
1079,true,5666353e-2db2-41d3-8414-404709151422,Graphite,Elementary flows/Resource/in ground,kg,elementary,,,
1080,false,9540d6dc-b589-4fbb-8260-1b6a88b8bf11,Thallium I,Elementary flows/Emission to air/low population density,kg,elementary,,,
1081,false,39d1390a-ded6-41cb-a536-d47510bf2fbc,Chlorine,Elementary flows/Emission to air/unspecified,kg,elementary,,,
1082,false,bbf4d3e7-ac9e-4d6e-9da0-fe15ba3e5fd6,Acetyl chloride,Elementary flows/Emission to water/fresh water,kg,elementary,,,
1083,false,8864b4ad-7348-469e-b2d3-48610ffd4fca,Water,Elementary flows/Emission to air/unspecified,kg,elementary,,,
1084,false,77c46f0e-c8c0-4bc3-992c-2a9725d49f70,Bromine,Elementary flows/Emission to air/high population density,kg,elementary,,,
1085,false,62fcd384-906d-474f-a84b-9f944b78f804,Cadmium II,Elementary flows/Emission to water/ocean,kg,elementary,,,
1086,false,b15d845f-810e-4614-8633-af8bab2014ee,Titanium ion,Elementary flows/Emission to air/unspecified,kg,elementary,,,
1087,false,c1b91234-6f24-417b-8309-46111d09c457,Nitrogen oxides,Elementary flows/Emission to air/unspecified,kg,elementary,,,
1088,false,a1d277aa-7aea-4b5e-8aa9-2789ba8ff333,"Xylenes, unspecified",Elementary flows/Emission to air/low population density,kg,elementary,,,
1089,true,12be05aa-48ad-49a8-a864-7a51ba56075b,"Transformation, from industrial area, built up",Elementary flows/Resource/unspecified,m2,elementary,,,
1090,false,c5cc0625-6e01-4639-b053-5d1d9d22a53c,Acetic acid,Elementary flows/Emission to air/low population density,kg,elementary,,,
1091,false,5896c761-4e02-4573-8747-c4bbf73162c0,Phenol,Elementary flows/Emission to air/unspecified,kg,elementary,,,
1092,false,fa0c2bee-8dd9-4f8a-8489-b1f3b43de958,"1,1,1,2-Tetrafluoroethane",Elementary flows/Emission to air/high population density,kg,elementary,,,
1093,false,f68f00b8-2057-476e-88c8-1d92b5af0889,Antimony-124,Elementary flows/Emission to water/fresh water,kBq,elementary,,,
1094,false,1cb0b78b-6fd5-4193-8144-d47478920ced,Uranium alpha,Elementary flows/Emission to water/unspecified,kBq,elementary,,,
1095,false,4aed44df-760c-497f-ab37-ebbe7d2b15ff,Sulfite,Elementary flows/Emission to water/fresh water,kg,elementary,,,
1096,false,714958de-a211-4a3c-8dce-848ccb79b094,Tungsten,"Elementary flows/Emission to air/low population density, long-term",kg,elementary,,,
1097,false,6994b171-4ce1-4877-9c17-c206180fcea3,Methyl acrylate,Elementary flows/Emission to air/high population density,kg,elementary,,,
1098,false,d1c0567e-ff1a-4cb7-a4f0-de28b2d99b63,"TOC, Total Organic Carbon",Elementary flows/Emission to water/ocean,kg,elementary,,,
1099,false,dc64ecac-a65f-4d9a-9de6-557f1135659f,Aclonifen,Elementary flows/Emission to soil/agricultural,kg,elementary,,,
1100,true,777b7fc7-d7a2-3e6d-a326-cfa1f6b11aea,"Transformation, from annual crop, non-irrigated, fallow",Elementary flows/Resource/land,m2,elementary,,,
1101,true,64d99cb5-3b4f-4195-b86f-c5f45b4dcd19,"Transformation, from mineral extraction site",Elementary flows/Resource/land,m2,elementary,,,
1102,false,e7140812-ce3d-49f5-97b0-2fef538217a5,Butadiene,Elementary flows/Emission to air/high population density,kg,elementary,,,
1103,false,cc1c987a-2b6e-4cbc-969a-73f1c96de448,Sodium I,Elementary flows/Emission to soil/industrial,kg,elementary,,,
1104,false,2cfc5ba4-3db2-4193-9e81-b61e75ba1706,Lead-210,Elementary flows/Emission to water/unspecified,kBq,elementary,,,
1105,false,045f7de9-60d5-4916-a504-5a1002a6e97e,"Xylenes, unspecified",Elementary flows/Emission to water/unspecified,kg,elementary,,,
1106,false,2d50f4c8-a917-4496-a7d9-470b080faf68,"Hydrocarbons, aliphatic, unsaturated",Elementary flows/Emission to air/low population density,kg,elementary,,,
1107,false,0e1c17ae-8144-4714-a7cd-786a5480f423,Barium II,Elementary flows/Emission to water/unspecified,kg,elementary,,,
1108,false,d3e038e1-728c-4dea-ac30-c9abbbfcbc84,Cyanide,Elementary flows/Emission to air/unspecified,kg,elementary,,,
1109,false,9d95796e-84c7-4a73-aaba-8ad4f664e58f,Xenon-133m,Elementary flows/Emission to air/low population density,kBq,elementary,,,
1110,false,d976062e-565d-4d61-933e-545c9d020f0a,Fluorine,"Elementary flows/Emission to air/low population density, long-term",kg,elementary,,,
1111,false,20839113-fbf2-4d2f-bab8-66861f86bc60,Vanadium V,Elementary flows/Emission to water/unspecified,kg,elementary,,,
1112,true,eead2933-c2be-4a53-a0bd-bd33b67e4145,Borax,Elementary flows/Resource/in ground,kg,elementary,,,
1113,false,0545c382-2312-43b6-9ec3-63dbb1438565,Nickel II,Elementary flows/Emission to air/lower stratosphere + upper troposphere,kg,elementary,,,
1114,false,6d9e9a11-4d99-4489-a0ab-4cd1b6b8eaef,"Xylenes, unspecified",Elementary flows/Emission to water/ocean,kg,elementary,,,
1115,true,6f70e7c7-ef61-4489-b4f3-157e7e8541ef,"Silver, Ag 4.6E-5%, Au 1.3E-4%, in ore",Elementary flows/Resource/in ground,kg,elementary,,,
1116,false,370447a7-70d1-47bd-8577-0a32c4f53570,Methylchloride,Elementary flows/Emission to air/high population density,kg,elementary,,,
1117,false,a4f6341b-1762-4222-9024-bfd91f63588f,"AOX, Adsorbable Organic Halides",Elementary flows/Emission to water/unspecified,kg,elementary,,,
1118,false,f4498c00-c870-40fb-a2b3-49b6f522d324,Tributyltin compounds,Elementary flows/Emission to water/ocean,kg,elementary,,,
1119,false,62399986-3e4f-4522-b389-75eed416d838,Boron,Elementary flows/Emission to soil/agricultural,kg,elementary,,,
1120,false,d43d6bbf-7fdc-48c8-b2be-5e4040f85ddd,Cerium-141,Elementary flows/Emission to water/fresh water,kBq,elementary,,,
1121,false,2cea4705-5460-4f03-80ca-1aaf90f17c3a,Silicon,"Elementary flows/Emission to air/low population density, long-term",kg,elementary,,,
1122,true,2c126bcc-bb63-4d63-bd72-f02a1e616809,"Transformation, from pasture, man made",Elementary flows/Resource/land,m2,elementary,,,
1123,false,4f3ee6dc-f092-429b-82bc-b9538bdb751b,Plutonium-alpha,Elementary flows/Emission to air/low population density,kBq,elementary,,,
1124,false,59542265-cf1b-4ad9-8477-699179fe2b2b,Magnesium,"Elementary flows/Emission to air/low population density, long-term",kg,elementary,,,
1125,false,16a6b0a2-16f4-4706-a75a-20e08e41f46e,Manganese-54,Elementary flows/Emission to water/fresh water,kBq,elementary,,,
1126,false,ddd99a3a-be86-423d-b36a-a9dc8af1b1f8,"Particulate Matter, < 2.5 um",Elementary flows/Emission to air/lower stratosphere + upper troposphere,kg,elementary,,,
1127,false,3a3489d9-0d1f-4fb1-910a-1fdc7f1e4f71,Scandium,"Elementary flows/Emission to air/low population density, long-term",kg,elementary,,,
1128,false,6c97741f-8760-4a39-9e90-b534ca137a36,Chloride,Elementary flows/Emission to soil/unspecified,kg,elementary,,,
1129,false,b967e1bf-f09b-4c89-8740-ace21db47bba,"Particulate Matter, > 2.5 um and < 10um",Elementary flows/Emission to air/unspecified,kg,elementary,,,
1130,false,c6d0e9b0-aadb-407b-9f39-8fbab93ffa55,Ethylene diamine,Elementary flows/Emission to air/high population density,kg,elementary,,,
1131,false,01558950-c47c-34f9-b4f2-39ca1c809384,Chromium III,Elementary flows/Emission to soil/agricultural,kg,elementary,,,
1132,false,f8199e39-7354-44ad-92d8-6a2cc3bac24e,Barium II,Elementary flows/Emission to soil/agricultural,kg,elementary,,,
1133,false,5719929a-8c5b-48cc-a039-b11a9f380467,Barium II,Elementary flows/Emission to soil/industrial,kg,elementary,,,
1134,false,4bc2ecf7-fbc3-4c74-81f6-30f9f4425d30,Potassium-40,Elementary flows/Emission to air/unspecified,kBq,elementary,,,
1135,true,3eece329-cf79-4167-93c2-b8d7d7eb5058,"Gold, Au 6.7E-4%, in ore",Elementary flows/Resource/in ground,kg,elementary,,,
1136,false,4649902d-edc5-4d34-ae55-59993fe732d9,Iodine-129,Elementary flows/Emission to air/low population density,kBq,elementary,,,
1137,true,17a5a406-333f-4b9e-8852-c2de50bc9585,"Transformation, from shrub land, sclerophyllous",Elementary flows/Resource/land,m2,elementary,,,
1138,false,46e6f5f7-6541-494f-a9bb-66918fb5d592,"AOX, Adsorbable Organic Halides",Elementary flows/Emission to water/ocean,kg,elementary,,,
1139,false,8a422b03-1055-4bc8-b439-27bf8d7eef57,Tin ion,"Elementary flows/Emission to air/low population density, long-term",kg,elementary,,,
1140,false,db364689-e1a3-4629-8835-e6c59d6daf09,Iron ion,Elementary flows/Emission to soil/agricultural,kg,elementary,,,
1141,false,3c8af80d-7ff8-43f4-b1a7-cef73b1b4682,Dichlorofluoromethane,Elementary flows/Emission to air/high population density,kg,elementary,,,
1142,false,3e5d7d91-67d7-4afb-91dd-36fab58e4685,"PAH, polycyclic aromatic hydrocarbons",Elementary flows/Emission to air/unspecified,kg,elementary,,,
1143,false,5064da53-d4ec-44ee-ba23-b20a4f8c4964,Butadiene,Elementary flows/Emission to air/unspecified,kg,elementary,,,
1144,false,e839f221-2958-425e-b113-b3a5b12ca226,Radium-226,Elementary flows/Emission to water/fresh water,kBq,elementary,,,
1145,false,51441562-7069-40f8-84f9-cca66f72af6d,"1,4-Butanediol",Elementary flows/Emission to water/fresh water,kg,elementary,,,
1146,false,5457df7d-0461-407c-9f09-0338dbff77ef,Beryllium II,"Elementary flows/Emission to air/low population density, long-term",kg,elementary,,,
1147,false,3bbc78d0-08c4-48ef-a863-704e32fddcb3,Hexane,Elementary flows/Emission to air/high population density,kg,elementary,,,
1148,false,8edfdecf-21b3-4950-863e-e82130220919,"Benzene, ethyl-",Elementary flows/Emission to water/fresh water,kg,elementary,,,
1149,false,20185046-64bb-4c09-a8e7-e8a9e144ca98,Dinitrogen monoxide,Elementary flows/Emission to air/unspecified,kg,elementary,,,
1150,true,b073ec00-a5bf-4b64-bda0-ef366a3ac9bb,"Wood, soft, standing",Elementary flows/Resource/biotic,m3,elementary,,,
1151,false,31c4d160-b21e-41b3-b9c1-3d7a72377653,Lead II,Elementary flows/Emission to water/unspecified,kg,elementary,,,
1152,false,f0d1c319-249f-4a89-b0e7-3a5a90a54036,Cobalt II,Elementary flows/Emission to water/ground water,kg,elementary,,,
1153,false,62859da4-f3c5-417b-a575-8b00d8d658b1,Carbon,Elementary flows/Emission to soil/agricultural,kg,elementary,,,
1154,false,2b13a545-f6de-46ac-8172-f644e12099fc,Lead-210,Elementary flows/Emission to water/fresh water,kBq,elementary,,,
1155,false,a9d521d5-fe73-4726-830a-9d9aa0356b92,Acenaphthene,Elementary flows/Emission to water/fresh water,kg,elementary,,,
1156,false,74bafe19-03c5-3225-ac1a-892aa6728d36,Antimony ion,Elementary flows/Emission to water/unspecified,kg,elementary,,,
1157,false,ce567bdc-76ec-4ca0-be79-8bb796e448b3,Iron ion,Elementary flows/Emission to soil/unspecified,kg,elementary,,,
1158,false,0ac31b4a-b16d-40c8-928f-cdb8053d988f,Caesium-137,Elementary flows/Emission to water/fresh water,kBq,elementary,,,
1159,false,ebaff3ef-9e70-4674-bf17-6273e1447246,Arsenic ion,"Elementary flows/Emission to air/low population density, long-term",kg,elementary,,,
1160,false,c36056d2-5101-4198-b13b-fdc0a8cf27ee,Uranium-238,Elementary flows/Emission to air/unspecified,kBq,elementary,,,
1161,false,37d7d60d-3682-4da4-aa64-99c51b5d524b,Trimethylamine,Elementary flows/Emission to air/high population density,kg,elementary,,,
1162,false,7567e592-ecfa-467b-9f11-19f11786505b,Antimony-124,Elementary flows/Emission to air/low population density,kBq,elementary,,,
1163,true,14946240-b1ee-412c-b900-ed5728a4e684,"Silver, 3.2ppm in sulfide, Ag 1.2ppm, Cu and Te, in crude ore",Elementary flows/Resource/in ground,kg,elementary,,,
1164,false,5c9d8310-f7e1-4e98-8e73-7eece0435676,Sulfuric acid,Elementary flows/Emission to air/low population density,kg,elementary,,,
1165,false,6ed06a59-4fd1-422e-a397-4c3274596701,Manganese,Elementary flows/Emission to water/ocean,kg,elementary,,,
1166,true,44ea6f89-8780-45b4-a80a-cfc3abcfef5f,"Occupation, industrial area, vegetation",Elementary flows/Resource/land,m2*a,elementary,,,
1167,false,f2cb5577-b802-3bca-bd0a-502374b83e41,"Methane, tetrachloro-, CFC-10",Elementary flows/Emission to air/unspecified,kg,elementary,,,
1168,false,ad09c031-7fd4-4f8a-ad15-3a4727cd44c5,Formamide,Elementary flows/Emission to water/fresh water,kg,elementary,,,
1169,false,4186494b-58c3-4e33-a0fc-48a9e917968d,1-Pentene,Elementary flows/Emission to water/fresh water,kg,elementary,,,
1170,false,c6976591-c1f2-4c53-b9ff-182db73f0a7f,Polonium-210,Elementary flows/Emission to water/ocean,kBq,elementary,,,
1171,false,b4580545-243d-48d2-a3a0-2633a4f46fb1,Nickel II,Elementary flows/Emission to soil/agricultural,kg,elementary,,,
1172,false,1f607ae2-b42d-4411-90b8-e9bbac66a554,Arsenic ion,Elementary flows/Emission to water/ground water,kg,elementary,,,
1173,false,541a823c-0aad-4dc4-9123-d4af4647d942,1-Pentanol,Elementary flows/Emission to air/high population density,kg,elementary,,,
1174,false,1273b765-a764-4f0b-938d-8e8ba190ac8d,Propionic acid,Elementary flows/Emission to water/fresh water,kg,elementary,,,
1175,false,9a1e90d7-af5d-41ab-bf7b-d4d4248d9e24,Dipropyl amine,Elementary flows/Emission to air/high population density,kg,elementary,,,
1176,false,fd61d155-3b34-46d5-8769-efb3e806f545,Mercury II,Elementary flows/Emission to water/ocean,kg,elementary,,,
1177,false,46c4bd1f-30da-448c-897e-6aca882d78a4,Iodine-135,Elementary flows/Emission to air/low population density,kBq,elementary,,,
1178,false,34d1cae0-fc72-36fe-8cb2-99f59bd15eb5,Arsenic ion,Elementary flows/Emission to air/unspecified,kg,elementary,,,
1179,true,bac875f4-75fb-4dde-841a-b07d3a41bcd1,"Wood, hard, standing",Elementary flows/Resource/biotic,m3,elementary,,,
1180,false,76c79f4e-3cda-428e-b8f0-0ba8bbf272b6,Helium,Elementary flows/Emission to air/low population density,kg,elementary,,,
1181,true,07a366fe-1c9e-4651-ad1a-1da666316417,"Transformation, to permanent crop, fruit, intensive",Elementary flows/Resource/unspecified,m2,elementary,,,
1182,false,cd5898ca-96ad-4038-b7ac-edf544d2800a,Barium II,"Elementary flows/Emission to air/low population density, long-term",kg,elementary,,,
1183,true,6f2f97dc-2aeb-482c-a20a-9747f0746898,"Transformation, to industrial area, vegetation",Elementary flows/Resource/land,m2,elementary,,,
1184,true,0abf9db7-b5a2-4c18-8ec6-aca3a7fb5579,"Transformation, to traffic area, rail network",Elementary flows/Resource/land,m2,elementary,,,
1185,false,63f3d6ad-26f3-3982-a0ec-d38adc0d4a06,Mercury II,Elementary flows/Emission to water/unspecified,kg,elementary,,,
1186,false,fba3ef86-de65-4079-868d-8b6438d46092,Phosphine,Elementary flows/Emission to air/high population density,kg,elementary,,,
1187,false,334f3d29-ec7d-4ca4-9e65-524c64c6649c,Titanium ion,Elementary flows/Emission to soil/agricultural,kg,elementary,,,
1188,false,8a0742e8-1cd4-445a-ae66-7cb80d43c3cf,Zinc-65,Elementary flows/Emission to water/fresh water,kBq,elementary,,,
1189,false,b001715e-60e4-4f1d-949d-1acfab65bd8f,"Particulate Matter, > 10 um","Elementary flows/Emission to air/low population density, long-term",kg,elementary,,,
1190,false,1c02cff4-e852-489b-893c-d3ed30eb8ca5,Radium-226,Elementary flows/Emission to air/high population density,kBq,elementary,,,
1191,false,7a63162b-4ffe-447f-ba52-782d5548b774,Sodium dichromate,Elementary flows/Emission to air/high population density,kg,elementary,,,
1192,false,ff65658c-2d39-44a2-b23e-7ec3c644f064,Aluminium III,Elementary flows/Emission to air/unspecified,kg,elementary,,,
1193,false,de875382-6ef2-454c-b828-2c3a5080d39c,Fluoride,Elementary flows/Emission to soil/unspecified,kg,elementary,,,
1194,false,1d75a540-c7f2-4cae-8b02-0f0d41c0cef7,"Hydrogen-3, Tritium",Elementary flows/Emission to water/fresh water,kBq,elementary,,,
1195,false,d45d9782-c41e-4106-bc62-86e8093bef6a,Propanal,Elementary flows/Emission to water/fresh water,kg,elementary,,,
1196,true,8bd1295e-4af1-4177-88a2-6f56ac8e4546,"Volume occupied, underground deposit",Elementary flows/Resource/in ground,m3,elementary,,,
1197,false,bdc6ec0d-e587-4254-8d8f-4e0eb78f1b9b,Dimethylamine,Elementary flows/Emission to water/fresh water,kg,elementary,,,
1198,false,7da26881-518f-4b1b-87bf-7d1f633a7c1a,Thallium I,Elementary flows/Emission to water/ground water,kg,elementary,,,
1199,false,6bd1ea0d-0fbb-46cd-a6b4-e699febbf4e8,Ethyl cellulose,Elementary flows/Emission to air/high population density,kg,elementary,,,
1200,false,a5634f8a-d2f3-4e9a-8ee5-6f11234b9b1e,Ethyl benzene,Elementary flows/Emission to water/ocean,kg,elementary,,,
1201,false,9b00c244-fcce-4d38-922b-601a81f2ba34,Sulfate,Elementary flows/Emission to air/unspecified,kg,elementary,,,
1202,true,719def62-0941-4264-bc54-97093d847d7a,"Molybdenum, 0.025% in sulfide, Mo 8.2E-3% and Cu 0.39% in crude ore",Elementary flows/Resource/in ground,kg,elementary,,,
1203,true,9089d7ad-09b1-4174-a188-8844ebde2d5d,"Transformation, to shrub land, sclerophyllous",Elementary flows/Resource/land,m2,elementary,,,
1204,false,97818104-9cc2-4323-97d5-c896ce171f86,Chloride,Elementary flows/Emission to water/ocean,kg,elementary,,,
1205,false,b74e2a3f-6692-3f75-b41b-58a4cff78c28,Cadmium II,Elementary flows/Emission to air/lower stratosphere + upper troposphere,kg,elementary,,,
1206,false,64a53c57-bf2f-43e6-8fb9-71aa94f2421e,"PAH, polycyclic aromatic hydrocarbons",Elementary flows/Emission to water/fresh water,kg,elementary,,,
1207,false,4cadbc9f-0472-4bb9-a942-df5b90e37878,Chloroform,Elementary flows/Emission to air/high population density,kg,elementary,,,
1208,false,a768b3a4-dce7-48f2-bb44-89c8a4ba00d1,Fluoride,Elementary flows/Emission to soil/industrial,kg,elementary,,,
1209,false,a259eb99-e741-49e6-8b3f-8985c018be28,Sulfate,"Elementary flows/Emission to air/low population density, long-term",kg,elementary,,,
1210,false,b717518e-b8b6-44fa-a8e1-f9fde2436caf,Potassium I,Elementary flows/Emission to soil/agricultural,kg,elementary,,,
1211,false,ca828b6a-5c31-4cce-941e-cc7c1900e6fe,"Radioactive species, other beta emitters",Elementary flows/Emission to air/low population density,kBq,elementary,,,
1212,true,f6df5030-8e06-4276-bfeb-219db8dab104,"Volume occupied, final repository for low-active radioactive waste",Elementary flows/Resource/in ground,m3,elementary,,,
1213,false,055bf521-b162-4172-b7db-da4df197d671,Trimethyl borate,Elementary flows/Emission to air/high population density,kg,elementary,,,
1214,false,16fcd4f9-0bb8-4b84-8334-3ffb1a17aa74,"1,1,1,2-Tetrafluoroethane",Elementary flows/Emission to air/low population density,kg,elementary,,,
1215,false,5677a205-a4fb-44cd-9c62-05195db926a6,Water,Elementary flows/Emission to air/lower stratosphere + upper troposphere,kg,elementary,,,
1216,false,f7553ef8-e4f3-4b9c-98be-81fa36315648,Acetonitrile,Elementary flows/Emission to air/low population density,kg,elementary,,,
1217,false,473826ae-125a-4b02-8c8e-c84322491d80,Dinitrogen monoxide,Elementary flows/Emission to air/lower stratosphere + upper troposphere,kg,elementary,,,
1218,true,c8f18160-6937-4bb9-ad0c-dffa942ca41e,"Copper, 1.42% in sulfide, Cu 0.81% and Mo 8.2E-3% in crude ore",Elementary flows/Resource/in ground,kg,elementary,,,
1219,false,550b099c-dfeb-4fe3-bcdc-f11b97ff8876,Hydroxide,Elementary flows/Emission to water/fresh water,kg,elementary,,,
1220,false,c407952d-43b2-49c4-a756-26e5e76bfbbf,Uranium-238,Elementary flows/Emission to water/ocean,kBq,elementary,,,
1221,false,b58c0d57-fecb-3079-aaf3-49e239bca4cb,"Carbon monoxide, non-fossil",Elementary flows/Emission to air/low population density,kg,elementary,,,
1222,true,565414ae-fff7-4f41-9668-a5a7d12874a9,"Transformation, to traffic area, road embankment",Elementary flows/Resource/unspecified,m2,elementary,,,
1223,false,ef7b0b7e-16e2-4e14-af28-94d9dd3c675d,"Heat, waste",Elementary flows/Emission to air/lower stratosphere + upper troposphere,MJ,elementary,,,
1224,false,8ca6c84b-7f56-47e6-8d17-4f2dbc49a943,Chlorodifluoromethane,Elementary flows/Emission to air/high population density,kg,elementary,,,
1225,false,9ba8c05d-1593-45a5-8d3b-5c4f3e9fef32,Manganese II,Elementary flows/Emission to soil/agricultural,kg,elementary,,,
1226,false,4573f0c9-0fdd-413f-ae74-e27290f40743,Sodium I,Elementary flows/Emission to soil/unspecified,kg,elementary,,,
1227,false,e3e8f6a2-c45e-4685-9859-698b2eadaf5b,Acetaldehyde,Elementary flows/Emission to air/unspecified,kg,elementary,,,
1228,false,2c7be02c-791f-4fef-b231-b90321bbeb30,Zinc II,Elementary flows/Emission to water/unspecified,kg,elementary,,,
1229,true,a47cd00c-476b-4f73-a0a0-46dc11638699,"Occupation, water courses, artificial",Elementary flows/Resource/unspecified,m2*a,elementary,,,
1230,false,ce6294f5-2ed7-46ee-a967-33e265e34455,"1,1,1-Trichloroethane",Elementary flows/Emission to air/unspecified,kg,elementary,,,
1231,true,d080e6a4-42c6-484e-b5d7-d74693aec7d9,Gold,Elementary flows/Resource/in ground,kg,elementary,,,
1232,false,68701316-d3f5-4e08-8814-6b3b28712d85,Cadmium II,Elementary flows/Emission to water/lake,kg,elementary,,,
1233,false,a57cb19d-f436-4c0c-a2ab-097c544bd95f,Silicon,Elementary flows/Emission to soil/industrial,kg,elementary,,,
1234,false,6fd55524-c309-4eb8-bff6-9c606e3a82d7,Radon-222,Elementary flows/Emission to air/high population density,kBq,elementary,,,
1235,false,14ca107c-315a-410b-af1b-35a886faebce,Xenon-135,Elementary flows/Emission to air/low population density,kBq,elementary,,,
1236,false,5ba194c6-30c2-44fc-ae03-c992b88c9c73,Acetonitrile,Elementary flows/Emission to water/fresh water,kg,elementary,,,
1237,false,ae2c3adf-7f7d-4973-a8e8-3fe1300f8183,Strontium II,"Elementary flows/Emission to air/low population density, long-term",kg,elementary,,,
1238,false,4a156a66-eb3e-4f87-90a2-ccd13bf942ff,Titanium ion,Elementary flows/Emission to air/low population density,kg,elementary,,,
1239,false,a0fec60d-3f74-48bf-a2d2-58c30fc13e53,2-Aminopropanol,Elementary flows/Emission to air/high population density,kg,elementary,,,
1240,false,555aed47-6c62-4cbe-b9b8-d01229284c8a,Propanal,Elementary flows/Emission to air/unspecified,kg,elementary,,,
1241,false,5ce378a0-b48d-471c-977d-79681521efde,Zinc II,Elementary flows/Emission to air/unspecified,kg,elementary,,,
1242,false,ed63abd0-7cc6-4825-8759-b367e560fe95,Methylchloride,Elementary flows/Emission to air/low population density,kg,elementary,,,
1243,true,c3f83a91-4888-41a4-add9-fd01678a1e5f,"Transformation, to annual crop",Elementary flows/Resource/land,m2,elementary,,,
1244,false,3937f5a5-b4a4-434d-9fc3-1d29064fc3f8,Cadmium II,Elementary flows/Emission to water/ground water,kg,elementary,,,
1245,false,754028fd-e650-4804-922e-694a764ba578,Tetrachloroethylene,Elementary flows/Emission to air/low population density,kg,elementary,,,
1246,false,e8c62990-85c7-4f16-ab5f-76a5fc28a2a5,"Radioactive species, Nuclides, unspecified",Elementary flows/Emission to water/unspecified,kBq,elementary,,,
1247,false,d11085f8-8dec-453b-9535-5008689cd8ff,Ethanol,Elementary flows/Emission to water/fresh water,kg,elementary,,,
1248,false,74eb3f02-09ec-46ce-8ee8-d67d0900136b,Cobalt II,"Elementary flows/Emission to air/low population density, long-term",kg,elementary,,,
1249,true,fdda4f8e-b620-4df6-92a9-101a251d2f42,"Transformation, to heterogeneous, agricultural",Elementary flows/Resource/land,m2,elementary,,,
1250,false,4446c2d0-1bc1-422f-9b97-0867d5602dbb,Ethylene oxide,Elementary flows/Emission to air/high population density,kg,elementary,,,
1251,false,201afd00-a74f-4ede-bbf7-770e39ed6471,Lanthanum-140,Elementary flows/Emission to air/low population density,kBq,elementary,,,
1252,false,c3b659e5-35f1-408c-8cb5-b5f9b295c76e,Copper ion,Elementary flows/Emission to water/ground water,kg,elementary,,,
1253,true,78cd4852-e7b9-4301-adf7-51e730b0356a,"TiO2, 54% in ilmenite, 2.6% in crude ore",Elementary flows/Resource/in ground,kg,elementary,,,
1254,false,056fb035-70db-4dba-bff0-773a3da55b87,Chromium III,Elementary flows/Emission to soil/unspecified,kg,elementary,,,
1255,false,95ad40ec-c34b-49fc-a7dc-0e13172ac105,Barium II,Elementary flows/Emission to water/ocean,kg,elementary,,,
1256,false,a3436836-e2fe-4c30-b9a7-0098b489374f,Phenol,Elementary flows/Emission to water/ocean,kg,elementary,,,
1257,false,57117e3c-15aa-4b4d-b953-6d33986aa5aa,Calcium II,Elementary flows/Emission to soil/industrial,kg,elementary,,,
1258,false,85365e41-8102-4f9b-afb7-d7d7e6e07249,Lead-210,Elementary flows/Emission to water/ground water,kBq,elementary,,,
1259,false,061d04a0-af1d-4884-bdd3-997b6cd5550f,Boron,"Elementary flows/Emission to water/ground water, long-term",kg,elementary,,,
1260,false,a6ad3fc7-c019-454f-a899-43be7913a598,Acenaphthene,Elementary flows/Emission to water/ocean,kg,elementary,,,
1261,false,ba6ccdc7-da30-45fd-8215-babbf046cd3e,Acetic acid,Elementary flows/Emission to water/fresh water,kg,elementary,,,
1262,false,2baa4381-b781-4f5e-90de-508b0fa3fd1f,Aluminium III,Elementary flows/Emission to soil/agricultural,kg,elementary,,,
1263,false,48725db0-ff99-4074-90a0-bb22165432bb,Polonium-210,Elementary flows/Emission to water/ground water,kBq,elementary,,,
1264,false,8f1b69d9-fc00-4b46-99f9-7a57fd71dad2,Strontium II,"Elementary flows/Emission to water/ground water, long-term",kg,elementary,,,
1265,true,8c2fe757-6866-4ed2-9f89-81012ad774a0,"Carbon, organic, decrease in soil or biomass stock",Elementary flows/Resource/in ground,kg,elementary,,,
1266,false,4c54be62-05f1-4201-940d-f161537be704,Thorium-232,Elementary flows/Emission to air/low population density,kBq,elementary,,,
1267,false,8aa45af3-ff38-4330-9870-81fd360db53b,Krypton-85m,Elementary flows/Emission to air/low population density,kBq,elementary,,,
1268,true,062a6faf-b1a5-4a6a-aa02-47ae3ec566a8,"Occupation, traffic area, rail network",Elementary flows/Resource/land,m2*a,elementary,,,
1269,false,2f19a0af-a516-4f89-88ba-4c6b7cd52650,Nitrite,Elementary flows/Emission to water/ocean,kg,elementary,,,
1270,false,ac98d2a4-4985-49f9-b4e2-fc896ef145b6,Uranium-234,Elementary flows/Emission to air/low population density,kBq,elementary,,,
1271,false,9122eb15-12c8-4621-a036-209f6c06e3fb,Napropamide,Elementary flows/Emission to soil/agricultural,kg,elementary,,,
1272,false,b935e766-fece-4a4f-8f60-b735ea7b214d,Bromine,Elementary flows/Emission to water/unspecified,kg,elementary,,,
1273,false,20d4d821-f4f7-4017-8810-f822fcdf619e,Hydrogen sulfide,Elementary flows/Emission to air/unspecified,kg,elementary,,,
1274,false,8d0ca1a5-6a40-4eda-861a-a0fccdc81b19,Beryllium II,Elementary flows/Emission to water/unspecified,kg,elementary,,,
1275,false,b465eb7f-dfe9-4057-ad17-c451d58fd753,Isocyanic acid,Elementary flows/Emission to air/high population density,kg,elementary,,,
1276,false,001790f3-fd86-4a0d-a2a1-06c7099d90c8,Xenon-137,Elementary flows/Emission to air/low population density,kBq,elementary,,,
1277,false,08a91e70-3ddc-11dd-97c6-0050c2490048,Potassium,Elementary flows/Emission to water/ocean,kg,elementary,,,
1278,false,96f0a692-ddb9-4a4c-8236-7c943929653d,Caesium I,Elementary flows/Emission to water/surface water,kg,elementary,,,
1279,true,56ec994a-eb96-42e8-93eb-4970e30e6362,"Occupation, urban, discontinuously built",Elementary flows/Resource/land,m2*a,elementary,,,
1280,false,5c68cf3b-a49d-40e8-bee1-359182e054a7,Isopropylamine,Elementary flows/Emission to water/fresh water,kg,elementary,,,
1281,false,0ebdb68a-f50d-4b0c-ad4b-3a1104d8b454,Methanol,Elementary flows/Emission to air/unspecified,kg,elementary,,,
1282,false,2ccc4997-63d8-4f5f-8f4c-711080d7bd9b,2-Propanol,Elementary flows/Emission to water/fresh water,kg,elementary,,,
1283,false,2a5ed451-12a2-47db-b4dc-fa0bfbc01d79,Chromium III,Elementary flows/Emission to air/lower stratosphere + upper troposphere,kg,elementary,,,
1284,false,237ea455-6c82-4254-af86-9409df922094,Bentazone,Elementary flows/Emission to soil/agricultural,kg,elementary,,,
1285,true,247f3d96-7da2-5adf-a399-65745bc042fb,Magnesium,Elementary flows/Resource/in water,kg,elementary,,,
1286,false,e620a933-c348-4e7e-8893-ab0a0f681c7e,"Hydrocarbons, unspecified",Elementary flows/Emission to water/unspecified,kg,elementary,,,
1287,false,4eb24f81-0468-4b92-bae3-8b12dfc90438,Thorium-230,Elementary flows/Emission to air/low population density,kBq,elementary,,,
1288,false,03e91172-fca0-47f3-9014-22ae3136251b,Iodine-131,Elementary flows/Emission to air/low population density,kBq,elementary,,,
1289,false,31ba993d-f8aa-44c0-bae1-b6c2081144f6,Benzene,Elementary flows/Emission to water/unspecified,kg,elementary,,,
1290,false,08a91e70-3ddc-11dd-9f7b-0050c2490048,Chromium III,Elementary flows/Emission to air/unspecified,kg,elementary,,,
1291,true,b0828a29-0261-4a12-a5d3-9e72c7e89619,"Occupation, industrial area, benthos",Elementary flows/Resource/unspecified,m2*a,elementary,,,
1292,false,35c746fb-2d4a-4d06-9955-1973ce67b74e,Cumene,Elementary flows/Emission to air/high population density,kg,elementary,,,
1293,true,7b6da1f2-e191-5a77-ae06-af96201f5803,Tellurium,Elementary flows/Resource/in ground,kg,elementary,,,
1294,false,5370addb-668e-4223-9a58-8ae947807c27,Chlorine,"Elementary flows/Emission to air/low population density, long-term",kg,elementary,,,
1295,false,cb16ed3f-19b5-45c6-b504-b2be562d0002,Thorium,Elementary flows/Emission to air/high population density,kg,elementary,,,
1296,false,21f84442-7dc8-492a-8253-867dd1caf8d6,Carbetamide,Elementary flows/Emission to soil/agricultural,kg,elementary,,,
1297,false,08a91e70-3ddc-11dd-9f77-0050c2490048,Chromium III,Elementary flows/Emission to water/ocean,kg,elementary,,,
1298,true,08a91e70-3ddc-11dd-95c1-0050c2490048,Kaolinite,Elementary flows/Resource/in ground,kg,elementary,,,
1299,false,7d54ebd3-7128-4465-a1a3-6592d8d030bd,Urea,Elementary flows/Emission to water/fresh water,kg,elementary,,,
1300,false,242b4a08-f6ff-496d-ae0f-bf8f8bc77692,Boron,Elementary flows/Emission to water/ground water,kg,elementary,,,
1301,false,57bdb443-d4a6-423d-8024-959b8261d02e,"Methane, non-fossil",Elementary flows/Emission to air/low population density,kg,elementary,,,
1302,false,f311cac9-ba20-4b5a-824a-e9ad5bf8ea59,Methyl formate,Elementary flows/Emission to water/fresh water,kg,elementary,,,
1303,false,3b8a6f65-384b-4086-a817-b0c77555b78a,Dichromate,Elementary flows/Emission to water/unspecified,kg,elementary,,,
1304,false,28bca51a-6cc7-46af-961a-fd2b675a1376,Sulfate,Elementary flows/Emission to water/unspecified,kg,elementary,,,
1305,false,c62c75a7-339e-4133-9b89-ef46aa607f2a,Silver-110,Elementary flows/Emission to water/fresh water,kBq,elementary,,,
1306,false,3c054a6e-2f9c-4e5e-9231-c61bc85a250a,Carbofuran,Elementary flows/Emission to soil/agricultural,kg,elementary,,,
1307,false,5e2e1740-1bb9-4157-b816-6cb5aa006437,Trifluoromethane,Elementary flows/Emission to air/low population density,kg,elementary,,,
1308,false,ccfea48e-0aec-4573-8ed1-fb7c0f1b14ae,1-Pentene,Elementary flows/Emission to air/low population density,kg,elementary,,,
1309,false,54b35742-21ff-4454-8a3d-f31577e308b3,Methyl ethyl ketone,Elementary flows/Emission to air/low population density,kg,elementary,,,
1310,false,6fa59153-aeea-33db-89a5-dc8f2672908b,"Noise, road, passenger car, average",Elementary flows/Immaterial emission/unspecified,m,elementary,,,
1311,false,22ff429e-4506-428d-9bba-4f9595ed3b99,Cyclohexane,Elementary flows/Emission to air/low population density,kg,elementary,,,
1312,false,5512f026-b3a9-419a-b787-c0be0b39be1c,Cyclohexane,Elementary flows/Emission to air/high population density,kg,elementary,,,
1313,false,7a05c50a-c884-3f7d-bdb4-ae8fe2a59d2b,"Water, Europe",Elementary flows/Emission to air/unspecified,kg,elementary,,,
1314,true,e15786b4-0445-4a67-8e9f-cb7b3e349935,"Transformation, from sea and ocean",Elementary flows/Resource/unspecified,m2,elementary,,,
1315,true,64f2cbe7-791b-4d4b-bd13-f0c142922738,"Occupation, seabed, infrastructure",Elementary flows/Resource/land,m2*a,elementary,,,
1316,false,be4835bf-5252-48c1-be48-14f59d533bbd,"Oils, non-fossil",Elementary flows/Emission to soil/industrial,kg,elementary,,,
1317,false,301f2cb6-9672-3d86-ab17-b04d283656da,"Water, CH",Elementary flows/Emission to air/unspecified,kg,elementary,,,
1318,false,b95cb822-0266-3cc3-910d-3294e55abbee,Zinc II,Elementary flows/Emission to air/unspecified,kg,elementary,,,
1319,false,0c3118be-5c17-4d3f-93d5-9d608fc31e77,Black carbon,Elementary flows/Emission to air/unspecified,kg,elementary,,,
1320,false,edfaa796-b3a8-3514-b502-21f88d030086,"Dioxin, 2,3,7,8 Tetrachlorodibenzo-p-",Elementary flows/Emission to air/indoor,kg,elementary,,,
1321,true,963b17e3-ec2a-3715-85eb-01d84a8fce7b,"Transformation, from forest, intensive, normal",Elementary flows/Resource/land,m2,elementary,,,
1322,true,46b8b2fd-eb2a-413d-bc39-e7dc18a420ef,"Transformation, from traffic area, rail/road embankment",Elementary flows/Resource/land,m2,elementary,,,
1323,false,9f5bfac4-cbb6-4b38-afb9-cf563fc5ca15,Nitrite,Elementary flows/Emission to water/unspecified,kg,elementary,,,
1324,false,c8791f3c-3c4a-4278-91c0-483797d14da2,Phosphate,Elementary flows/Emission to water/unspecified,kg,elementary,,,
1325,false,31196fb3-1549-38bd-bc9b-0271178d4467,"Water, MY",Elementary flows/Emission to air/unspecified,kg,elementary,,,
1326,false,5189de76-6bbb-44ba-8c42-5714f1b4371f,Nitrate,Elementary flows/Emission to water/unspecified,kg,elementary,,,
1327,false,37d014cb-8c2d-4c98-ab5c-2d4550822c2f,Nitric acid,Elementary flows/Emission to air/high population density,kg,elementary,,,
1328,false,40a33bfe-bcb6-3302-998d-e4544c00e29d,Petrol,Elementary flows/Emission to water/unspecified,kg,elementary,,,
1329,false,0d1997d4-1921-3db7-98c6-6395c50c87cb,Kerosene,Elementary flows/Emission to air/high population density,kg,elementary,,,
1330,false,d13670ac-cdf5-3a86-86ff-b4629de202b7,"Radioactive species, unspecified",Elementary flows/Emission to air/low population density,kBq,elementary,,,
1331,true,54d144f3-a534-429d-bdd6-f3d8448ab4cc,"Transformation, from pasture and meadow",Elementary flows/Resource/unspecified,m2,elementary,,,
1332,false,95e24e9c-e1d9-3c71-8c32-fcf4b133dc10,"TOC, Total Organic Carbon",Elementary flows/Emission to air/high population density,kg,elementary,,,
1333,false,4c0a6227-af22-45cb-b75b-b276ce0e4d47,Strontium II,Elementary flows/Emission to soil/unspecified,kg,elementary,,,
1334,false,99cd88f6-16b7-4b28-895c-2f42101f634b,Barium II,Elementary flows/Emission to soil/unspecified,kg,elementary,,,
1335,false,774c181d-18a7-4096-aa99-56801ef6b909,Nitrate,Elementary flows/Emission to soil/unspecified,kg,elementary,,,
1336,false,4122276a-89a6-4e31-ad7d-19568cecf9ce,Vanadium V,Elementary flows/Emission to soil/unspecified,kg,elementary,,,
1337,false,65acbe76-a761-4a8c-8d66-940a677c69b0,lithium,Elementary flows/Emission to soil/unspecified,kg,elementary,,,
1338,false,2f00b048-45e9-402b-9450-40367d0283d0,Elemental carbon,Elementary flows/Emission to water/ground water,kg,elementary,,,
1339,false,2cfcbe85-0dfd-4414-8683-ecc74392346c,"PAH, polycyclic aromatic hydrocarbons",Elementary flows/Emission to water/ground water,kg,elementary,,,
1340,false,e0401210-0377-4670-84af-12247ca20bed,Aluminium III,Elementary flows/Emission to soil/unspecified,kg,elementary,,,
1341,false,45acd8c0-657f-46d3-8026-4b3c9fadaeb6,Selenium IV,Elementary flows/Emission to soil/unspecified,kg,elementary,,,
1342,false,e681e6ba-2d66-4f17-8812-e8c74bdcf7e8,Calcium II,Elementary flows/Emission to soil/unspecified,kg,elementary,,,
1343,false,43372780-9254-4691-8533-70ccd8e1bb67,"PAH, polycyclic aromatic hydrocarbons",Elementary flows/Emission to soil/unspecified,kg,elementary,,,
1344,false,89850512-9156-4915-9a49-2cc0c3d07382,"TOC, Total Organic Carbon",Elementary flows/Emission to soil/unspecified,kg,elementary,,,
1345,false,3256d56f-4ca3-4680-8cc1-0f8748e71373,Arsenic ion,Elementary flows/Emission to soil/unspecified,kg,elementary,,,
1346,false,324c8002-da6c-4b87-a8fe-d44e2d9b30ad,lithium,Elementary flows/Emission to air/high population density,kg,elementary,,,
1347,false,4435f1ba-3d59-41da-9e1c-0c6f771e8d63,Sulfate,Elementary flows/Emission to soil/unspecified,kg,elementary,,,
1348,false,12051b95-831a-49c0-9a70-fbc0e8fb9af9,Cobalt II,Elementary flows/Emission to soil/unspecified,kg,elementary,,,
1349,false,bef4d768-a70e-3a28-84bf-43acf8d22521,Sulfur,Elementary flows/Emission to water/ground water,kg,elementary,,,
1350,false,32451556-ee07-4e36-bd8a-09f8847f9c83,Sulfur,Elementary flows/Emission to soil/unspecified,kg,elementary,,,
1351,false,7da45a0b-0dcf-413c-8de0-44d8ebca9e6e,Silver I,Elementary flows/Emission to soil/unspecified,kg,elementary,,,
1352,false,d17f1c53-ff95-4005-9f1b-131ca9791cdb,Chlorine,Elementary flows/Emission to water/ground water,kg,elementary,,,
1353,false,6b7fbea6-4a86-40f9-954d-3c9b3611abfd,Manganese II,Elementary flows/Emission to soil/unspecified,kg,elementary,,,
1354,false,42ac7dee-8152-4874-a742-c1c432792a3a,Chlorine,Elementary flows/Emission to soil/unspecified,kg,elementary,,,
1355,false,8b531ec0-ca7a-49cd-bef0-56f110112f34,Molybdenum VI,Elementary flows/Emission to soil/unspecified,kg,elementary,,,
1356,false,6bc9e39e-bfc5-4929-88d9-863684901143,Titanium ion,Elementary flows/Emission to soil/unspecified,kg,elementary,,,
1357,false,6575edf4-826c-4e99-a21a-08a1afec1396,Silicon,Elementary flows/Emission to soil/unspecified,kg,elementary,,,
1358,false,73b225ab-ddc4-4a38-9ed0-ceedee987424,"TOC, Total Organic Carbon",Elementary flows/Emission to water/ground water,kg,elementary,,,
1359,false,45afb543-bc53-471e-8fc9-6ed3a5775071,Bromine,Elementary flows/Emission to soil/unspecified,kg,elementary,,,
1360,false,aee98c0f-45d0-4b36-b660-a27b5ce46aa2,lithium,Elementary flows/Emission to water/ground water,kg,elementary,,,
1361,false,73b26c10-3c57-4732-8a36-6d1d98d6c925,Potassium I,Elementary flows/Emission to soil/unspecified,kg,elementary,,,
1362,false,c49fb4cd-eed0-4438-9052-9612473cdbae,Antimony ion,Elementary flows/Emission to soil/unspecified,kg,elementary,,,
1363,false,ea701d93-42af-4647-9798-591962caeb76,Elemental carbon,Elementary flows/Emission to soil/unspecified,kg,elementary,,,
1364,false,27804c78-5eee-47f9-9a91-1f6126ccfe45,Formic acid,Elementary flows/Emission to air/unspecified,kg,elementary,,,
1365,false,b593169f-9d42-35e2-a4c0-d89e2109440f,"4,4'-Biphenol",Elementary flows/Emission to air/unspecified,kg,elementary,,,
1366,false,9be02ae0-3170-4544-8665-f03a1b43f2bd,Tritium,Elementary flows/Emission to water/unspecified,kBq,elementary,,,
1367,false,03758df7-503a-400e-bc7b-ec05825761a5,Ethylene dichloride,Elementary flows/Emission to air/unspecified,kg,elementary,,,
1368,false,fa194dc5-ad5d-4c1e-a8f4-9fedba38fe8d,Antimony-125,Elementary flows/Emission to water/unspecified,kBq,elementary,,,
1369,false,1de7b6d8-2b99-3cd8-8d98-452a5b952df0,"Water, RER",Elementary flows/Emission to air/unspecified,kg,elementary,,,
1370,false,698d08b4-fee6-40d4-93dd-24a28d48df45,Uranium-235,Elementary flows/Emission to air/unspecified,kBq,elementary,,,
1371,false,6a8bd6ee-9a3e-447b-9ecb-26a7e606a6fa,isobutene,Elementary flows/Emission to air/unspecified,kg,elementary,,,
1372,false,04a6edb8-624a-484e-8f85-d771657adae7,Dichlorofluoromethane,Elementary flows/Emission to air/unspecified,kg,elementary,,,
1373,true,169587c8-2222-3417-bcd2-7c59d34f654d,"Water, lake, RER",Elementary flows/Resource/in water,m3,elementary,,,
1374,false,cf011bab-9c8c-34aa-b2cc-390a7ccf0de4,Octene (mixture of isomers),Elementary flows/Emission to air/unspecified,kg,elementary,,,
1375,true,15f98b12-7233-4438-9372-4ee1cfd5d693,Lanthanum,Elementary flows/Resource/in ground,kg,elementary,,,
1376,false,64f81516-52e1-4ce6-a22c-84d3f7cc9a53,Antimony-124,Elementary flows/Emission to water/unspecified,kBq,elementary,,,
1377,false,618c3a74-5b36-4d8a-b94f-26b8270448f8,Iodine-131,Elementary flows/Emission to water/unspecified,kBq,elementary,,,
1378,false,8bbe0b4c-5c9c-4959-a878-572f680e428d,Caesium-137,Elementary flows/Emission to water/unspecified,kBq,elementary,,,
1379,false,c317b216-2668-40f8-9e24-1ce183d53697,Iodine-131,Elementary flows/Emission to air/unspecified,kBq,elementary,,,
1380,false,39c49db2-409a-4d5d-93f5-454535398965,Methyl acrylate,Elementary flows/Emission to air/unspecified,kg,elementary,,,
1381,true,733b2c7c-60ef-4c1b-b9cb-c010e3fd2275,Bauxite,Elementary flows/Resource/in ground,kg,elementary,,,
1382,false,08a91e70-3ddc-11dd-91be-0050c2490048,"Particulates, < 10 um",Elementary flows/Emission to air/unspecified,kg,elementary,,,
1383,true,0d7f8b87-12f4-4e83-a5a2-854e2f2b47de,"Ni, Ni 2.3E+0%, Pt 2.5E-4%, Pd 7.3E-4%, Rh 2.0E-5%, Cu 3.2E+0% in ore",Elementary flows/Resource/in ground,kg,elementary,,,
1384,false,ff5d0fa9-6ca8-4e61-b99b-14981620c0d7,Propanol,Elementary flows/Emission to air/unspecified,kg,elementary,,,
1385,true,5dbd8205-fa09-3895-90d3-5e1d7406c179,"Occupation, agriculture",Elementary flows/Resource/land,m2*a,elementary,,,
1386,false,2a0b51e8-2787-4733-8484-a46f67a25319,sodium carbonate,Elementary flows/Emission to air/unspecified,kg,elementary,,,
1387,false,8077467e-8d30-46cc-ab55-5759286eebd3,Ethyl acetate,Elementary flows/Emission to air/unspecified,kg,elementary,,,
1388,false,a58d5976-a8cb-4925-9bbe-38f27d1b2388,"Metals, unspecified",Elementary flows/Emission to air/unspecified,kg,elementary,,,
1389,true,3cc6b9e3-fda3-4712-b5b2-df07b0b996f3,"Occupation, sealed soil",Elementary flows/Resource/land,m2*a,elementary,,,
1390,false,09db39be-d9a6-4fc3-8d25-1f80b23e9131,"1,4-Butanediol",Elementary flows/Emission to air/unspecified,kg,elementary,,,
1391,false,0650f48f-c6c9-44ae-ac49-c3bae05220c3,Ethylene diamine,Elementary flows/Emission to water/unspecified,kg,elementary,,,
1392,false,47bee45d-6d2b-48a6-a0c8-fcb8debc7f5d,Isobutanol,Elementary flows/Emission to air/unspecified,kg,elementary,,,
1393,false,9d9246d4-0ce3-4b47-8491-cf62e562ad38,Caesium-134,Elementary flows/Emission to water/unspecified,kBq,elementary,,,
1394,false,90f722bf-cb9b-571a-88fc-34286632bdc4,Ethylene,Elementary flows/Emission to air/unspecified,kg,elementary,,,
1395,false,86bd068b-06b4-4a9e-8b9f-86f6691a094d,"hexachloro-1,3-butadiene",Elementary flows/Emission to water/unspecified,kg,elementary,,,
1396,false,be13179a-7e8b-57f8-9852-137ce88a1525,Methylamine,Elementary flows/Emission to air/unspecified,kg,elementary,,,
1397,false,3ef6e30a-9742-48c8-adcd-48e38148004c,Plutonium-alpha,Elementary flows/Emission to air/unspecified,kBq,elementary,,,
1398,false,432a3326-73f8-4752-bc4d-06b7b4b1243c,Dichloromethane,Elementary flows/Emission to air/unspecified,kg,elementary,,,
1399,true,c0143eba-3daf-44ad-8d34-6e1d34128ace,"Transformation, from agriculture",Elementary flows/Resource/land,m2,elementary,,,
1400,false,d3f5d0b9-0155-4800-9dbb-b0583948c8c6,Ethanol,Elementary flows/Emission to air/unspecified,kg,elementary,,,
1401,false,3d5051b0-08d6-40ef-8d0c-de90edb39c39,Chloroform,Elementary flows/Emission to water/unspecified,kg,elementary,,,
1402,false,66a169f2-82a9-446c-9daf-df444f2476c6,"Benzene, hexachloro-",Elementary flows/Emission to water/unspecified,kg,elementary,,,
1403,false,8a3a44e4-e2f1-476d-9e9e-a90fda263fe3,"1,2-Dichloro-1,1,2,2-tetrafluoroethane",Elementary flows/Emission to air/unspecified,kg,elementary,,,
1404,true,10e7a3bc-9edc-322b-b3eb-0ca651428c2c,"Water, unspecified natural origin, RER",Elementary flows/Resource/in water,m3,elementary,,,
1405,false,4a838a42-fa78-4b0a-92f9-588a3660809b,Cobalt-58,Elementary flows/Emission to water/unspecified,kBq,elementary,,,
1406,false,99c65c6a-6871-40ba-af79-5bd6851688e4,Sulfuric acid,Elementary flows/Emission to air/unspecified,kg,elementary,,,
1407,false,63e7d74d-8549-11e0-9d78-0800200c9a66,"Hydrocarbons, unspecified",Elementary flows/Emission to air/unspecified,kg,elementary,,,
1408,false,cfdbc576-e8dc-44ef-bdf2-ddd7009ce57e,m-Xylene,Elementary flows/Emission to air/unspecified,kg,elementary,,,
1409,false,10d26189-a688-4859-8aa9-525e058a07f0,Benzaldehyde,Elementary flows/Emission to air/unspecified,kg,elementary,,,
1410,true,cf791833-26bc-5207-a9bd-6ddcd8ac7625,Samarium,Elementary flows/Resource/in ground,kg,elementary,,,
1411,false,a028e2af-de2b-4e29-9d6b-a56d6a50f10f,"VOC, volatile organic compounds, unspecified origin",Elementary flows/Emission to air/unspecified,kg,elementary,,,
1412,false,ab4a11c8-14f8-40f1-8c4e-888347bb2546,Cobalt-60,Elementary flows/Emission to air/unspecified,kBq,elementary,,,
1413,false,42d33bc4-cdea-4b1d-896c-090e792183be,Hydrogen sulfide,Elementary flows/Emission to water/unspecified,kg,elementary,,,
1414,false,75c80de0-a0fa-45e2-9f7b-f6fa4e4431e1,Dichloromethane,Elementary flows/Emission to water/unspecified,kg,elementary,,,
1415,false,63e7892e-8549-11e0-9d78-0800200c9a66,Benzo(a)pyrene,Elementary flows/Emission to water/unspecified,kg,elementary,,,
1416,false,878e2773-1894-46c9-8fff-e19ba327f680,Nitric acid,Elementary flows/Emission to water/unspecified,kg,elementary,,,
1417,false,dcca27fa-7675-421b-89cf-7076715e11ed,"Benzene, pentachloro-",Elementary flows/Emission to water/unspecified,kg,elementary,,,
1418,false,595f08d9-6304-497e-bb7d-48b6d2d8bff3,Uranium,Elementary flows/Emission to air/unspecified,kg,elementary,,,
1419,false,dcfe0815-6fa3-4e1d-a55e-155b29904f1d,Nitrogen,Elementary flows/Emission to water/unspecified,kg,elementary,,,
1420,false,78ef06c6-9fd3-4237-b077-48c932547412,"Solids, inorganic",Elementary flows/Emission to water/ocean,kg,elementary,,,
1421,true,28e5f69f-7b2e-4e31-9725-d407b2964b3f,"Transformation, to agriculture",Elementary flows/Resource/land,m2,elementary,,,
1422,false,252c2e43-c6e3-3010-b045-72aa0e172abb,Particulates,Elementary flows/Emission to air/unspecified,kg,elementary,,,
1423,true,bb7aa805-00c6-416a-9e93-4ee7b33671da,"Energy, from coal",Elementary flows/Resource/in ground,MJ,elementary,,,
1424,false,22043b06-1981-45a5-bfbb-20ae6f253191,Tritium,Elementary flows/Emission to air/unspecified,kBq,elementary,,,
1425,true,97e0b4de-c073-3058-9255-ca02259635a9,"Water, river, RER",Elementary flows/Resource/in water,m3,elementary,,,
1426,false,1e6fcd59-42a2-363c-875c-fbed481088f7,Tributylstannane,Elementary flows/Emission to water/unspecified,kg,elementary,,,
1427,false,4877b7b5-0ac1-47f7-96bd-677179544c9f,Methyl formate,Elementary flows/Emission to air/unspecified,kg,elementary,,,
1428,true,ed65c408-2351-4f62-8430-dcd2f62ab70e,Uranium,Elementary flows/Resource/unspecified,kg,elementary,,,
1429,false,51e99a55-bcdb-4d18-9484-6de4b142e09d,Trichlorofluoromethane,Elementary flows/Emission to air/unspecified,kg,elementary,,,
1430,false,d3709c7e-7c61-45a4-92e4-f7cf95ebe3a2,Methyl ethyl ketone,Elementary flows/Emission to air/unspecified,kg,elementary,,,
1431,false,9a366c85-61a0-48bd-8af0-a2a96b327bc1,Carbon tetrachloride,Elementary flows/Emission to water/unspecified,kg,elementary,,,
1432,false,106689fa-52d8-4f7d-aa5b-920122aaf1aa,Iodine-129,Elementary flows/Emission to air/unspecified,kBq,elementary,,,
1433,false,eedd7e43-c79d-43c7-8643-245686e47dba,"1,2-Dichlorobenzene",Elementary flows/Emission to water/unspecified,kg,elementary,,,
1434,false,f7eca11f-546f-4712-ad80-724254685596,Mercury II,Elementary flows/Emission to soil/unspecified,kg,elementary,,,
1435,true,f55e2203-ef91-50bf-8f5a-119bb210522c,Gadolinium,Elementary flows/Resource/in ground,kg,elementary,,,
1436,false,75f395bf-351b-4d95-9c9b-fdce145ae403,Sulfur,Elementary flows/Emission to air/unspecified,kg,elementary,,,
1437,false,18c582fe-7336-4138-8797-2db8b7a754c7,Chlorodifluoromethane,Elementary flows/Emission to air/unspecified,kg,elementary,,,
1438,false,38d0827f-25eb-311d-bd7f-9dcf17401b5c,"Water, RER",Elementary flows/Emission to water/unspecified,m3,elementary,,,
1439,false,c4503380-1045-4670-a7da-fe5dcce56699,Propylene oxide,Elementary flows/Emission to air/unspecified,kg,elementary,,,
1440,false,8e037b16-1a38-4220-996e-9f11e89ff194,Ethylene oxide,Elementary flows/Emission to water/unspecified,kg,elementary,,,
1441,false,02f47487-8da6-433a-91d8-fc0650e53fc4,Sodium chloride,Elementary flows/Emission to air/unspecified,kg,elementary,,,
1442,false,506fe866-1081-4152-a19d-b50825f99d83,Bromate,Elementary flows/Emission to water/unspecified,kg,elementary,,,
1443,false,8af1b210-ae85-4b60-9644-d5d180075037,Sulfide,Elementary flows/Emission to water/unspecified,kg,elementary,,,
1444,true,a2b40a28-3aa6-470d-a3fd-994cd18c0371,Sodium chloride,Elementary flows/Resource/in water,kg,elementary,,,
1445,false,7dd10f03-00ef-483e-88c7-ba23e5330316,Sodium hydroxide,Elementary flows/Emission to air/unspecified,kg,elementary,,,
1446,false,9f550c00-0f0f-45e7-a29c-a450752d4c7a,Monoethanolamine,Elementary flows/Emission to air/unspecified,kg,elementary,,,
1447,false,beb69352-568e-4a33-b9d4-3b5bfafc85bd,t-Butyl methyl ether,Elementary flows/Emission to air/unspecified,kg,elementary,,,
1448,false,a57bf693-7ffa-409d-919c-c806e34a4c67,Sodium dichromate,Elementary flows/Emission to air/unspecified,kg,elementary,,,
1449,false,43398c2a-4ceb-4c7f-8ffc-37d2b78e22a3,Dimethylamine,Elementary flows/Emission to water/unspecified,kg,elementary,,,
1450,false,5011a495-2f22-3cfd-ac96-85b74c2ad089,"2-Butene, 2-methyl-",Elementary flows/Emission to air/unspecified,kg,elementary,,,
1451,false,4f2051b8-22e6-4592-8803-1e984f8fa61b,Caesium-134,Elementary flows/Emission to air/unspecified,kBq,elementary,,,
1452,false,18ea247b-edc2-43fe-89bd-cedd04102bcc,Methylchloride,Elementary flows/Emission to air/unspecified,kg,elementary,,,
1453,false,4b51a9d0-4100-49c1-8d47-ec47eb51c58a,Acetaldehyde,Elementary flows/Emission to water/unspecified,kg,elementary,,,
1454,false,deb80fa5-4d0a-427e-9526-443f88d17b53,Ethylene dichloride,Elementary flows/Emission to water/unspecified,kg,elementary,,,
1455,false,615b1460-6860-4cf6-8678-ad92c03c5e8b,Copper ion,Elementary flows/Emission to water/unspecified,kg,elementary,,,
1456,false,48fececf-9b55-408d-9782-72057c79effe,Propylene oxide,Elementary flows/Emission to water/unspecified,kg,elementary,,,
1457,false,5e7cf95c-9cc3-4479-89af-55377b3db99c,Nitrate,Elementary flows/Emission to air/unspecified,kg,elementary,,,
1458,false,cec6e39b-700c-432f-8c80-4840b0ddc92e,Pentachlorophenol,Elementary flows/Emission to air/unspecified,kg,elementary,,,
1459,true,3d73ec21-de4d-5b68-b504-4ef59e15bd0e,Europium,Elementary flows/Resource/in ground,kg,elementary,,,
1460,false,63e7892d-8549-11e0-9d78-0800200c9a66,"Benzene, chloro-",Elementary flows/Emission to air/unspecified,kg,elementary,,,
1461,true,da721fc3-20be-49ac-bcbd-f0dd602bb98b,Neodymium,Elementary flows/Resource/in ground,kg,elementary,,,
1462,false,96bec6ea-fd71-48a1-ae8b-87a7b818eb77,Terpenes,Elementary flows/Emission to air/unspecified,kg,elementary,,,
1463,false,777160e1-99a9-4a03-b189-8c1af57ee560,Iodine-129,Elementary flows/Emission to water/unspecified,kBq,elementary,,,
1464,false,2d1bfd75-8b64-3f96-83d7-2dd01fd72a31,Uranium,Elementary flows/Emission to water/unspecified,kg,elementary,,,
1465,true,7045c96d-7cef-33cf-8f3d-cf7198b6faab,"Energy, from coal, brown",Elementary flows/Resource/in ground,MJ,elementary,,,
1466,true,68ee3cd2-e897-3388-b259-38ece38752f2,"Water, process, unspecified natural origin/m3",Elementary flows/Resource/in water,m3,elementary,,,
1467,false,60268f3d-468b-487e-acb1-24d7250cb6b3,"2-Chloro-1,1,1,2-tetrafluoroethane",Elementary flows/Emission to air/unspecified,kg,elementary,,,
1468,false,ee31ac2a-9336-4ed6-8077-9663003bc2f9,Bromochlorodifluoromethane,Elementary flows/Emission to air/unspecified,kg,elementary,,,
1469,false,7ae371aa-8532-11e0-9d78-0800200c9a66,Carbon dioxide,Elementary flows/Emission to air/unspecified,kg,elementary,,,
1470,true,8bc09c04-2190-4ee2-9ee2-ae988ccd4e0c,"Energy, geothermal, converted",Elementary flows/Resource/in ground,MJ,elementary,,,
1471,false,3d0a3864-350f-4aaa-aff4-52f24808dc26,Polychlorinated biphenyls,Elementary flows/Emission to water/unspecified,kg,elementary,,,
1472,false,fa442f6a-4fc6-4c57-942b-c84c6c41c8b4,Trimethylchlorosilane,Elementary flows/Emission to air/unspecified,kg,elementary,,,
1473,false,4d466648-95dd-4866-97ad-6008746d32ab,Uranium-235,Elementary flows/Emission to water/unspecified,kBq,elementary,,,
1474,false,3d59d864-b6c3-4315-ab21-2c2ba2119ad1,t-Butyl methyl ether,Elementary flows/Emission to water/unspecified,kg,elementary,,,
1475,false,7b87ce50-ede0-40fa-a3ee-5f72553af0e7,Caesium-137,Elementary flows/Emission to air/unspecified,kBq,elementary,,,
1476,false,70d0e8c8-8c46-4eee-ad05-92f05e8f129e,Cobalt-58,Elementary flows/Emission to air/unspecified,kBq,elementary,,,
1477,false,c18f9e43-e4ad-4b3a-8ed8-638fe8015425,Carbon-14,Elementary flows/Emission to water/unspecified,kBq,elementary,,,
1478,false,2d019079-e635-49ae-9267-2f61e121acdf,Sodium chloride,Elementary flows/Emission to water/unspecified,kg,elementary,,,
1479,false,f43d0aea-fb0d-4dff-a86f-b0855772059f,"1,1,2,2-Tetrachloroethane",Elementary flows/Emission to water/unspecified,kg,elementary,,,
1480,false,183aa819-941d-48b4-9d47-7e725d1813bb,Nitrobenzene,Elementary flows/Emission to water/unspecified,kg,elementary,,,
1481,true,1aee4aa7-32e0-48e7-a6b5-73d8acf672d3,"Copper, 0.52% in sulfide, Cu 0.27% and Mo 8.2E-3% in crude ore",Elementary flows/Resource/in ground,kg,elementary,,,
1482,false,bfc66f26-0b11-4e6e-9e8c-2bfde24dc23c,Carbon-14,Elementary flows/Emission to air/unspecified,kBq,elementary,,,
1483,false,6a9ef0ac-2a82-492b-90f7-7f8d09995bbc,Pentachlorobenzene,Elementary flows/Emission to air/unspecified,kg,elementary,,,
1484,true,35da65ff-7287-571d-b859-13d398ac5182,Praseodymium,Elementary flows/Resource/in ground,kg,elementary,,,
1485,false,91f6386a-af2e-4bbb-a05c-62e4483b1bcf,Butene,Elementary flows/Emission to air/unspecified,kg,elementary,,,
1486,false,e8641a14-fd07-4090-8daf-2cce2a557a81,Chlorine,Elementary flows/Emission to water/unspecified,kg,elementary,,,
1487,false,08151735-9d1b-4b1c-a8b1-f341ade54f2f,Calcium II,Elementary flows/Emission to water/unspecified,kg,elementary,,,
1488,false,024e919d-91ee-47c7-9f0b-ebe851cc61fb,Chlorate,Elementary flows/Emission to water/unspecified,kg,elementary,,,
1489,false,895fa803-ad56-4b1d-a37b-23a9135ce26a,Phenanthrene,Elementary flows/Emission to air/unspecified,kg,elementary,,,
1490,false,729eac4f-0339-4d0f-8956-a71ebe20a527,Manganese-54,Elementary flows/Emission to water/unspecified,kBq,elementary,,,
1491,false,88ef28f1-cfd5-44a0-ac34-01acf2db84a0,Ethyl benzene,Elementary flows/Emission to air/unspecified,kg,elementary,,,
1492,false,c6379349-6cf0-54c9-8bfe-2ec812501fda,Tellurium,Elementary flows/Emission to air/unspecified,kg,elementary,,,
1493,false,479edec6-763c-49fc-83f8-49780f08cf29,Isopropanol,Elementary flows/Emission to air/unspecified,kg,elementary,,,
1494,false,22d1736f-baa9-481e-9583-42654a6a7c26,Thorium-230,Elementary flows/Emission to air/unspecified,kBq,elementary,,,
1495,false,f3d5fd96-8805-4d3d-867a-5df27975b07f,Acetone,Elementary flows/Emission to air/unspecified,kg,elementary,,,
1496,false,2603c027-933c-3012-9344-6d22311f2ad6,"BTEX (Benzene, Toluene, Ethylbenzene, and Xylene), unspecified ratio",Elementary flows/Emission to water/unspecified,kg,elementary,,,
1497,false,314d7cdc-1a84-48bc-97f5-ad8ed323bfab,Naphthalene,Elementary flows/Emission to air/unspecified,kg,elementary,,,
1498,false,bd601c88-f05e-436a-b4ab-5b3d4fb29882,Americium-241,Elementary flows/Emission to water/unspecified,kBq,elementary,,,
1499,false,3be7ab07-a4fd-4d32-a31f-134d2c5b5143,Nitrobenzene,Elementary flows/Emission to air/unspecified,kg,elementary,,,
1500,false,63e8256b-8549-11e0-9d78-0800200c9a66,"TOC, Total Organic Carbon",Elementary flows/Emission to air/unspecified,kg,elementary,,,
1501,false,f3a3227c-39f4-4383-8007-8b3b0c33467a,Ethylene,Elementary flows/Emission to water/unspecified,kg,elementary,,,
1502,false,1869fd74-ed68-4814-9596-12315b1e810d,Uranium-234,Elementary flows/Emission to water/unspecified,kBq,elementary,,,
1503,true,f2ce99d9-8d07-35d6-9b95-b65043c38a1f,"Water, well, RER",Elementary flows/Resource/in ground,m3,elementary,,,
1504,false,63e76212-8549-11e0-9d78-0800200c9a66,Acenaphthylene,Elementary flows/Emission to air/unspecified,kg,elementary,,,
1505,false,8653eab9-c010-4d0b-ae9f-71694cb5291f,Krypton-85,Elementary flows/Emission to air/unspecified,kBq,elementary,,,
1506,false,71d27d29-04f2-421a-981f-5c5c2b00486f,Uranium-238,Elementary flows/Emission to water/unspecified,kBq,elementary,,,
1507,false,e5ba3517-a93f-422e-9ce2-f1007fcf6c06,Trifluoromethane,Elementary flows/Emission to air/unspecified,kg,elementary,,,
1508,false,bf112355-f868-42b8-8f39-6f2901cc38b9,Uranium-234,Elementary flows/Emission to air/unspecified,kBq,elementary,,,
1509,false,b9a9b2ad-5db3-47aa-81de-3a48ae9ad4ec,Butanol,Elementary flows/Emission to air/unspecified,kg,elementary,,,
1510,false,1ec6c4b4-ee5f-4788-8683-c95a84d6d63c,Heptane,Elementary flows/Emission to air/unspecified,kg,elementary,,,
1511,false,79744e20-ead1-4efe-8854-78145fd72aaf,Chlorine dioxide,Elementary flows/Emission to air/unspecified,kg,elementary,,,
1512,true,6c914058-b15a-396f-b942-1d65f97a1d16,"Water, well, RER",Elementary flows/Resource/in water,m3,elementary,,,
1513,false,f29a1f6e-0c76-4074-ba64-dcb724b2de9c,Platinum,Elementary flows/Emission to air/unspecified,kg,elementary,,,
1514,false,d3f2bf47-65db-4bc7-8334-eb5107e7585a,Vinyl chloride,Elementary flows/Emission to water/unspecified,kg,elementary,,,
1515,false,bf85f43a-88dc-4ff1-8b9b-479c5fc1625c,dimethyl formamide,Elementary flows/Emission to air/unspecified,kg,elementary,,,
1516,false,630a48ab-c9f7-4bf0-9efd-9f865934c2c8,"Radioactive species, other beta emitters",Elementary flows/Emission to air/unspecified,kBq,elementary,,,
1517,false,faca26d7-b953-4dd6-94a9-7b8975452e1c,Acrylic acid,Elementary flows/Emission to air/unspecified,kg,elementary,,,
1518,false,8b0a4a41-c65c-4d94-b10c-94ddb98abdd2,Phosphorus,Elementary flows/Emission to soil/unspecified,kg,elementary,,,
1519,false,31c006e5-aaa6-36ae-a898-aa9aae7bd69b,"Phenol, 4-chloro-",Elementary flows/Emission to air/unspecified,kg,elementary,,,
1520,false,397c6564-d1c4-41f5-a4ff-4832874f397f,Ethylene diamine,Elementary flows/Emission to air/unspecified,kg,elementary,,,
1521,false,f21b8022-f20d-4752-8cd6-728f56cf9c43,"PAH, polycyclic aromatic hydrocarbons",Elementary flows/Emission to water/unspecified,kg,elementary,,,
1522,false,49a41a2d-2f1c-463f-b844-eda304d847b3,"Radioactive species, unspecified",Elementary flows/Emission to air/unspecified,kBq,elementary,,,
1523,false,17ae628d-e769-4aa3-a20e-9f9bad222bf2,Butyrolactone,Elementary flows/Emission to air/unspecified,kg,elementary,,,
1524,false,ff45a199-18e0-4777-886b-e2d0422d2f82,Acetonitrile,Elementary flows/Emission to air/unspecified,kg,elementary,,,
1525,false,4ac2ffc3-312e-4e2d-88c4-2630d4a73d8c,Bromotrifluoromethane,Elementary flows/Emission to air/unspecified,kg,elementary,,,
1526,false,fe85df5c-5587-4a5f-a33b-c6e2b240e238,Xenon-133,Elementary flows/Emission to air/unspecified,kBq,elementary,,,
1527,false,63e7b042-8549-11e0-9d78-0800200c9a66,"Dioxins, measured as 2,3,7,8-tetrachlorodibenzo-p-dioxin",Elementary flows/Emission to water/unspecified,kg,elementary,,,
1528,false,8d8e393e-39c4-44e1-b424-8eeefcd33560,Cobalt-60,Elementary flows/Emission to water/unspecified,kBq,elementary,,,
1529,false,971246f7-14d9-4ad5-98da-fc147dd8800f,Trimethyl borate,Elementary flows/Emission to air/unspecified,kg,elementary,,,
1530,false,cacfd448-6c2d-4061-9363-fd506b979f25,"1,1,2-Trichloro-1,2,2-trifluoroethane",Elementary flows/Emission to air/unspecified,kg,elementary,,,
1531,false,5c9ec415-12f1-4390-bcff-3ff0fcd7ba73,"Hydrocarbons, aliphatic, alkanes, cyclic",Elementary flows/Emission to air/unspecified,kg,elementary,,,
1532,false,de444dc0-5964-4501-8367-50ba53bfc6b9,Iron ion,Elementary flows/Emission to water/unspecified,kg,elementary,,,
1533,true,4057f8b4-f20a-59c9-9bb7-fdeaf5ad106d,Cerium,Elementary flows/Resource/in ground,kg,elementary,,,
1534,false,dface97f-f556-3e56-bc75-0ef54d0207a5,"Water, AU",Elementary flows/Emission to water/unspecified,m3,elementary,,,
1535,true,f89ef148-c13f-36a1-ac83-e4c049a15e63,"Water, unspecified natural origin, AU",Elementary flows/Resource/in water,m3,elementary,,,
1536,false,b978d369-ac8b-4c1e-b010-d0e0406733d9,Carbon black,Elementary flows/Emission to air/unspecified,kg,elementary,,,
1537,false,2355612a-480c-3491-9353-08dc2d657bbc,"Water, CN",Elementary flows/Emission to air/unspecified,kg,elementary,,,
1538,false,c0643eed-f3d6-3711-9e93-7c9293b8db2d,"Water, US",Elementary flows/Emission to air/unspecified,kg,elementary,,,
1539,false,56b25731-7e29-3ae1-8267-7012d463c9af,"Water, ZA",Elementary flows/Emission to air/unspecified,kg,elementary,,,
1540,true,ba90dc06-1007-3bd8-b349-ab1a28c6c881,"Water, unspecified natural origin, IQ",Elementary flows/Resource/in water,m3,elementary,,,
1541,false,66304489-1272-3773-a33f-25976edfd3ae,"Water, IQ",Elementary flows/Emission to water/unspecified,m3,elementary,,,
1542,false,638e1d01-db69-39c9-b486-57cfdc5b4f83,Fluoride,Elementary flows/Emission to air/high population density,kg,elementary,,,
1543,false,6ec88fe5-7d5f-32e0-9ece-6e1c322315fe,"Water, AZ",Elementary flows/Emission to water/unspecified,m3,elementary,,,
1544,true,ef107e3a-d7e5-3e7a-b87d-36f38d602918,"Water, unspecified natural origin, AZ",Elementary flows/Resource/in water,m3,elementary,,,
1545,false,74fc15d0-0edc-3ff6-8532-f484bf7ac361,"Water, OECD",Elementary flows/Emission to air/unspecified,kg,elementary,,,
1546,false,e50d7a5a-6b25-39a4-8e1b-8d45c04162a3,"Water, BR",Elementary flows/Emission to water/unspecified,m3,elementary,,,
1547,true,ab92ef07-03ba-3f2c-8568-0805e78fad4d,"Water, unspecified natural origin, BR",Elementary flows/Resource/in water,m3,elementary,,,
1548,false,fc29eb5e-0162-3f77-8838-b238d3b4cea2,"Water, KR",Elementary flows/Emission to air/unspecified,kg,elementary,,,
1549,false,04abe114-7939-4935-9281-49e5d89cc1bc,"Hydrocarbons, aromatic",Elementary flows/Emission to water/unspecified,kg,elementary,,,
1550,false,d439867e-7ef9-41aa-91e2-de8a922f9158,Diethylene glycol,Elementary flows/Emission to air/high population density,kg,elementary,,,
1551,false,2a1c80de-a083-470b-80dd-ba11a5aeea8c,Tetramethyl ammonium hydroxide,Elementary flows/Emission to air/high population density,kg,elementary,,,
1552,false,c8e5538f-17a1-4f62-aa64-39a91adb5cd3,"1,1,1-Trichloroethane",Elementary flows/Emission to water/unspecified,kg,elementary,,,
1553,false,5d0058e0-ad1b-4c15-b0ff-a665bb04154f,Phosphoric acid,Elementary flows/Emission to air/high population density,kg,elementary,,,
1554,false,ba317646-ea99-4060-838f-7933b10f0033,Sodium tetrahydridoborate,Elementary flows/Emission to air/high population density,kg,elementary,,,
1555,false,d03809fd-dae9-4771-aec0-934a40bbb7e5,Boric acid,Elementary flows/Emission to air/high population density,kg,elementary,,,
1556,false,1fdc280a-34d3-4513-b110-3f526b17c443,Nitrogen fluoride,Elementary flows/Emission to air/high population density,kg,elementary,,,
1557,false,856c9aa2-c20c-49a8-9417-c71bdb5f17b0,Sulfur hexafluoride,Elementary flows/Emission to air/high population density,kg,elementary,,,
1558,true,5e3d5bc8-94b1-4760-bd8b-9af74cfefdef,"Organic carbon, placed in landfill",Elementary flows/Resource/in ground,kg,elementary,,,
1559,true,f047cc2a-484b-4aef-8093-ca06853211d2,"Waste mass, total, placed in landfill",Elementary flows/Resource/in ground,kg,elementary,,,
1560,false,d168ac51-3eb7-4944-8795-89f21c12c040,Selenium IV,Elementary flows/Emission to water/lake,kg,elementary,,,
1561,false,febc1fab-a121-3f4d-901b-075a6e93f3ef,Sodium,Elementary flows/Emission to water/lake,kg,elementary,,,
1562,false,773cd2d2-5997-3fb4-b8f4-ab9e6e76106a,Sulfate,Elementary flows/Emission to water/lake,kg,elementary,,,
1563,false,59e8b3a7-3862-4388-905a-73b35b93c6d4,Ammonium,Elementary flows/Emission to water/lake,kg,elementary,,,
1564,false,1fc92346-b546-4eb4-9f2f-3f000c9b4ce6,Thorium-230,Elementary flows/Emission to water/lake,kBq,elementary,,,
1565,false,294ad94c-c306-3405-85fc-2c813981af70,Chloride,Elementary flows/Emission to water/lake,kg,elementary,,,
1566,false,e14e7084-544e-4898-b6e9-79c10ae82f7d,Manganese II,Elementary flows/Emission to water/lake,kg,elementary,,,
1567,false,521a04ff-177c-457a-9285-bbb6005b3135,Barium II,Elementary flows/Emission to water/lake,kg,elementary,,,
1568,false,142907e3-8285-4fd6-bef8-8101cb43e147,Molybdenum VI,Elementary flows/Emission to water/lake,kg,elementary,,,
1569,false,51e2e882-ac35-334a-9864-79ade644a8f1,"Suspended solids, unspecified",Elementary flows/Emission to water/lake,kg,elementary,,,
1570,false,cab6be7d-d237-4464-87a3-eef17c46d8f3,Radium-226,Elementary flows/Emission to water/lake,kBq,elementary,,,
1571,false,2ccfa703-d0fe-4d27-9220-ba5ef2e97c6e,Nitrate,Elementary flows/Emission to water/lake,kg,elementary,,,
1572,false,306f6179-2458-44a3-ab63-c0f9fdfe669c,Uranium alpha,Elementary flows/Emission to water/lake,kBq,elementary,,,
1573,false,645687e9-58d1-36bf-a28c-9fe0735146c5,Vanadium V,Elementary flows/Emission to water/lake,kg,elementary,,,
1574,false,3640ef93-b2d0-32ad-8f4a-cfc6f4ab3d84,Iron ion,Elementary flows/Emission to water/lake,kg,elementary,,,
1575,false,4d14c41d-82eb-33ee-a833-5c1e38e6be6f,Magnesium,Elementary flows/Emission to water/lake,kg,elementary,,,
1576,false,c3847064-fe28-4a8a-9ff1-d959b58c836c,Aluminium III,Elementary flows/Emission to water/lake,kg,elementary,,,
1577,false,5605d4e9-f2b7-3cc9-9cf5-c3219e678ad8,"Suspended solids, unspecified",Elementary flows/Emission to water/fossil-,kg,elementary,,,
1578,false,08a91e70-3ddc-11dd-9993-0050c2490048,Tin ion,Elementary flows/Emission to water/ocean,kg,elementary,,,
1579,true,7c0da4f3-d0f3-33c2-b2ae-1da5f9954dda,"Water, unspecified natural origin/m3",Elementary flows/Resource/unspecified,m3,elementary,,,
1580,false,81b3321a-c9d8-4104-a974-5460f1bc5029,Chromium VI,Elementary flows/Emission to water/ocean,kg,elementary,,,
1581,true,45e60c3e-a8ac-3d36-a6d2-ef0e4dc1f160,"Occupation, forest, unspecified",Elementary flows/Resource/unspecified,m2*a,elementary,,,
1582,false,e0a1cf01-4d3a-3333-bb55-33dafa357fd3,"Noise, aircraft, passenger",Elementary flows/Immaterial emission/unspecified,p*km,elementary,,,
1583,false,85a764f2-a810-4b20-bc86-a45604262fda,Tin ion,Elementary flows/Emission to soil/unspecified,kg,elementary,,,
1584,false,c377b25d-c52c-4b0f-aa2a-8c51ff1dab31,"Heat, waste","Elementary flows/Emission to air/low population density, long-term",MJ,elementary,,,
1585,false,963be8ca-e43d-4f8d-a97b-d8982035ffbc,Propanal,Elementary flows/Emission to air/low population density,kg,elementary,,,
1586,false,07279b73-709f-4ac2-a9e1-82fbd01ce301,Polychlorinated biphenyls,Elementary flows/Emission to air/low population density,kg,elementary,,,
1587,false,a028cff8-e405-4d44-8322-f46e9e51bcdc,Hexachlorobenzene,Elementary flows/Emission to air/low population density,kg,elementary,,,
1588,false,a703733d-fabc-487b-826a-06c11ac4c0c6,"Nitrogen, organic bound",Elementary flows/Emission to water/unspecified,kg,elementary,,,
1589,true,121b0f77-c14f-393e-8b68-30b46e1a426c,"Water, cooling, unspecified natural origin, CN",Elementary flows/Resource/in water,m3,elementary,,,
1590,true,99336b94-8bae-43b2-ba46-11a957a1e9d8,"Water, unspecified natural origin, LY",Elementary flows/Resource/in water,m3,elementary,,,
1591,false,9ab7aa5d-9812-3706-9452-735d4f5c7895,"Water, LY",Elementary flows/Emission to water/unspecified,m3,elementary,,,
1592,true,7b492692-f5e0-393c-9e58-0374b38ae9c5,"Water, cooling, unspecified natural origin, KR",Elementary flows/Resource/in water,m3,elementary,,,
1593,false,fc0b5c85-3b49-42c2-a3fd-db7e57b696e3,"COD, Chemical Oxygen Demand",Elementary flows/Emission to water/surface water,kg,elementary,,,
1594,true,28182006-69ba-388d-9289-00d649518c9d,"Water, process, unspecified natural origin/m3",Elementary flows/Resource/unspecified,m3,elementary,,,
1595,false,82e79c0e-da25-3712-b4c9-b5227131791e,"Water, DE",Elementary flows/Emission to water/unspecified,m3,elementary,,,
1596,true,af44fff2-0c47-3785-b610-c950776f117a,"Water, unspecified natural origin, DE",Elementary flows/Resource/in water,m3,elementary,,,
1597,false,5a83df2b-833b-4b65-b665-7f657f02b20d,Copper (+II),Elementary flows/Emission to water/fresh water,kg,elementary,,,
1598,false,89951b1a-9b6b-4bc7-82fc-6fc263e91936,Diethyl ether,Elementary flows/Emission to air/high population density,kg,elementary,,,
1599,true,e9649289-4111-3ec4-80fd-770952c30c49,"Water, unspecified natural origin, PL",Elementary flows/Resource/in water,m3,elementary,,,
1600,false,a6f7af6d-5d03-37c3-92c1-3c7ec700b2e8,"Water, PL",Elementary flows/Emission to water/unspecified,m3,elementary,,,
1601,false,5ba1bf90-fa3f-388b-b65b-7427c8fe6863,"Water, IT",Elementary flows/Emission to air/unspecified,kg,elementary,,,
1602,false,0d916b8a-9859-3e91-8b54-5d77f122bab2,"Water, ES",Elementary flows/Emission to air/unspecified,kg,elementary,,,
1603,false,9c1f8a7f-d905-3c60-8ac1-5592b3db48be,Molybdenum VI,Elementary flows/Emission to soil/industrial,kg,elementary,,,
1604,false,1a5850a0-0069-4b73-bb91-7a61e8d45ae5,Vanadium V,Elementary flows/Emission to soil/industrial,kg,elementary,,,
1605,false,ca5d5ccf-1a8e-48b9-a596-09561a101c39,"Chlorosilane, trimethyl-",Elementary flows/Emission to soil/unspecified,kg,elementary,,,
1606,false,8214318f-ace1-41c4-96b2-5bd0729d071a,o-Xylene,Elementary flows/Emission to water/fresh water,kg,elementary,,,
1607,false,88be8e1b-1bdc-46e1-9856-187a95b3d872,Isobutanol,"Elementary flows/Emission to air/low population density, long-term",kg,elementary,,,
1608,false,4e23d775-13a1-4925-9f23-07c37bb1045d,Tributyltin oxide,Elementary flows/Emission to water/fresh water,kg,elementary,,,
1609,false,fed18945-b0e0-47a4-8fa0-6bc99c3c512a,Polychlorinated biphenyls,Elementary flows/Emission to water/unspecified,kg,elementary,,,
1610,true,2f033407-6060-4e1e-868c-9f362d10fdb2,Titanium,Elementary flows/Resource/in ground,kg,elementary,,,
1611,false,83fa5f74-baa4-46d3-a8b4-ada4379b70a3,Cobalt-60,Elementary flows/Emission to water/ocean,kBq,elementary,,,
1612,false,edc1501b-649b-4e60-9c00-c02e3aeb9d3a,"hexachloro-1,3-butadiene",Elementary flows/Emission to water/river,kg,elementary,,,
1613,false,5e09ac47-20a5-46d5-a360-60586cf30478,Caesium-134,Elementary flows/Emission to water/ocean,kBq,elementary,,,
1614,false,a72a45ee-395a-4d25-b893-9d183e43e76e,Nickel II,Elementary flows/Emission to soil/industrial,kg,elementary,,,
1615,false,18d7c24e-19d0-4dc3-b042-7ed7be199b52,Benzo(a)pyrene,Elementary flows/Emission to water/fresh water,kg,elementary,,,
1616,false,8b643480-8423-4eeb-a78c-d3b3ad9cd1a9,"1,1,2,2-Tetrachloroethane",Elementary flows/Emission to water/fresh water,kg,elementary,,,
1617,false,ac066c02-b403-407b-a1f0-b29ad0f8188f,Calcium II,Elementary flows/Emission to water/surface water,kg,elementary,,,
1618,false,90975fe0-331c-4125-8881-2a454ad79542,Carbon-14,Elementary flows/Emission to water/fresh water,kBq,elementary,,,
1619,false,d601cd0a-c599-42b7-8ea3-1fe741760e3d,Americium-241,Elementary flows/Emission to water/fresh water,kBq,elementary,,,
1620,false,e2128dc4-e065-4030-81b3-c978d7bc48ec,Mercury II,Elementary flows/Emission to soil/industrial,kg,elementary,,,
1621,false,bd70c699-1ea1-4bb1-b23d-bc771d7d6311,Methyl acetate,Elementary flows/Emission to air/unspecified,kg,elementary,,,
1622,false,4d93311d-5fc2-4f86-ab4f-b223ee9350e5,Carbon tetrachloride,Elementary flows/Emission to water/surface water,kg,elementary,,,
1623,false,381a22c9-3722-4378-810d-86958f7b6d32,Cobalt II,Elementary flows/Emission to soil/industrial,kg,elementary,,,
1624,false,83db4ab2-cdb5-4e0e-828b-42fe208b0f13,isobutane,Elementary flows/Emission to air/unspecified,kg,elementary,,,
1625,true,f54b7f8d-f473-495e-8fc4-637859ab6e3a,"Energy, geothermal, converted",Elementary flows/Resource/unspecified,MJ,elementary,,,
1626,true,0b062583-0e24-373c-beb5-e3e639619895,"Transformation, to agriculture, mosaic",Elementary flows/Resource/unspecified,m2,elementary,,,
1627,true,ac0aba5c-66ce-42c9-9f46-1e47ab7bc4b9,"Transformation, from forest, natural",Elementary flows/Resource/land,m2,elementary,,,
1628,false,2df2b703-0a67-4b0b-81c4-689f538ee667,"Benzene, hexachloro-",Elementary flows/Emission to water/fresh water,kg,elementary,,,
1629,true,a8e39acd-6e7f-4d43-973b-37e6b7c00037,"Transformation, from urban, continuously built",Elementary flows/Resource/land,m2,elementary,,,
1630,true,094ded20-e873-4338-8d81-b570a1d65acc,Boron,Elementary flows/Resource/in ground,kg,elementary,,,
1631,false,5774fff9-0440-43dc-b384-42e2ed28d76a,"Benzene, pentachloro-",Elementary flows/Emission to water/fresh water,kg,elementary,,,
1632,true,3b4db191-9634-4a01-a873-f3cb234785e4,"Occupation, urban, continuously built",Elementary flows/Resource/land,m2*a,elementary,,,
1633,false,792c0778-933d-3de4-b1a1-5d6d823b5b34,"Phenol, 2-chloro-",Elementary flows/Emission to air/unspecified,kg,elementary,,,
1634,false,bb7c7a83-0ea7-3487-a224-dbc8fd437e5b,"Dioxin, 2,3,7,8 Tetrachlorodibenzo-p-",Elementary flows/Emission to water/river,kg,elementary,,,
1635,true,9ef0643e-cbd1-4f70-9862-cbab9fa239eb,Sodium bromide,Elementary flows/Resource/in ground,kg,elementary,,,
1636,true,9e5823ad-9d9b-4b98-b627-e39611b6a8bd,Magnesium,Elementary flows/Resource/in ground,kg,elementary,,,
1637,false,2cb2333c-1599-46cf-8435-3dffce627524,"Carbon monoxide, non-fossil",Elementary flows/Emission to air/unspecified,kg,elementary,,,
1638,false,2a63690a-ff84-314b-b7b8-d34b6ff130bf,Cerium,Elementary flows/Emission to water/unspecified,kg,elementary,,,
1639,false,89721e33-60fa-4447-bfc6-2f27d44a7893,Cadmium II,Elementary flows/Emission to soil/industrial,kg,elementary,,,
1640,false,acea51a5-41e4-42ab-9912-f46287df3f50,Iodine-129,Elementary flows/Emission to water/fresh water,kBq,elementary,,,
1641,true,d3d3143a-93e0-346f-b750-7b8057c48b4c,"Energy, from uranium",Elementary flows/Resource/in ground,MJ,elementary,,,
1642,false,cf607101-9c02-4b71-9246-11ce75030e0d,Methyl borate,Elementary flows/Emission to soil/unspecified,kg,elementary,,,
1643,true,63cf5ffa-3b2c-3ab8-b726-0bab20804237,"Occupation, unspecified, used",Elementary flows/Resource/unspecified,m2*a,elementary,,,
1644,true,310b68ea-1ea1-385f-add3-b49c49ac7293,"Occupation, agriculture, mosaic",Elementary flows/Resource/unspecified,m2*a,elementary,,,
1645,true,66f25f1d-1898-4827-bcbb-ca82f15c4d02,"Transformation, to urban, continuously built",Elementary flows/Resource/land,m2,elementary,,,
1646,false,897ec6a5-af78-453f-abdf-32233d0a30bf,Iodine-131,Elementary flows/Emission to water/ocean,kBq,elementary,,,
1647,false,2b2369a4-26bb-4b18-8479-752fdf7a5e7f,Antimony ion,Elementary flows/Emission to soil/industrial,kg,elementary,,,
1648,true,52f909df-f7f1-48e2-b040-836ded1971d2,"Water, unspecified natural origin, TT",Elementary flows/Resource/in water,m3,elementary,,,
1649,false,caa2cce6-891c-3be6-8abc-cac41596df7f,"Water, TT",Elementary flows/Emission to water/unspecified,m3,elementary,,,
1650,false,20e262b9-e0b6-3afc-9e0f-a669e78dcf5c,Chromium III,Elementary flows/Emission to air/unspecified,kg,elementary,,,
1651,false,1c5a7322-9261-4d59-a692-adde6c12de92,Cadmium II,Elementary flows/Emission to air/unspecified,kg,elementary,,,
1652,false,c13ad862-96f2-338e-b9af-f113b6a2cf07,Lead II,Elementary flows/Emission to air/unspecified,kg,elementary,,,
1653,false,9afa0173-ecbd-4f2c-9c5c-b3128a032812,"Carbon monoxide, non-fossil",Elementary flows/Emission to air/high population density,kg,elementary,,,
1654,false,909f3d95-64cb-3ff7-b211-4102d70149ae,Antimony ion,Elementary flows/Emission to air/unspecified,kg,elementary,,,
1655,false,b5bfee87-231c-3f88-b3e9-71b2464eeaf3,"Water, SE",Elementary flows/Emission to water/unspecified,m3,elementary,,,
1656,true,ff89405e-fc23-3abf-a015-0fffa7a5857b,"Water, unspecified natural origin, SE",Elementary flows/Resource/in water,m3,elementary,,,
1657,true,9497544b-a783-486e-a029-1f042de08741,"Transformation, to arable, non-irrigated, diverse-intensive",Elementary flows/Resource/unspecified,m2,elementary,,,
1658,true,1baf1a48-b8c8-41eb-ab63-8ca4eff57466,"Water, unspecified natural origin, AE",Elementary flows/Resource/in water,m3,elementary,,,
1659,false,b008a67c-8887-3277-9265-e67826016fab,"Water, AE",Elementary flows/Emission to water/unspecified,m3,elementary,,,
1660,true,2e1a4ab8-76e5-44cf-a726-ea75ac62efac,"Transformation, to arable, organic",Elementary flows/Resource/land,m2,elementary,,,
1661,true,43c8b65e-8551-37da-9f00-7fedc95fe17d,"Transformation, from arable, organic",Elementary flows/Resource/land,m2,elementary,,,
1662,true,23309f61-c8db-3224-abcc-d65ae4800611,"Occupation, annual crop, organic",Elementary flows/Resource/land,m2*a,elementary,,,
1663,false,d3cf558d-1520-3ce6-8d61-17a0687d9005,"Water, PL",Elementary flows/Emission to air/unspecified,kg,elementary,,,
1664,false,5b4e8ce5-8e37-41a7-ba1b-735ab0c650cb,Americium-241,Elementary flows/Emission to soil/unspecified,kBq,elementary,,,
1665,false,67bd10f3-ac72-3da5-bd94-029e43ef4e3a,"VOC, volatile organic compounds",Elementary flows/Emission to water/unspecified,kg,elementary,,,
1666,false,fc84887d-158e-4067-80dc-9743165bd70d,Arsenic ion,Elementary flows/Emission to soil/unspecified,kg,elementary,,,
1667,false,05aade40-92a0-4c18-a061-588445d5af43,Fluorene,Elementary flows/Emission to air/unspecified,kg,elementary,,,
1668,false,08c652a9-77b6-4263-ac7b-c249a92457b9,Carbon (total),Elementary flows/Emission to air/unspecified,kg,elementary,,,
1669,false,fbfb35d0-7e76-3fc4-93f3-9b063e622b3b,Antimony ion,Elementary flows/Emission to soil/unspecified,kg,elementary,,,
1670,true,a5e216e9-1b15-3a08-ae24-8f8ad8e44f29,"Water, process, surface",Elementary flows/Resource/in water,kg,elementary,,,
1671,false,6277bb68-8dde-36f6-8d89-f588c0720ccc,"Acetylene, dichloro-",Elementary flows/Emission to air/unspecified,kg,elementary,,,
1672,false,04f9be83-433e-4564-af72-98e463e5b616,Isoproturon,Elementary flows/Emission to soil/agricultural,kg,elementary,,,
1673,false,c8896e68-6c78-43be-a31b-bc5d2307f40a,Fenpropimorph,Elementary flows/Emission to soil/agricultural,kg,elementary,,,
1674,false,0ba582f8-3360-441a-a93c-ea15e87f7b0c,Ethephon,Elementary flows/Emission to soil/agricultural,kg,elementary,,,
1675,false,9cbbd44e-bc02-4586-9d58-e223db6f5e24,Pendimethalin,Elementary flows/Emission to soil/agricultural,kg,elementary,,,
1676,false,5458bee1-0c04-445c-b617-a7315d6a2b9f,Difenoconazole,Elementary flows/Emission to soil/agricultural,kg,elementary,,,
1677,false,e8bc4c9e-c34f-4983-aea0-2433f3397a3a,Chlorotoluron,Elementary flows/Emission to soil/agricultural,kg,elementary,,,
1678,false,c8fb0d02-a3fa-37b5-a02b-58f78f5c88bb,"Water, IT",Elementary flows/Emission to water/unspecified,m3,elementary,,,
1679,true,acb7676c-2874-3e55-b74a-0aa3144f9362,"Water, unspecified natural origin, IT",Elementary flows/Resource/in water,m3,elementary,,,
1680,false,57d178ab-a602-46c2-9dfa-cb0869a26c24,"Benzene, dichloro-",Elementary flows/Emission to air/high population density,kg,elementary,,,
1681,true,9884d663-bda2-3b45-9c73-e51d799e4890,"Water, unspecified natural origin, NL",Elementary flows/Resource/in water,m3,elementary,,,
1682,false,9ea5d1a0-b6d3-361e-9622-b43e6867a719,"Water, NL",Elementary flows/Emission to water/unspecified,m3,elementary,,,
1683,true,c645d610-57c4-3c59-8db6-af117b18fed7,"Water, unspecified natural origin, CA",Elementary flows/Resource/in water,m3,elementary,,,
1684,false,a273328e-1dfc-3918-b58a-fa965dc45db2,"Water, CA",Elementary flows/Emission to water/unspecified,m3,elementary,,,
1685,false,2d22399c-53c4-3412-9516-aeb71f2f22f6,"Water, GR",Elementary flows/Emission to air/unspecified,kg,elementary,,,
1686,false,b61cc486-7a9d-3880-a2ae-1bc3a65d0f43,Waste water,Elementary flows/Emission to water/unspecified,kg,elementary,,,
1687,true,cebbe3db-e3fb-3427-ae56-339db67f4fb2,"Water, unspecified natural origin, PE",Elementary flows/Resource/in water,m3,elementary,,,
1688,false,8f7584d7-01cf-3b06-a2fb-025aef6152d7,"Water, PE",Elementary flows/Emission to water/unspecified,m3,elementary,,,
1689,true,0ddd6caf-92a9-3e7c-9d36-c9cf98677cb9,"Water, unspecified natural origin, ZA",Elementary flows/Resource/in water,m3,elementary,,,
1690,false,2d198645-952f-31eb-adee-ed83ea399b32,"Water, ZA",Elementary flows/Emission to water/unspecified,m3,elementary,,,
1691,false,67652827-017f-4856-8d0a-c97bac4c6562,Lead II,Elementary flows/Emission to soil/industrial,kg,elementary,,,
1692,false,c24e2dc2-b141-376b-b4da-5d3d3b35c768,"Noise, rail, freight train",Elementary flows/Immaterial emission/unspecified,t*km,elementary,,,
1693,false,527d6cb5-bbd7-403d-8dcc-b6678fb123f5,o-Xylene,Elementary flows/Emission to air/unspecified,kg,elementary,,,
1694,true,d512585c-a3ff-3bd4-8854-3d23c14926c0,"Water, unspecified natural origin, CH",Elementary flows/Resource/in water,m3,elementary,,,
1695,true,f1ca67fc-fd5c-3179-aeb9-c689f7a8a2af,"Water, cooling, unspecified natural origin, CH",Elementary flows/Resource/in water,m3,elementary,,,
1696,false,f6080ed9-2b32-318e-9873-fdcf738eb819,"Water, CH",Elementary flows/Emission to water/unspecified,m3,elementary,,,
1697,false,9669feea-cb71-3a08-a3d3-211dbf3e8dca,"Water, PT",Elementary flows/Emission to water/unspecified,m3,elementary,,,
1698,true,8dee1571-3aa3-30b5-96bd-25bfb82df9f0,"Water, unspecified natural origin, PT",Elementary flows/Resource/in water,m3,elementary,,,
1699,true,7034e47d-1177-373f-9d7b-3077d9ad8a70,"Water, unspecified natural origin, AR",Elementary flows/Resource/in water,m3,elementary,,,
1700,false,f1682565-09d7-3035-9a86-fa091d881b46,"Water, AR",Elementary flows/Emission to water/unspecified,m3,elementary,,,
1701,false,7c8fd9d5-7d63-304f-92dc-f828a53b6fcf,"Water, AT",Elementary flows/Emission to air/unspecified,kg,elementary,,,
1702,false,ace7b642-6e30-3cad-a04f-200b3b0c5d21,"Water, BA",Elementary flows/Emission to air/unspecified,kg,elementary,,,
1703,false,1ce7e7a9-ce00-3302-973f-ebc45723bb70,"Water, LU",Elementary flows/Emission to air/unspecified,kg,elementary,,,
1704,false,b02991d4-c180-4b16-8035-ac38f4a64b87,Ethylene,Elementary flows/Emission to air/lower stratosphere + upper troposphere,kg,elementary,,,
1705,false,fc4dbb89-5363-37ee-bbac-7a8d0bf53426,"Noise, aircraft, freight",Elementary flows/Immaterial emission/unspecified,t*km,elementary,,,
1706,true,c98c091d-133f-372b-8329-514e882990a9,"Water, unspecified natural origin, DK",Elementary flows/Resource/in water,m3,elementary,,,
1707,false,146f6bbc-070d-3f4e-ab2a-906d9ea1886b,"Water, DK",Elementary flows/Emission to water/unspecified,m3,elementary,,,
1708,false,6c7eed8d-b523-39e6-8fc2-6d0eb272e931,"Water, CZ",Elementary flows/Emission to air/unspecified,kg,elementary,,,
1709,false,315bad13-6e3d-3a70-9163-d9502cc768db,"Water, CN",Elementary flows/Emission to water/unspecified,m3,elementary,,,
1710,true,be16cf07-da08-3ff5-856d-0e1f2aa3e806,"Water, unspecified natural origin, CN",Elementary flows/Resource/in water,m3,elementary,,,
1711,true,d1c8d077-456b-3a90-beda-efd04ba20b49,"Water, unspecified natural origin, HU",Elementary flows/Resource/in water,m3,elementary,,,
1712,false,4c5520ef-e627-34aa-adc2-e8b6ef69afcf,"Water, HU",Elementary flows/Emission to water/unspecified,m3,elementary,,,
1713,false,91b452dc-ddbd-40a4-9281-33303109495e,Trifluralin,Elementary flows/Emission to soil/agricultural,kg,elementary,,,
1714,true,e02aa261-4006-3888-bc5c-3d2485e0d1af,"Water, unspecified natural origin, GLO",Elementary flows/Resource/in water,m3,elementary,,,
1715,true,5fd1a9d0-5af6-35d4-b42c-dd1f3f7955ba,"Water, unspecified natural origin, TM",Elementary flows/Resource/in water,m3,elementary,,,
1716,false,d1c67064-9b54-3620-bca8-3583928c4b69,"Water, TM",Elementary flows/Emission to water/unspecified,m3,elementary,,,
1717,false,fe0acd60-3ddc-11dd-a350-0050c2490048,Argon,Elementary flows/Emission to air/unspecified,kg,elementary,,,
1718,false,04176bc2-32ec-48b4-88f7-65f57c6d1293,Nitrogen,Elementary flows/Emission to air/unspecified,kg,elementary,,,
1719,false,bfa5d0c0-374a-34eb-88f4-0b514aff3282,"Water, MX",Elementary flows/Emission to air/unspecified,kg,elementary,,,
1720,true,3386ab8b-ae28-3ee9-acee-f047b70d1e13,"Water, unspecified natural origin, LU",Elementary flows/Resource/in water,m3,elementary,,,
1721,false,e2c8763f-7e01-32a1-bad4-ffdc66c798af,"Water, LU",Elementary flows/Emission to water/unspecified,m3,elementary,,,
1722,false,dce9950a-7c40-363e-83c4-09f3a2230a28,"Water, JP",Elementary flows/Emission to air/unspecified,kg,elementary,,,
1723,false,70591a6d-0ee4-3918-852b-d32e3d830027,"Water, CA",Elementary flows/Emission to air/unspecified,kg,elementary,,,
1724,false,b87016c6-ac91-4414-98ce-fb665e0a6d2e,Calcium II,Elementary flows/Emission to air/unspecified,kg,elementary,,,
1725,false,ebb88ef4-50ab-4e3b-9251-c5fcdf6b4768,Silver I,Elementary flows/Emission to air/unspecified,kg,elementary,,,
1726,false,756b1234-887b-406e-88ed-b50ba4694f09,Potassium I,Elementary flows/Emission to air/unspecified,kg,elementary,,,
1727,false,116e84cf-7faa-32b5-b7c8-dc3fdefd67a7,"Water, CL",Elementary flows/Emission to air/unspecified,kg,elementary,,,
1728,false,896c1a72-f609-3b0e-a4e1-8ed678e1b102,"Water, GB",Elementary flows/Emission to air/unspecified,kg,elementary,,,
1729,false,789b4e49-86bb-3685-bcce-a6a0c24f3bc7,"Water, KR",Elementary flows/Emission to water/unspecified,m3,elementary,,,
1730,false,75803b53-729a-31a9-9688-cf421eb503e1,"Water, EC",Elementary flows/Emission to water/unspecified,m3,elementary,,,
1731,true,585ef0b1-6194-3653-8208-2ef96fb9ef69,"Water, unspecified natural origin, EC",Elementary flows/Resource/in water,m3,elementary,,,
1732,false,97435e8a-5ce8-3800-a895-31af4f7e25f7,"Water, HU",Elementary flows/Emission to air/unspecified,kg,elementary,,,
1733,false,6f39ef2f-4e3b-3f84-900b-252427d45d0b,"Water, SA",Elementary flows/Emission to water/unspecified,m3,elementary,,,
1734,true,f5c7faf0-ff52-3c42-87d0-b42a7428cdd8,"Water, unspecified natural origin, SA",Elementary flows/Resource/in water,m3,elementary,,,
1735,false,fb2ba34f-6fa6-33c5-8a06-7f6832e28dbd,"Water, SE",Elementary flows/Emission to air/unspecified,kg,elementary,,,
1736,true,3d158484-4213-38c5-9b86-b5fa643c5eef,"Water, unspecified natural origin, EG",Elementary flows/Resource/in water,m3,elementary,,,
1737,false,1500f428-1bc5-3b5b-b8b1-d76c17165705,"Water, EG",Elementary flows/Emission to water/unspecified,m3,elementary,,,
1738,true,8a53cd60-6f2d-36be-b644-8b31e70dfb01,"Water, unspecified natural origin, UA",Elementary flows/Resource/in water,m3,elementary,,,
1739,false,689ee1ff-75ef-3833-8b99-344e60af99f1,"Water, UA",Elementary flows/Emission to water/unspecified,m3,elementary,,,
1740,false,1499beff-e008-4efa-9e47-0f6095b0ffc4,Beryllium II,Elementary flows/Emission to water/lake,kg,elementary,,,
1741,false,f5eb4e80-a7ff-4f1b-b97f-933940bd1377,Polonium-210,Elementary flows/Emission to water/lake,kBq,elementary,,,
1742,false,ad62c648-1af8-4805-bbfb-64c6361eb9f6,Phosphate,Elementary flows/Emission to water/lake,kg,elementary,,,
1743,false,525d2bc8-8e04-4c3e-935f-91af31af1553,Silver I,Elementary flows/Emission to water/lake,kg,elementary,,,
1744,false,e721a68c-18a3-45a4-b41b-4c0a3b3e7dff,Lead-210,Elementary flows/Emission to water/lake,kBq,elementary,,,
1745,false,b4160ac8-a371-49d6-8a4f-6f5fed0e2a0d,Cyanide,Elementary flows/Emission to water/lake,kg,elementary,,,
1746,false,67cb4d1f-1729-409a-945b-cd00a7c02eb5,Uranium-234,Elementary flows/Emission to water/lake,kBq,elementary,,,
1747,false,7b0b1072-209c-4d6f-ac6e-07b921be3919,Fluoride,Elementary flows/Emission to water/lake,kg,elementary,,,
1748,false,57f5082e-71dc-3cfa-ada2-3aa759cc3cba,Chromium III,Elementary flows/Emission to water/lake,kg,elementary,,,
1749,false,cf839cca-1e56-4758-9417-b9a15e414206,Uranium-238,Elementary flows/Emission to water/lake,kBq,elementary,,,
1750,false,f81d4cc9-28ba-3cea-a671-7100d79f7a7c,Sulfide,Elementary flows/Emission to water/lake,kg,elementary,,,
1751,false,821c383d-2f47-4b00-968c-88b269955a00,Uranium-235,Elementary flows/Emission to water/lake,kBq,elementary,,,
1752,false,df82c564-20c9-37c7-8875-de860156439a,"Hydrocarbons, unspecified",Elementary flows/Emission to water/lake,kg,elementary,,,
1753,false,d69a88ae-927d-328f-b750-857b2c44131f,Carbonate,Elementary flows/Emission to water/lake,kg,elementary,,,
1754,false,08ba90dc-28c6-4c48-8e90-51b61139734f,Titanium ion,Elementary flows/Emission to water/lake,kg,elementary,,,
1755,true,f8b55757-7bc1-38e6-b663-6053878c7ebb,"Water, process, unspecified natural origin/m3",Elementary flows/Resource/land,m3,elementary,,,
1756,false,2532ad6d-4361-3506-ad1c-30c1428e3d07,"Water, FR",Elementary flows/Emission to air/unspecified,kg,elementary,,,
1757,true,e86c6358-1283-31b1-af5d-6bf05fc58ff8,"Water, cooling, unspecified natural origin, RER",Elementary flows/Resource/in water,m3,elementary,,,
1758,false,39ae5b84-2661-4d9d-9b27-1f0926c996dc,"Ethane, 1,1-dichloro-",Elementary flows/Emission to air/unspecified,kg,elementary,,,
1759,false,f1272c75-fcd8-4a07-af18-f4d71e8e13eb,"Ethane, 1,1-dichloro-",Elementary flows/Emission to water/unspecified,kg,elementary,,,
1760,false,3801ac00-aef4-4224-8d04-9d6734794719,Trichloroethylene,Elementary flows/Emission to water/unspecified,kg,elementary,,,
1761,false,60340c7f-e9ce-474f-ac08-a6d4d9f864fc,Monochloroethane,Elementary flows/Emission to water/unspecified,kg,elementary,,,
1762,false,097cecfb-bed2-43a0-81b7-c153d0bb14b9,Phosphine,Elementary flows/Emission to air/unspecified,kg,elementary,,,
1763,false,1d444a45-70c4-4718-8427-1c0fff91f88e,Vinyl acetate,Elementary flows/Emission to air/unspecified,kg,elementary,,,
1764,false,24145938-f9e3-40ea-ab06-409187ca5d26,Sulfite,Elementary flows/Emission to water/unspecified,kg,elementary,,,
1765,false,5aa1acb8-2256-4929-ab99-0f0feff8d459,"1,2-DICHLOROETHYLENE",Elementary flows/Emission to air/unspecified,kg,elementary,,,
1766,false,aeae7594-af69-46d2-9965-8c235b5c3fe3,Arsine,Elementary flows/Emission to air/unspecified,kg,elementary,,,
1767,false,3fa03c96-b976-4f0f-8089-220968515ee1,"Ethene, trichloro-",Elementary flows/Emission to air/unspecified,kg,elementary,,,
1768,false,613c8699-aaaa-435d-9834-22620b96f87f,TRICHLOROETHANE,Elementary flows/Emission to air/unspecified,kg,elementary,,,
1769,false,bce77a75-c399-4fa6-94ab-90d0e704ebde,Monochloroethane,Elementary flows/Emission to air/unspecified,kg,elementary,,,
1770,false,ece68c56-e5e2-4190-baa3-53582c6d78f9,"1,1-Dichloroethylene",Elementary flows/Emission to air/unspecified,kg,elementary,,,
1771,false,4b0d68e7-37bc-4184-93b5-91b70c62e585,Tetrachloroethylene,Elementary flows/Emission to water/unspecified,kg,elementary,,,
1772,false,391e5b72-7705-467f-ae7f-f44875b5f18b,Chlorophenols unspecified,Elementary flows/Emission to water/unspecified,kg,elementary,,,
1773,true,84b4aad2-e075-3283-9e44-a1ef7b4ad3d1,"Water, well, GLO",Elementary flows/Resource/in water,m3,elementary,,,
1774,false,f53cd01a-429f-3c68-9104-d851478a582a,"Water, NG",Elementary flows/Emission to water/unspecified,m3,elementary,,,
1775,true,5be12c93-e3f1-3ea2-bddc-f93faa030aa6,"Water, unspecified natural origin, NG",Elementary flows/Resource/in water,m3,elementary,,,
1776,true,0a89160c-168b-3315-a7f7-5543bc60cedf,"Water, unspecified natural origin, JP",Elementary flows/Resource/in water,m3,elementary,,,
1777,false,5f0983e4-139f-3f15-851c-cc728f86e7d2,"Water, JP",Elementary flows/Emission to water/unspecified,m3,elementary,,,
1778,false,484d948e-3c82-3806-9b10-75e0250b8cd7,"Water, SK",Elementary flows/Emission to air/unspecified,kg,elementary,,,
1779,false,27c7cf05-a12b-3dfb-ac83-863c0716ad29,"Acetylene, dichloro-",Elementary flows/Emission to air/high population density,kg,elementary,,,
1780,false,fa9cdb03-4565-3b75-9e0a-f333fe4a5f63,"Butane, perfluorocyclo-, PFC-318",Elementary flows/Emission to air/high population density,kg,elementary,,,
1781,false,51cd1fb1-dbac-368a-9d68-953b7b494cc8,"Propane, perfluorocyclo-",Elementary flows/Emission to air/high population density,kg,elementary,,,
1782,true,e2142b9a-dcaa-3d50-bae4-a1a5193d1f91,"Water, unspecified natural origin, BE",Elementary flows/Resource/in water,m3,elementary,,,
1783,false,1a7ccadf-90d4-3dd1-ad01-17c0ab9739ef,"Water, BE",Elementary flows/Emission to water/unspecified,m3,elementary,,,
1784,false,e1719985-12b1-3983-8b2b-4a76a7d7e71e,"Water, SI",Elementary flows/Emission to air/unspecified,kg,elementary,,,
1785,true,8d846589-ed6a-3f95-ad4a-4bd969a36ffb,"Energy, from peat",Elementary flows/Resource/in ground,MJ,elementary,,,
1786,false,1dee5e4c-8599-32e3-8b54-e88d4dd784ce,"Water, AT",Elementary flows/Emission to water/unspecified,m3,elementary,,,
1787,true,2209c8ab-e9e5-3d80-91df-2ab294dace23,"Water, unspecified natural origin, AT",Elementary flows/Resource/in water,m3,elementary,,,
1788,true,d2fc8c70-6510-3f1f-933a-39f3a263c609,"Water, process, unspecified natural origin/kg",Elementary flows/Resource/unspecified,kg,elementary,,,
1789,false,f7615642-73fd-3774-839f-d23c91b9e8bb,"Water, MX",Elementary flows/Emission to water/unspecified,m3,elementary,,,
1790,true,e019ad54-9648-3c71-bf85-3143e6a52f9c,"Water, unspecified natural origin, MX",Elementary flows/Resource/in water,m3,elementary,,,
1791,true,aa13e363-e58b-3b01-bb51-e5fb7b07a4e8,"Water, unspecified natural origin, DZ",Elementary flows/Resource/in water,m3,elementary,,,
1792,false,1a27d732-bdf4-3f6c-aec8-60afb72100c3,"Water, DZ",Elementary flows/Emission to water/unspecified,m3,elementary,,,
1793,true,fc5a32f2-49fe-301b-8b83-0cf215b5df36,"Water, unspecified natural origin, AO",Elementary flows/Resource/in water,m3,elementary,,,
1794,false,fcc4a095-013f-3c8a-a639-08b2fc14a0fb,"Water, AO",Elementary flows/Emission to water/unspecified,m3,elementary,,,
1795,false,36508f9f-395e-3d19-8ba7-1614c7727d49,"Water, KW",Elementary flows/Emission to water/unspecified,m3,elementary,,,
1796,true,968a83cf-8765-4b39-801a-af9c0c712370,"Water, unspecified natural origin, KW",Elementary flows/Resource/in water,m3,elementary,,,
1797,false,26950dc0-37cf-329c-af2f-08fbc0fc0988,"Water, IE",Elementary flows/Emission to air/unspecified,kg,elementary,,,
1798,false,c5143ea9-2dbd-34a7-be34-c3d0c390c493,"Water, DE",Elementary flows/Emission to air/unspecified,kg,elementary,,,
1799,true,5ef54da5-e7c2-3ac7-a01c-45725d131111,"Water, unspecified natural origin, IL",Elementary flows/Resource/in water,m3,elementary,,,
1800,false,8346e0e9-d99a-3a47-a6db-d5aac8f2b117,"Water, IL",Elementary flows/Emission to water/unspecified,m3,elementary,,,
1801,false,9200b631-008c-316e-8fc2-60abefd273f8,"Water, IR",Elementary flows/Emission to water/unspecified,m3,elementary,,,
1802,true,4db66345-a222-38d0-b927-71354c79ab5e,"Water, unspecified natural origin, IR",Elementary flows/Resource/in water,m3,elementary,,,
1803,false,6a0dcabc-a85c-4a90-a989-afaf85d095b9,lithium,Elementary flows/Emission to water/ocean,kg,elementary,,,
1804,false,852118b9-043d-4db7-8b71-e3670fb280d2,Thorium-232,Elementary flows/Emission to water/ocean,kBq,elementary,,,
1805,false,0d213eaa-6dec-4669-b75e-4afeb06ac31d,Carbonate,Elementary flows/Emission to water/ocean,kg,elementary,,,
1806,false,cb70e681-7ff8-3f19-971d-cbea5477b81a,"Water, PT",Elementary flows/Emission to air/unspecified,kg,elementary,,,
1807,false,99f1e4a4-2f47-4098-8f28-4c736a5b675d,Prochloraz,Elementary flows/Emission to soil/agricultural,kg,elementary,,,
1808,false,e7c5db65-775c-4ada-8a63-32c67792bd52,Kresoxim-methyl,Elementary flows/Emission to soil/agricultural,kg,elementary,,,
1809,false,b45f25fe-a5bb-42ac-9859-304bf6ccfd83,Cyprodinil,Elementary flows/Emission to soil/agricultural,kg,elementary,,,
1810,false,02dd7309-b7c2-47bb-82c8-09345be9c2bb,Dichlorprop-P,Elementary flows/Emission to soil/agricultural,kg,elementary,,,
1811,false,27b0b1f4-8cd4-4277-bfdd-1cab2f9c5e1c,Fenbuconazole,Elementary flows/Emission to soil/agricultural,kg,elementary,,,
1812,false,e7d1072e-68ab-4fb4-b141-feb865e3082d,Parathion,Elementary flows/Emission to soil/agricultural,kg,elementary,,,
1813,false,f1b48f46-77aa-4dba-bd83-87e220816f42,Lambda-cyhalothrin,Elementary flows/Emission to soil/agricultural,kg,elementary,,,
1814,false,016da38a-40a6-483c-b328-9782dc46e802,Diflufenican,Elementary flows/Emission to soil/agricultural,kg,elementary,,,
1815,false,31913320-21f3-4cc2-b09a-a15ac9b65f5e,Dithianon,Elementary flows/Emission to soil/agricultural,kg,elementary,,,
1816,false,0f901f59-84bd-42a5-9a4c-04bd8cac7fb9,Mecoprop-P,Elementary flows/Emission to soil/agricultural,kg,elementary,,,
1817,false,20834550-2d87-47d0-9d3c-fd65c108c72b,Fluroxypyr,Elementary flows/Emission to soil/agricultural,kg,elementary,,,
1818,true,04eb6f40-8671-3a31-b27b-ef82f04be46f,"Occupation, annual crop, non-irrigated, diverse-intensive",Elementary flows/Resource/land,m2*a,elementary,,,
1819,false,df1cc3ea-7a3c-40ca-8349-42b89ff59063,Iodosulfuron,Elementary flows/Emission to soil/agricultural,kg,elementary,,,
1820,false,c2c2b2c4-0a30-4c79-8d1f-0735a95a8962,Metsulfuron-methyl,Elementary flows/Emission to soil/agricultural,kg,elementary,,,
1821,false,a805071f-ce96-4d72-bdd5-4334d9aa3c23,Tebuconazole,Elementary flows/Emission to soil/agricultural,kg,elementary,,,
1822,false,51c7daf4-14e1-45e9-aa67-051c4ddcd9da,Trinexapac-ethyl,Elementary flows/Emission to soil/agricultural,kg,elementary,,,
1823,false,395bf19a-d3e3-4185-9bee-141fdbfd6afe,Tribenuron,Elementary flows/Emission to soil/agricultural,kg,elementary,,,
1824,false,282973e4-3c2d-4a9c-a3f2-d39a5b36aa76,Deltamethrin,Elementary flows/Emission to soil/agricultural,kg,elementary,,,
1825,false,c4cb99f9-ed0e-4543-8596-da56a8de8e40,Flusilazole,Elementary flows/Emission to soil/agricultural,kg,elementary,,,
1826,false,28f19625-5e6a-4902-8c18-4b519db19d86,Dimethoate,Elementary flows/Emission to soil/agricultural,kg,elementary,,,
1827,false,7e7dafac-5f96-495c-8a34-11fdc6e9f4e8,Triadimenol,Elementary flows/Emission to soil/agricultural,kg,elementary,,,
1828,false,feb606a8-c259-4169-9652-6b38467739f7,Amidosulfuron,Elementary flows/Emission to soil/agricultural,kg,elementary,,,
1829,false,1defe52a-bc9b-4c03-90fb-91bd35f6ce49,Metconazole,Elementary flows/Emission to soil/agricultural,kg,elementary,,,
1830,false,e69b028e-e549-4869-ae4a-b85ef8bcb7a9,Azoxystrobin,Elementary flows/Emission to soil/agricultural,kg,elementary,,,
1831,false,c0f2ec91-162c-4706-b08c-9aa212fbe176,Cinidon-ethyl,Elementary flows/Emission to soil/agricultural,kg,elementary,,,
1832,false,d1812c3b-7f5e-4ce3-80b2-e599642168cf,Fluquinconazole,Elementary flows/Emission to soil/agricultural,kg,elementary,,,
1833,false,c9727abf-58b7-4f90-a670-86f7101e741d,Cyproconazole,Elementary flows/Emission to soil/agricultural,kg,elementary,,,
1834,false,f7c6455a-51e5-4aba-8361-99b98d47c47b,Propiconazole,Elementary flows/Emission to soil/agricultural,kg,elementary,,,
1835,false,f0fb5b72-294e-4d86-b433-883e5f6e97fd,Chlormequat,Elementary flows/Emission to soil/agricultural,kg,elementary,,,
1836,true,93c1f160-9027-469e-bbb3-32f2ca951759,"Transformation, from arable, non-irrigated, diverse-intensive",Elementary flows/Resource/unspecified,m2,elementary,,,
1837,false,e5492922-eaf5-4409-aa49-7f2a35cd0336,MCPA,Elementary flows/Emission to soil/agricultural,kg,elementary,,,
1838,false,6744b13d-2908-4725-88a3-1afd6696c899,Ioxynil,Elementary flows/Emission to soil/agricultural,kg,elementary,,,
1839,false,83cc3810-ac58-40a3-97af-04a855d4c809,Oxydemeton-methyl,Elementary flows/Emission to soil/agricultural,kg,elementary,,,
1840,false,823b5396-5fc6-427e-8a03-aeeff965e986,Fenpropidin,Elementary flows/Emission to soil/agricultural,kg,elementary,,,
1841,false,bc0a4d1f-3ada-4dd8-8ab4-97dc45db3295,Carbendazim,Elementary flows/Emission to soil/agricultural,kg,elementary,,,
1842,false,1afedfb8-dfbd-4722-a5fc-f678c593d907,Epoxiconazole,Elementary flows/Emission to soil/agricultural,kg,elementary,,,
1843,false,8ebbd256-8114-4438-98c9-bbed994c140b,Mefenpyr,Elementary flows/Emission to soil/agricultural,kg,elementary,,,
1844,false,48e16ea8-128c-4d96-a4f4-668f12249434,Flurtamone,Elementary flows/Emission to soil/agricultural,kg,elementary,,,
1845,false,4bafafca-ff89-46aa-9aaf-c93667df13a4,Thifensulfuron-methyl,Elementary flows/Emission to soil/agricultural,kg,elementary,,,
1846,false,f8448f5d-a27f-4fa9-a731-94cb3b9eb7f3,Spiroxamine,Elementary flows/Emission to soil/agricultural,kg,elementary,,,
1847,false,59177170-590b-4d94-833a-e23d899f422e,Esfenvalerate,Elementary flows/Emission to soil/agricultural,kg,elementary,,,
1848,true,4602b501-1c9b-4af7-bb1c-864c70c3e855,Krypton,Elementary flows/Resource/in air,kg,elementary,,,
1849,false,58fa4e22-3803-30c5-880f-e08a1f96aeeb,"Water, NZ",Elementary flows/Emission to air/unspecified,kg,elementary,,,
1850,false,2d7c74f8-7351-3162-bf20-38cd98e57f7f,"Water, NO",Elementary flows/Emission to air/unspecified,kg,elementary,,,
1851,true,2e002771-9f22-43e3-9990-f06f8235700b,"Transformation, from heterogeneous, agricultural",Elementary flows/Resource/land,m2,elementary,,,
1852,false,c7c142c6-6b81-32cd-865c-b75e2b692b51,"Water, NO",Elementary flows/Emission to water/unspecified,m3,elementary,,,
1853,true,b814ad10-9968-3b90-98d4-ea45fa736cd8,"Water, unspecified natural origin, NO",Elementary flows/Resource/in water,m3,elementary,,,
1854,true,91255acb-4f00-386b-a992-69fb9ee23a6a,"Water, unspecified natural origin, KR",Elementary flows/Resource/in water,m3,elementary,,,
1855,true,66e3f915-d5e1-3df9-8e35-3c2cbb83d132,"Water, unspecified natural origin, FR",Elementary flows/Resource/in water,m3,elementary,,,
1856,false,39c34b78-35fe-3932-8866-af14c1ef822d,"Water, FR",Elementary flows/Emission to water/unspecified,m3,elementary,,,
1857,false,6fbd3c82-de27-3743-87ae-35df6dd76a15,"Water, TH",Elementary flows/Emission to air/unspecified,kg,elementary,,,
1858,true,2f0c7a7b-a356-32e7-a4bc-8b7659cd280e,"Water, unspecified natural origin, GR",Elementary flows/Resource/in water,m3,elementary,,,
1859,false,91f06f27-d8d9-30ec-bec0-b439985fb132,"Water, GR",Elementary flows/Emission to water/unspecified,m3,elementary,,,
1860,false,9048d9b8-3e23-341c-8309-66e2bab1a3b8,"Water, MY",Elementary flows/Emission to water/unspecified,m3,elementary,,,
1861,true,b94df422-b76f-3d10-91ef-83dc99967b51,"Water, unspecified natural origin, MY",Elementary flows/Resource/in water,m3,elementary,,,
1862,false,f7ef52c3-1fc7-4c2f-b002-83fab5a50a7f,Sulfide,Elementary flows/Emission to water/ground water,kg,elementary,,,
1863,false,98f556eb-e45d-3acd-bcdf-74f4f720310d,"Water, BE",Elementary flows/Emission to air/unspecified,kg,elementary,,,
1864,false,f279687b-4634-39f6-90e5-d338f4788905,"Water, ID",Elementary flows/Emission to water/unspecified,m3,elementary,,,
1865,true,a86039a0-60df-3c4a-8747-396c7f654613,"Water, unspecified natural origin, ID",Elementary flows/Resource/in water,m3,elementary,,,
1866,false,e21021ad-6c67-3885-bd39-6a1b9195af06,"Water, BR",Elementary flows/Emission to air/unspecified,kg,elementary,,,
1867,false,08a91e70-3ddc-11dd-92b1-0050c2490048,"Dibenz(a,h)anthracene",Elementary flows/Emission to air/unspecified,kg,elementary,,,
1868,false,e5a181b4-6dce-465d-bcc5-2f2a5f5b4376,Dicamba,Elementary flows/Emission to water/fresh water,kg,elementary,,,
1869,false,d02e018f-d996-4cd8-9306-ddedb781efde,Hexane,Elementary flows/Emission to water/fresh water,kg,elementary,,,
1870,false,a5b846ff-3ee4-36d7-8b98-5c3c97de627f,p-Cresol,Elementary flows/Emission to air/unspecified,kg,elementary,,,
1871,true,172b2805-6556-11dd-ad8b-0800200c9a66,Soil,Elementary flows/Resource/in ground,kg,elementary,,,
1872,false,3268d8df-59cc-4740-a89f-dee8355ad7c3,Sulfur trioxide,Elementary flows/Emission to air/unspecified,kg,elementary,,,
1873,true,fe0acd60-3ddc-11dd-acd8-0050c2490048,Magnesium chloride,Elementary flows/Resource/in ground,kg,elementary,,,
1874,false,41075347-53b4-40dc-a00e-5edf9f19cf09,Benomyl,Elementary flows/Emission to water/fresh water,kg,elementary,,,
1875,false,a1861c61-3190-41ff-abbf-0c352f61db6b,Deltamethrin,Elementary flows/Emission to water/fresh water,kg,elementary,,,
1876,false,3302f7f2-5099-45be-92e0-73cda30f2832,"Methane, monochloro-, R-40",Elementary flows/Emission to water/fresh water,kg,elementary,,,
1877,false,e06e2e1e-ad87-49e2-a184-f2d1c48b7b46,Chlorotrifluoromethane,Elementary flows/Emission to air/unspecified,kg,elementary,,,
1878,false,2094c764-dab5-4bea-9109-f631e5bcd5a8,Sulfide,Elementary flows/Emission to soil/industrial,kg,elementary,,,
1879,false,7a310634-fe4e-4815-a971-ceaf4a4c982b,Methomyl,Elementary flows/Emission to water/fresh water,kg,elementary,,,
1880,false,1ddb3480-3426-4541-a201-592d4c6fe6aa,Methyl methacrylate,Elementary flows/Emission to air/unspecified,kg,elementary,,,
1881,true,d1b66818-3611-341d-9535-a1ad6d19fa9f,"Sand, resource correction",Elementary flows/Resource/unspecified,kg,elementary,,,
1882,false,b242db32-4c73-494b-be0d-7d17a15361cc,Waste water,Elementary flows/Emission to water/ocean,kg,elementary,,,
1883,false,0ad5e195-d1c2-3917-8426-52b4d235efd0,Bromide,Elementary flows/Emission to soil/industrial,kg,elementary,,,
1884,false,777a03c9-0e1f-44f0-a507-2032473a6f31,Styrene,Elementary flows/Emission to water/fresh water,kg,elementary,,,
1885,true,c73e75dc-c02d-4192-ab43-faf29c119fae,Pyrite,Elementary flows/Resource/in ground,kg,elementary,,,
1886,false,25ca862e-55b9-3922-ad34-8191dbe5dd0f,"Acidity, unspecified",Elementary flows/Emission to soil/industrial,kg,elementary,,,
1887,true,54b9cbd0-65df-4fd3-8a19-dd3b8eccc619,Mercury,Elementary flows/Resource/in ground,kg,elementary,,,
1888,false,d9a5b786-d06c-44af-a088-b070aa605d9b,Trifluralin,Elementary flows/Emission to air/unspecified,kg,elementary,,,
1889,false,281e1011-f121-4d5b-ad4d-22d562b2c2cd,Pentafluoroethane,Elementary flows/Emission to air/unspecified,kg,elementary,,,
1890,false,fe0acd60-3ddc-11dd-a2b8-0050c2490048,Benzo(a)anthracene,Elementary flows/Emission to water/ocean,kg,elementary,,,
1891,false,6d495a70-a591-4878-bb30-33290b66191b,Atrazine,Elementary flows/Emission to water/fresh water,kg,elementary,,,
1892,false,47859760-4329-4dde-9c61-2e7a2401d3c5,Xenon-137,Elementary flows/Emission to air/unspecified,kBq,elementary,,,
1893,false,e17ecc95-00ce-496d-8864-4728a6069971,Phosphate,Elementary flows/Emission to soil/industrial,kg,elementary,,,
1894,false,08a91e70-3ddc-11dd-9745-0050c2490048,Oxygen,Elementary flows/Emission to air/unspecified,kg,elementary,,,
1895,false,72721c4e-d589-4ad7-8c5e-4228b8690ddb,Waste water,Elementary flows/Emission to water/fresh water,kg,elementary,,,
1896,true,e373f7b4-42e9-4cc7-a73c-f87bec88008b,Potassium,Elementary flows/Resource/in ground,kg,elementary,,,
1897,true,929b7d7e-39d5-4320-8282-856d9a9f7f3f,Platinum,Elementary flows/Resource/unspecified,kg,elementary,,,
1898,false,a0b899a2-77b3-4a06-be76-4dabb4b9512a,Fipronil,Elementary flows/Emission to water/fresh water,kg,elementary,,,
1899,false,8006ffd0-4594-41bd-b9cb-aea0ef9d7a98,Ammonia,Elementary flows/Emission to soil/industrial,kg,elementary,,,
1900,false,4d54a087-6fd2-4cb9-b1bc-3cc4659b3422,Benzo(a)anthracene,Elementary flows/Emission to air/unspecified,kg,elementary,,,
1901,false,08a91e70-3ddc-11dd-96ee-0050c2490048,Nitrogen monoxide,Elementary flows/Emission to air/unspecified,kg,elementary,,,
1902,false,ba0955c6-7f71-4f48-b6dc-190dae2239e9,Deltamethrin,Elementary flows/Emission to air/unspecified,kg,elementary,,,
1903,false,680e7af3-30cb-4581-b650-b04fa1eb791a,Chrysene,Elementary flows/Emission to water/fresh water,kg,elementary,,,
1904,false,c9bf4390-00fd-40f2-a010-c9d0a584eb77,Trifluralin,Elementary flows/Emission to water/fresh water,kg,elementary,,,
1905,false,3350efd8-d98a-4683-9a13-ac69bab90c5f,Triethylene glycol,Elementary flows/Emission to water/fresh water,kg,elementary,,,
1906,false,6592e729-c2a4-4d33-86ca-5b86cdf7cdc7,Tetrachloroethylene,Elementary flows/Emission to water/ocean,kg,elementary,,,
1907,false,b0758e8e-691c-4c96-8a90-4784c47cd962,Beryllium II,Elementary flows/Emission to soil/industrial,kg,elementary,,,
1908,false,faa13739-2197-355f-a04b-b25804f60478,P-cyanophenol,Elementary flows/Emission to soil/industrial,kg,elementary,,,
1909,false,16b7f067-6688-32fc-ad9e-21314a2dd232,Sulfur trioxide,Elementary flows/Emission to water/unspecified,kg,elementary,,,
1910,true,c132f668-6330-45fe-b230-d8de62e64ff1,Oxygen,Elementary flows/Resource/in air,kg,elementary,,,
1911,false,c25abc19-d0c4-4246-b6d6-a4418f673bb0,Acrylonitrile,Elementary flows/Emission to water/fresh water,kg,elementary,,,
1912,false,f5e7f3b4-6423-4914-bb36-d6f52b8e5dbb,Xenon-135,Elementary flows/Emission to air/unspecified,kBq,elementary,,,
1913,false,59e1e295-5efb-3dff-8379-8f3c75bec7a4,Used air,Elementary flows/Emission to air/unspecified,kg,elementary,,,
1914,false,c20aed18-4490-4a58-af72-71bdf0f70954,Decane,Elementary flows/Emission to soil/industrial,kg,elementary,,,
1915,true,60b25e78-1d4f-39f3-9894-2338422a0351,Iridium,Elementary flows/Resource/unspecified,kg,elementary,,,
1916,false,08a91e70-3ddc-11dd-9686-0050c2490048,Anthracene,Elementary flows/Emission to water/ocean,kg,elementary,,,
1917,false,f81426cd-fb74-4265-bffc-c97566623bf5,Dicamba,Elementary flows/Emission to air/unspecified,kg,elementary,,,
1918,false,34698efa-71c8-4fec-9a43-6529f45887ac,Diethylamine,Elementary flows/Emission to air/unspecified,kg,elementary,,,
1919,false,28b4d99e-6111-4ef9-8c34-10f94fff9309,Uranium-234,Elementary flows/Emission to water/ocean,kBq,elementary,,,
1920,false,7f063256-36d5-4558-a640-5b2cc1f85cb7,Dimethenamid,Elementary flows/Emission to water/fresh water,kg,elementary,,,
1921,false,557280c6-27c2-40a2-84ab-a98d2660ad91,Sulfate,Elementary flows/Emission to soil/industrial,kg,elementary,,,
1922,false,08a91e70-3ddc-11dd-97d8-0050c2490048,Arsenic trioxide,Elementary flows/Emission to air/unspecified,kg,elementary,,,
1923,false,90bda18e-57be-4070-a385-50b4c1c95ce6,Benzo(k)fluoranthene,Elementary flows/Emission to water/fresh water,kg,elementary,,,
1924,false,0267272f-ea07-498a-9723-43583f115b46,Protactinium-234,Elementary flows/Emission to air/unspecified,kBq,elementary,,,
1925,false,d7606d42-844f-49ea-bed6-c67733bc04f4,Plutonium-alpha,Elementary flows/Emission to water/fresh water,kBq,elementary,,,
1926,true,1b8d1b12-8538-11e0-9d78-0800200c9a66,Nitrogen,Elementary flows/Resource/in air,kg,elementary,,,
1927,false,0125d40c-b7e8-4f98-a5ac-09115efeb568,Hydrocyanic acid,Elementary flows/Emission to air/unspecified,kg,elementary,,,
1928,true,384e875d-2237-4d74-8f62-6b04173f656b,Peat,Elementary flows/Resource/in ground,kg,elementary,,,
1929,false,486ac967-6912-47ad-bd97-ee5774ae940e,Methomyl,Elementary flows/Emission to air/unspecified,kg,elementary,,,
1930,false,6d68481c-c667-4cda-b7c0-36b31872a93e,Benzo(a)anthracene,Elementary flows/Emission to water/fresh water,kg,elementary,,,
1931,false,29d1b020-c34b-4252-beb1-83796ef5e187,Curium alpha,Elementary flows/Emission to water/fresh water,kBq,elementary,,,
1932,false,82704d17-f5dc-43af-9693-45479450755b,"Phenol, pentachloro-",Elementary flows/Emission to water/fresh water,kg,elementary,,,
1933,false,4d9a8790-3ddd-11dd-94a9-0050c2490048,Benzo(k)fluoranthene,Elementary flows/Emission to water/ocean,kg,elementary,,,
1934,false,8000fc7d-edfe-4970-9224-a4c05281d46b,Scandium,Elementary flows/Emission to air/unspecified,kg,elementary,,,
1935,false,4d9a8790-3ddd-11dd-94a1-0050c2490048,Benzo(k)fluoranthene,Elementary flows/Emission to air/unspecified,kg,elementary,,,
1936,false,10555050-586c-46b7-848e-9d90324d104b,Silicon tetrafluoride,Elementary flows/Emission to air/unspecified,kg,elementary,,,
1937,false,a7af86a7-9b67-45b7-ad3d-dede0adb9d15,Mancozeb,Elementary flows/Emission to water/fresh water,kg,elementary,,,
1938,false,56d00bcd-9da1-4486-bfe6-10dc0f1d4575,Dimethylamine,Elementary flows/Emission to air/unspecified,kg,elementary,,,
1939,false,8f62b772-7c20-4b8f-9bf8-5c02509a45a2,Hexane,Elementary flows/Emission to water/ocean,kg,elementary,,,
1940,true,47262180-8308-5d4c-9332-c77617e032ef,Antimony,Elementary flows/Resource/in ground,kg,elementary,,,
1941,false,262cc485-4e2d-44af-bb1a-c52868186d0b,Butyl acetate,Elementary flows/Emission to air/unspecified,kg,elementary,,,
1942,true,a6f520ba-97fe-411f-9a62-3338195595ee,Basalt,Elementary flows/Resource/in air,kg,elementary,,,
1943,false,fe0acd60-3ddc-11dd-aaaa-0050c2490048,Hydrogen bromide,Elementary flows/Emission to air/unspecified,kg,elementary,,,
1944,false,e794472e-5ee2-4f30-8522-deadba411a79,Atrazine,Elementary flows/Emission to air/unspecified,kg,elementary,,,
1945,false,1dc23713-5d50-3df2-9d1e-7701fa59fa39,N-octane,Elementary flows/Emission to air/unspecified,kg,elementary,,,
1946,false,fe0acd60-3ddc-11dd-a7b9-0050c2490048,Chrysene,Elementary flows/Emission to water/ocean,kg,elementary,,,
1947,false,02d18acf-ec93-467e-a467-cfb4452fb55b,Cresol,Elementary flows/Emission to water/fresh water,kg,elementary,,,
1948,false,fe0acd60-3ddc-11dd-9fcf-0050c2490048,Caprolactam,Elementary flows/Emission to air/unspecified,kg,elementary,,,
1949,true,08a91e70-3ddc-11dd-97ec-0050c2490048,Calcium chloride,Elementary flows/Resource/in ground,kg,elementary,,,
1950,false,fe0acd60-3ddc-11dd-a95a-0050c2490048,Hydrogen iodide,Elementary flows/Emission to air/unspecified,kg,elementary,,,
1951,false,7672267f-4541-4c9a-9ca0-ec2f41b95cbc,Beryllium II,Elementary flows/Emission to water/ocean,kg,elementary,,,
1952,false,56a24912-2d66-4124-87d8-f760c2fe3973,Selenium IV,Elementary flows/Emission to soil/industrial,kg,elementary,,,
1953,false,55bf893f-0d89-429c-be59-2f99b33ddb11,Calcium II,Elementary flows/Emission to water/ocean,kg,elementary,,,
1954,false,312aaf26-d20f-4cb3-a556-e1ef03b10ab5,Mancozeb,Elementary flows/Emission to air/unspecified,kg,elementary,,,
1955,true,4c8b42bd-8911-49ab-b937-f3679759cca6,Basalt,Elementary flows/Resource/biotic,kg,elementary,,,
1956,true,041fab30-6556-11dd-ad8b-0800200c9a66,Platinum,Elementary flows/Resource/in ground,kg,elementary,,,
1957,false,9cf5cb40-6129-4fed-8fed-23026538289f,Acetochlor,Elementary flows/Emission to water/fresh water,kg,elementary,,,
1958,false,d2d7723b-a37f-4491-9406-c32a87d50f56,Benomyl,Elementary flows/Emission to air/unspecified,kg,elementary,,,
1959,false,08a91e70-3ddc-11dd-9473-0050c2490048,Hexamethylene diamine,Elementary flows/Emission to air/unspecified,kg,elementary,,,
1960,false,e79e03c3-5b19-45f6-b3f3-bf710c6663d2,Nitrogen fluoride,Elementary flows/Emission to air/unspecified,kg,elementary,,,
1961,false,898c1c27-5cc0-4713-89f6-1ab864aadc44,Thorium-234,Elementary flows/Emission to air/unspecified,kBq,elementary,,,
1962,true,fe0acd60-3ddc-11dd-aaa4-0050c2490048,Air,Elementary flows/Resource/in air,kg,elementary,,,
1963,false,2ae53816-d258-4a14-83a6-ca8454eb361e,Hydrogen fluoride,Elementary flows/Emission to water/fresh water,kg,elementary,,,
1964,false,2941714a-58f7-382e-be56-51d6e5cb4af0,Propylene glycol methyl ether acetate,Elementary flows/Emission to air/unspecified,kg,elementary,,,
1965,false,165aaeac-93d1-4afd-adf2-e3d6c0eaf629,Cyclohexane,Elementary flows/Emission to air/unspecified,kg,elementary,,,
1966,false,18452b50-8c57-41d2-bbdd-37996c455771,Acetic acid,Elementary flows/Emission to water/ocean,kg,elementary,,,
1967,false,1a3cb020-8e07-4ab4-8352-b215227eede0,Ruthenium-106,Elementary flows/Emission to water/fresh water,kBq,elementary,,,
1968,false,f2257f56-3ca5-41a9-b1e8-da1e18d43738,"Ethane, 1,2-dibromo-",Elementary flows/Emission to water/fresh water,kg,elementary,,,
1969,false,1ec50b9b-a7c3-4c2a-ac48-91600c498507,Anthracene,Elementary flows/Emission to water/fresh water,kg,elementary,,,
1970,true,c3ae56cd-b714-330e-a5f5-bfba53fd3b06,"Energy, from hydro power",Elementary flows/Resource/in water,MJ,elementary,,,
1971,false,2cbfe861-7436-4a43-8892-f057320dc57d,Xenon-138,Elementary flows/Emission to air/unspecified,kBq,elementary,,,
1972,false,02d76658-26bd-4b75-b52e-f1db3139d7a4,Nitrate,Elementary flows/Emission to soil/industrial,kg,elementary,,,
1973,false,d54e12bc-09e2-4e50-9371-78b3f407244f,Terbufos,Elementary flows/Emission to water/fresh water,kg,elementary,,,
1974,false,61959a56-e6c3-4f90-951d-a64be86964d6,Chlorine,Elementary flows/Emission to soil/industrial,kg,elementary,,,
1975,false,7906d330-8adb-4fc9-9266-24139fdda106,Alachlor,Elementary flows/Emission to water/fresh water,kg,elementary,,,
1976,true,00143719-33a7-5738-aa1b-131f97b4fef3,Silicon,Elementary flows/Resource/in ground,kg,elementary,,,
1977,false,a38a4244-89cf-4fad-b6bc-26699f205042,Decane,Elementary flows/Emission to water/fresh water,kg,elementary,,,
1978,false,63e7d747-8549-11e0-9d78-0800200c9a66,Fluoride,Elementary flows/Emission to air/unspecified,kg,elementary,,,
1979,false,cfd2030e-0fb3-4946-8a0b-9d1667aceb77,Anthracene,Elementary flows/Emission to air/unspecified,kg,elementary,,,
1980,false,b3ac5da9-ea25-34da-b1ac-a6b9adc9c9d6,Methyl mercaptan,Elementary flows/Emission to air/unspecified,kg,elementary,,,
1981,false,c0246545-bda6-4d9e-ba74-307f3c1d2157,Glyphosate,Elementary flows/Emission to air/unspecified,kg,elementary,,,
1982,false,fe0acd60-3ddc-11dd-a9e5-0050c2490048,Naphthalene,Elementary flows/Emission to water/ocean,kg,elementary,,,
1983,false,0d9f1f58-e5b6-4387-a22e-ae28c4ccfc6a,"Ethane, 1,1,2-trifluoro-, HFC-143",Elementary flows/Emission to air/unspecified,kg,elementary,,,
1984,false,49e82a9e-331a-45e1-8a86-ff1526045fc8,"Benzo(g,h,i)perylene",Elementary flows/Emission to air/unspecified,kg,elementary,,,
1985,true,c9c4b80a-73dd-415a-92fb-f877595651c1,Vanadium,Elementary flows/Resource/in ground,kg,elementary,,,
1986,false,6b6cefe7-2af4-4a03-a08a-cbc8bbbcb33b,"Indeno(1,2,3-cd)pyrene",Elementary flows/Emission to air/unspecified,kg,elementary,,,
1987,false,e6183e67-e45e-4d8d-a9ec-85ba8d7d1600,Xenon-131m,Elementary flows/Emission to air/unspecified,kBq,elementary,,,
1988,false,05595ddf-01ce-49dc-8854-eeb419b7d4c3,Fluoranthene,Elementary flows/Emission to water/fresh water,kg,elementary,,,
1989,false,e7edd471-6c72-42b0-8c2b-8dc9f1959c63,Argon-41,Elementary flows/Emission to air/unspecified,kBq,elementary,,,
1990,false,29066274-6556-11dd-ad8b-0800200c9a66,"Acidity, unspecified",Elementary flows/Emission to air/unspecified,kg,elementary,,,
1991,false,eb3a772f-958c-4b2e-8d0c-68d98459f70f,Naphthalene,Elementary flows/Emission to water/fresh water,kg,elementary,,,
1992,false,df5f3f08-b71d-4816-b861-59604c1e6f11,Carbon-14,Elementary flows/Emission to water/ocean,kBq,elementary,,,
1993,false,fe0acd60-3ddc-11dd-9f5a-0050c2490048,Lead dioxide,Elementary flows/Emission to air/unspecified,kg,elementary,,,
1994,true,ff590d5c-8e87-3d10-8e3d-b0c4d68568fc,"Wood, unspecified, standing/kg",Elementary flows/Resource/unspecified,kg,elementary,,,
1995,false,91a4d977-09e4-4994-acce-8b32ee98d565,Tetrachloroethylene,Elementary flows/Emission to water/fresh water,kg,elementary,,,
1996,false,b49df340-eefd-49af-9094-4a7ba44029dd,Dimethenamid,Elementary flows/Emission to air/unspecified,kg,elementary,,,
1997,false,43c4c6d3-a138-4ca5-bef9-e50fa133a333,Fipronil,Elementary flows/Emission to air/unspecified,kg,elementary,,,
1998,false,3f719ae6-5061-4d79-8b41-c71894928140,"Propane, 1,2-dichloro-",Elementary flows/Emission to water/fresh water,kg,elementary,,,
1999,false,9f2d488e-c37a-4507-86c3-0b35f628ca30,Hydrochloric acid,Elementary flows/Emission to water/fresh water,kg,elementary,,,
2000,false,0d25326e-2335-4a06-8ecb-d161f02adccf,"Benzene, 1,2,4-trimethyl-",Elementary flows/Emission to air/unspecified,kg,elementary,,,
2001,false,08a91e70-3ddc-11dd-91ae-0050c2490048,Acrylonitrile,Elementary flows/Emission to air/unspecified,kg,elementary,,,
2002,false,580aa85d-e40c-4509-8d97-4955f0df1971,M-CRESOL,Elementary flows/Emission to air/unspecified,kg,elementary,,,
2003,false,52e025e9-aa34-4157-9e19-10b8205974da,Chrysene,Elementary flows/Emission to air/unspecified,kg,elementary,,,
2004,false,e5cf113b-af17-4b49-a15a-105b94f49096,Terbufos,Elementary flows/Emission to air/unspecified,kg,elementary,,,
2005,false,0b7e10a8-6ca0-4a50-a39b-f2a019cb3610,Nitrogen dioxide,Elementary flows/Emission to air/unspecified,kg,elementary,,,
2006,false,c701f32d-24aa-4929-a52e-fb45e8d1a143,Tin oxide,Elementary flows/Emission to air/unspecified,kg,elementary,,,
2007,false,4d9a8790-3ddd-11dd-8f56-0050c2490048,Cresol,Elementary flows/Emission to water/ocean,kg,elementary,,,
2008,false,4d9a8790-3ddd-11dd-9448-0050c2490048,Zinc oxide,Elementary flows/Emission to air/unspecified,kg,elementary,,,
2009,false,08a91e70-3ddc-11dd-980c-0050c2490048,Decane,Elementary flows/Emission to water/ocean,kg,elementary,,,
2010,false,7d1fe6d6-5635-314e-8559-ba9b7f41691e,"Propane, 1,1,1,3,3-pentafluoro-, HFC-245fa",Elementary flows/Emission to air/unspecified,kg,elementary,,,
2011,false,15480380-fe67-4936-bac4-6d18f973b7e3,Glyphosate,Elementary flows/Emission to water/fresh water,kg,elementary,,,
2012,false,25caf528-ad96-4bed-b053-b232cf93afcd,Fluoranthene,Elementary flows/Emission to air/unspecified,kg,elementary,,,
2013,false,0f54a3c3-f4fc-421a-8e5d-e2c207fce5d0,(Aminooxy)(hydroxy)sulfane dioxide,Elementary flows/Emission to soil/industrial,kg,elementary,,,
2014,false,edf1afb4-95cd-4482-b00d-6c814e08c807,Acetochlor,Elementary flows/Emission to air/unspecified,kg,elementary,,,
2015,false,8cd82962-d90f-409a-b3c1-961d5365d338,Antimony-124,Elementary flows/Emission to air/unspecified,kBq,elementary,,,
2016,false,cba1e93e-9729-3fdc-9ad9-9275da061a8c,Hydrogen cyanide,Elementary flows/Emission to water/river,kg,elementary,,,
2017,false,63e7b031-8549-11e0-9d78-0800200c9a66,Chloride,Elementary flows/Emission to air/unspecified,kg,elementary,,,
2018,false,dd03814e-c0f1-4953-b685-760c7e85272a,Fluorine,Elementary flows/Emission to water/fresh water,kg,elementary,,,
2019,false,d134df3d-b37d-4c58-9913-b1653cdca3cc,Ruthenium-106,Elementary flows/Emission to water/ocean,kBq,elementary,,,
2020,false,fe0acd60-3ddc-11dd-a5e3-0050c2490048,Fluoranthene,Elementary flows/Emission to water/ocean,kg,elementary,,,
2021,false,75deed5b-c78a-33e5-b4c3-f5850f833ac1,Arsenic V,Elementary flows/Emission to soil/industrial,kg,elementary,,,
2022,false,c4147102-fe11-3857-a3a4-f063f92bd8fd,"Water, FI",Elementary flows/Emission to air/unspecified,kg,elementary,,,
2023,true,5f9e8551-455c-393e-86c9-27683f6d9d5f,"Water, unspecified natural origin, ES",Elementary flows/Resource/in water,m3,elementary,,,
2024,false,bc96b205-2ac3-356c-9348-3d9180e6f7e7,"Water, ES",Elementary flows/Emission to water/unspecified,m3,elementary,,,
2025,true,0442b465-5c0f-4ca3-835f-35c71d84cf84,"Water, unspecified natural origin, IN",Elementary flows/Resource/in water,m3,elementary,,,
2026,false,a3e87835-8723-3005-b2a3-4a5fe2da48ff,"Water, IN",Elementary flows/Emission to water/unspecified,m3,elementary,,,
2027,false,1a3a3a87-cd57-3f58-b363-1e40a8326edc,"Water, GB",Elementary flows/Emission to water/unspecified,m3,elementary,,,
2028,true,191319b7-f72f-3f3a-b2cd-56ea835f9c35,"Water, unspecified natural origin, GB",Elementary flows/Resource/in water,m3,elementary,,,
2029,false,ffbe8447-6d78-46dd-8378-47019a82ce82,Thorium-232,Elementary flows/Emission to water/ground water,kBq,elementary,,,
2030,false,7120eec5-cf9a-4c69-83f2-f1a58813754c,Clomazone,Elementary flows/Emission to soil/agricultural,kg,elementary,,,
2031,false,82f5987e-39bf-4055-8f4e-ea3a1882306f,Fluazifop-P-butyl,Elementary flows/Emission to soil/agricultural,kg,elementary,,,
2032,false,89dd5dfb-aa72-4c48-aaf7-b0aa16497029,Metazachlor,Elementary flows/Emission to soil/agricultural,kg,elementary,,,
2033,false,89107893-d6a6-4b60-b17e-7f4542461dfd,Propaquizafop,Elementary flows/Emission to soil/agricultural,kg,elementary,,,
2034,false,37b1a5b2-9b3b-4966-a979-084cf2091128,Vinyl acetate,Elementary flows/Emission to water/unspecified,kg,elementary,,,
2035,false,df56b189-6a5d-4d91-a378-4e5ba1e53dff,"1,1,2,2-Tetrachloroethane",Elementary flows/Emission to air/unspecified,kg,elementary,,,
2036,false,63e7d757-8549-11e0-9d78-0800200c9a66,"Methane, monochloro-, R-40",Elementary flows/Emission to water/unspecified,kg,elementary,,,
2037,true,1b018235-eee1-3b86-a629-ef018e1c4799,"Water, cooling, unspecified natural origin, RER",Elementary flows/Resource/in ground,m3,elementary,,,
2038,false,b652defd-aeb8-3c52-a76d-08f7bc13e6df,"Water, GQ",Elementary flows/Emission to water/unspecified,m3,elementary,,,
2039,true,d9678224-9f7d-3cc6-a6da-7723994ac6c1,"Water, unspecified natural origin, GQ",Elementary flows/Resource/in water,m3,elementary,,,
2040,false,8891ed74-b2ee-3687-b496-163193629141,"Water, NZ",Elementary flows/Emission to water/unspecified,m3,elementary,,,
2041,true,b2560e1a-b327-3887-9eb7-8c146019ba58,"Water, unspecified natural origin, NZ",Elementary flows/Resource/in water,m3,elementary,,,
2042,false,0efc358d-6450-378f-99e8-f67904d41256,"Water, NL",Elementary flows/Emission to air/unspecified,kg,elementary,,,
2043,false,b5963477-68d7-39b7-b3c4-8848ef7b3f26,"Water, TR",Elementary flows/Emission to water/unspecified,m3,elementary,,,
2044,true,e8e6e8f7-373e-3381-b6cf-bb6d4ddb2d76,"Water, unspecified natural origin, TR",Elementary flows/Resource/in water,m3,elementary,,,
2045,false,c3c955b6-ea7d-32a8-ac85-a278f947d1ff,"Water, VE",Elementary flows/Emission to water/unspecified,m3,elementary,,,
2046,true,662a32d3-d2cf-3073-be37-a6f7c43697b7,"Water, unspecified natural origin, VE",Elementary flows/Resource/in water,m3,elementary,,,
2047,false,85ac64f9-3ad8-3c36-8f73-2507d0400a8f,"Water, RO",Elementary flows/Emission to water/unspecified,m3,elementary,,,
2048,true,1ba56136-54c1-3840-ab0c-34f1e333412c,"Water, unspecified natural origin, RO",Elementary flows/Resource/in water,m3,elementary,,,
2049,true,e4521dfd-1897-3ab4-a281-b8de776efeb4,"Water, process, unspecified natural origin/kg",Elementary flows/Resource/land,kg,elementary,,,
2050,false,66fb27c2-c0e3-3eb5-be52-06e5749edcba,"Water, IE",Elementary flows/Emission to water/unspecified,m3,elementary,,,
2051,true,a14b80e7-0349-387a-bdf9-14b4e3175ab7,"Water, unspecified natural origin, IE",Elementary flows/Resource/in water,m3,elementary,,,
2052,false,731adefc-57d1-301d-b4a1-d6bba3cd85f9,"Water, RU",Elementary flows/Emission to water/unspecified,m3,elementary,,,
2053,true,13aaabea-44e4-3313-a5ef-f659583457c8,"Water, unspecified natural origin, RU",Elementary flows/Resource/in water,m3,elementary,,,
2054,false,16addd86-288b-419a-8217-75e4197c5f9d,Phosphorus trichloride,Elementary flows/Emission to air/high population density,kg,elementary,,,
2055,false,996ac4d2-6dd8-31f5-a8fa-fb6e3dc8e8a2,"Water, OM",Elementary flows/Emission to water/unspecified,m3,elementary,,,
2056,true,4860998f-d904-455d-96a9-f67462d00c8b,"Water, unspecified natural origin, OM",Elementary flows/Resource/in water,m3,elementary,,,
2057,false,8b4f0e68-38d5-4bee-b647-680d3a117560,Rimsulfuron,Elementary flows/Emission to soil/agricultural,kg,elementary,,,
2058,false,ba7aa999-1469-4e78-8c27-41b08e77af47,Tebupirimfos,Elementary flows/Emission to soil/unspecified,kg,elementary,,,
2059,false,b7cd268b-1b52-45f1-91fe-cd51bf59d21d,Fipronil,Elementary flows/Emission to soil/agricultural,kg,elementary,,,
2060,false,273b51ae-dcc4-45c6-b8da-f6ba0313edf8,Tefluthrin,Elementary flows/Emission to soil/agricultural,kg,elementary,,,
2061,false,e24da787-41ae-4aa3-b13b-36862b5fd10e,Bromoxynil,Elementary flows/Emission to soil/agricultural,kg,elementary,,,
2062,false,44b7826f-6f4c-44f3-81eb-ad3426073fae,Dicamba,Elementary flows/Emission to soil/agricultural,kg,elementary,,,
2063,false,04cd03b8-8206-4d3a-a910-59ffc0550c2c,Prosulfuron,Elementary flows/Emission to soil/agricultural,kg,elementary,,,
2064,false,f2efe6b2-21ae-4ed0-aacf-2a6d41d8e801,Bifenthrin,Elementary flows/Emission to soil/agricultural,kg,elementary,,,
2065,false,92ee2fc1-238c-465d-9887-418af42db9c7,Acetochlor,Elementary flows/Emission to soil/agricultural,kg,elementary,,,
2066,false,90f7c1f9-e57e-4806-a154-5be9a6e1ac2e,Isoxaflutole,Elementary flows/Emission to soil/agricultural,kg,elementary,,,
2067,false,f809b5e9-ed1b-4117-8bc7-9acf883ec7f5,Alachlor,Elementary flows/Emission to soil/agricultural,kg,elementary,,,
2068,false,cc667a3d-e88b-42f7-b265-461b7d66837f,Diflufenzopyr-sodium,Elementary flows/Emission to soil/agricultural,kg,elementary,,,
2069,false,15057e97-7b47-405e-8222-6ed5cf4e0087,Terbufos,Elementary flows/Emission to soil/agricultural,kg,elementary,,,
2070,false,3bf44c34-e91e-449a-878c-9a6e8220cb63,Imazethapyr,Elementary flows/Emission to soil/agricultural,kg,elementary,,,
2071,false,504672ba-784f-4c87-bf3e-ede17992e4a2,Nicosulfuron,Elementary flows/Emission to soil/agricultural,kg,elementary,,,
2072,false,a72e7983-329f-4fb7-9b05-77efe97717e4,Imazapyr,Elementary flows/Emission to soil/agricultural,kg,elementary,,,
2073,false,71525276-3417-4d4b-9af8-0baa265de4a2,Dimethenamide,Elementary flows/Emission to soil/agricultural,kg,elementary,,,
2074,true,2f931a4c-85e7-32a2-ae1c-5f2ed70f579c,"Occupation, annual crop",Elementary flows/Resource/land,m2*a,elementary,,,
2075,false,b11d2f9f-1fee-49ca-aef6-de238b8f98c9,Foramsulfuron,Elementary flows/Emission to soil/agricultural,kg,elementary,,,
2076,false,35ec8817-55b9-4fdc-badb-8470fa7ebc8e,Cyfluthrin,Elementary flows/Emission to soil/agricultural,kg,elementary,,,
2077,false,e401b1cf-f424-4837-a5f0-410514498b58,Flumetsulam,Elementary flows/Emission to soil/agricultural,kg,elementary,,,
2078,false,8b1020ea-0714-40df-8ea9-450e26963a43,Mesotrione,Elementary flows/Emission to soil/agricultural,kg,elementary,,,
2079,false,e170546d-a672-4840-bd7a-1c7f8b627286,Paraquat,Elementary flows/Emission to soil/agricultural,kg,elementary,,,
2080,false,5da998ca-223d-47bb-a516-2ee8c9bf6f2c,Permethrin,Elementary flows/Emission to soil/agricultural,kg,elementary,,,
2081,false,b7a0a14a-b0b2-4aeb-923f-5c2ec1251dd5,Glufosinate,Elementary flows/Emission to soil/agricultural,kg,elementary,,,
2082,false,3ac07adf-7b44-46f7-9470-b7b1bf0ba961,Simazine,Elementary flows/Emission to soil/agricultural,kg,elementary,,,
2083,false,b1fedd38-0f13-4baa-a6e9-ccc453e5b2f5,Primisulfuron,Elementary flows/Emission to soil/agricultural,kg,elementary,,,
2084,false,eb23cf3a-b866-458d-94b3-9aee4145fcc9,Acetamide,Elementary flows/Emission to soil/agricultural,kg,elementary,,,
2085,false,736923cd-6eb7-4896-98f8-46951d56da97,Chlorpyrifos,Elementary flows/Emission to soil/agricultural,kg,elementary,,,
2086,false,6f520895-d257-3a69-ac4d-2ea3adb6645c,"Water, HR",Elementary flows/Emission to air/unspecified,kg,elementary,,,
2087,false,1c4a106a-53bc-40f5-bcae-d30ab191dbfe,"1,1-Difluoroethane",Elementary flows/Emission to air/low population density,kg,elementary,,,
2088,true,ccb94b1f-82c6-36a8-beab-23780c7aef13,"Water, unspecified natural origin, KZ",Elementary flows/Resource/in water,m3,elementary,,,
2089,false,7b56eb77-cb09-3c2a-a307-ec63f90a3da2,"Water, KZ",Elementary flows/Emission to water/unspecified,m3,elementary,,,
2090,false,c87a653e-d6c6-3475-be9c-4a5466767cf7,"Water, CS",Elementary flows/Emission to air/unspecified,kg,elementary,,,
2091,false,d80d764d-6a49-3688-b1fd-65e0b1501be4,"Water, IL",Elementary flows/Emission to air/unspecified,kg,elementary,,,
2092,false,6570b202-29b7-4525-ab23-c56f1913903d,Silver I,"Elementary flows/Emission to water/river, long-term",kg,elementary,,,
2093,true,51ed3016-26da-36b0-a45b-99d18c196ad8,"Water, unspecified natural origin, UZ",Elementary flows/Resource/in water,m3,elementary,,,
2094,false,5f9c4967-a877-3264-bf3c-e8abf414d2f2,"Water, UZ",Elementary flows/Emission to water/unspecified,m3,elementary,,,
2095,false,69da88e0-7fb1-4223-bb2d-b6e86e2af891,Endosulfan,Elementary flows/Emission to soil/agricultural,kg,elementary,,,
2096,false,b918120c-5dd9-4a28-86ee-9b05a42bdd01,Diflubenzuron,Elementary flows/Emission to soil/agricultural,kg,elementary,,,
2097,false,33456751-d78b-465d-8635-52d71e77cf54,Monocrotophos,Elementary flows/Emission to soil/agricultural,kg,elementary,,,
2098,false,1410e5b4-1e67-3cb8-b9b6-b277d1897d48,"Water, QA",Elementary flows/Emission to water/unspecified,m3,elementary,,,
2099,true,da1212dd-fcbc-4dbc-879d-870a8bfc175b,"Water, unspecified natural origin, QA",Elementary flows/Resource/in water,m3,elementary,,,
2100,true,9c902cbf-7ad2-316b-9741-ca1886b12582,"Water, unspecified natural origin, FI",Elementary flows/Resource/in water,m3,elementary,,,
2101,false,b9fd18fc-2ee5-36f7-b739-440e831d3477,"Water, FI",Elementary flows/Emission to water/unspecified,m3,elementary,,,
2102,false,07cc7464-738b-378f-a832-7a50a0bf9963,"Water, TR",Elementary flows/Emission to air/unspecified,kg,elementary,,,
2103,true,b1ce6081-bd7a-3a6b-93ac-db263d62a141,"Water, unspecified natural origin, CL",Elementary flows/Resource/in water,m3,elementary,,,
2104,false,9b709486-884f-3e43-8acd-28289ca79b0e,"Water, CL",Elementary flows/Emission to water/unspecified,m3,elementary,,,
2105,true,c1da8827-6e4a-3fbd-a3aa-756507cb6c2b,"Water, unspecified natural origin, TH",Elementary flows/Resource/in water,m3,elementary,,,
2106,false,c302a479-f891-39b1-acc1-785af3498ed1,"Water, TH",Elementary flows/Emission to water/unspecified,m3,elementary,,,
2107,false,331785e5-d4e6-3d59-aab4-523c3335c226,"Water, DK",Elementary flows/Emission to air/unspecified,kg,elementary,,,
2108,false,7ae398c3-8532-11e0-9d78-0800200c9a66,"Particulates, unspecified",Elementary flows/Emission to air/unspecified,kg,elementary,,,
2109,false,44c1c65e-d7ac-3836-bdee-c186cd62c244,"Water, CO",Elementary flows/Emission to water/unspecified,m3,elementary,,,
2110,true,744c9feb-f213-37a3-b059-d02c95079634,"Water, unspecified natural origin, CO",Elementary flows/Resource/in water,m3,elementary,,,
2111,true,1f336260-3f58-3bde-9a62-471222d9248d,"Water, unspecified natural origin, CZ",Elementary flows/Resource/in water,m3,elementary,,,
2112,false,4b252136-e335-394e-8339-d016b00b3af7,"Water, CZ",Elementary flows/Emission to water/unspecified,m3,elementary,,,
2113,false,18fb2184-d78e-467f-9eac-116bd534739f,"Pesticides, unspecified",Elementary flows/Emission to soil/agricultural,kg,elementary,,,
2114,false,a2f886e3-8db8-4bce-bedf-b2004b4cc558,Ethofumesate,Elementary flows/Emission to soil/agricultural,kg,elementary,,,
2115,false,50fb73f7-935a-4cf8-81a0-ff3ca0ea35f9,Phenmedipham,Elementary flows/Emission to soil/agricultural,kg,elementary,,,
2116,false,2b6c2cee-deb2-49f1-a552-a666a41fc14e,"Fungicides, unspecified",Elementary flows/Emission to soil/agricultural,kg,elementary,,,
2117,false,fbebc389-bce6-4540-8869-50076139f370,Metamitron,Elementary flows/Emission to soil/agricultural,kg,elementary,,,
2118,false,086bf8b7-9cea-48d4-9624-c07a9ba609e8,Elemental carbon,Elementary flows/Emission to air/high population density,kg,elementary,,,
